path	git_blob_sha	size	file_class	review_method	review_status	finding_reference
.directory	b7d05f699a465c5aaa0699fd2352bc764e54319f	84	historical-lineage	historical-report consistency review	reviewed-finding	root README.md marks historical, unread by products; F5-N2: KDE folder-settings file tracked since 5ca774e; carries a developer-local absolute path into the candidate source archive
LC language structure tree.txt	7b04534fc9aaa80c35ad7d16827d76b8d3463160	721	historical-lineage	historical-report consistency review	reviewed-pass	root README.md marks historical, unread by products
LCL_Core_0_1_Final/00_RELEASE/01_RELEASE_STATUS_AND_BOUNDARY.txt	cb7f48b9c6253723524ee301def166075b935048	1095	historical-lineage	historical-report consistency review	reviewed-pass	root README.md marks historical, unread by products
LCL_Core_0_1_Final/00_RELEASE/02_NORMATIVE_AUTHORITY_ORDER.txt	aa517e5df3b6f6c9d29a43607f5ed17b6d8fe859	754	historical-lineage	historical-report consistency review	reviewed-pass	root README.md marks historical, unread by products
LCL_Core_0_1_Final/00_RELEASE/03_COMPLETENESS_CRITERIA.txt	59dc8e92d634667c1b2936ef3cd42564aaeb3c80	965	historical-lineage	historical-report consistency review	reviewed-pass	root README.md marks historical, unread by products
LCL_Core_0_1_Final/00_RELEASE/04_CHANGE_CONTROL.txt	d5413005d954c82ca3467d7b2ffab7fa7798ed98	387	historical-lineage	historical-report consistency review	reviewed-pass	root README.md marks historical, unread by products
LCL_Core_0_1_Final/01_FOUNDATION/01_PURPOSE_AND_TERMINOLOGY.txt	e2edabf4f74756fa104c04c796e64165f53871c6	857	historical-lineage	historical-report consistency review	reviewed-pass	root README.md marks historical, unread by products
LCL_Core_0_1_Final/01_FOUNDATION/02_DESIGN_PRINCIPLES.txt	33659102c2ba6e18830fa64d01cc27a17123b126	783	historical-lineage	historical-report consistency review	reviewed-pass	root README.md marks historical, unread by products
LCL_Core_0_1_Final/01_FOUNDATION/03_NORMATIVE_PROCESSING_MODEL.txt	2c1a2dc59bdc92ce190a2151602406a27c2624a7	1091	historical-lineage	historical-report consistency review	reviewed-pass	root README.md marks historical, unread by products
LCL_Core_0_1_Final/01_FOUNDATION/04_DOCUMENT_KINDS_AND_BOUNDARIES.txt	1853a4b7f7b295d5e5c9fa0f63a10b2e26e23c55	610	historical-lineage	historical-report consistency review	reviewed-pass	root README.md marks historical, unread by products
LCL_Core_0_1_Final/01_FOUNDATION/05_NORMATIVE_AND_NON_NORMATIVE_CONTENT.txt	2cc541ee2c7380052a301049bf721c35caa894ae	539	historical-lineage	historical-report consistency review	reviewed-pass	root README.md marks historical, unread by products
LCL_Core_0_1_Final/02_LEXICAL/01_CHARACTER_ENCODING_AND_SOURCE_TEXT.txt	9000d2fd5102b260e67931bb7d85e480c4ad9bc7	748	historical-lineage	historical-report consistency review	reviewed-pass	root README.md marks historical, unread by products
LCL_Core_0_1_Final/02_LEXICAL/02_WHITESPACE_INDENTATION_AND_LINES.txt	c6d3a8d66a7c6441eb737f5f6c36835d43984bf1	782	historical-lineage	historical-report consistency review	reviewed-pass	root README.md marks historical, unread by products
LCL_Core_0_1_Final/02_LEXICAL/03_IDENTIFIERS_NAMESPACES_AND_RESERVED_NAMES.txt	b2c4a96d5fd43c1dda98d2318d869d3a2f686c33	714	historical-lineage	historical-report consistency review	reviewed-pass	root README.md marks historical, unread by products
LCL_Core_0_1_Final/02_LEXICAL/04_RESERVED_WORDS.txt	f92a0409c3c24e2cd7271ad5daa65fa362a533ac	1668	historical-lineage	historical-report consistency review	reviewed-pass	root README.md marks historical, unread by products
LCL_Core_0_1_Final/02_LEXICAL/05_KEYWORD_REFERENCE_A_TO_M.txt	440c839c43d994986fca463ef2397673ae81218b	12618	historical-lineage	historical-report consistency review	reviewed-pass	root README.md marks historical, unread by products
LCL_Core_0_1_Final/02_LEXICAL/06_KEYWORD_REFERENCE_N_TO_Z.txt	cc86335c206cfcdebf3530fb594c5a4447d28c00	9487	historical-lineage	historical-report consistency review	reviewed-pass	root README.md marks historical, unread by products
LCL_Core_0_1_Final/02_LEXICAL/07_LITERALS_AND_ESCAPE_SEQUENCES.txt	be11972b2bf2f61172996585365ec453bbd5fb1f	654	historical-lineage	historical-report consistency review	reviewed-pass	root README.md marks historical, unread by products
LCL_Core_0_1_Final/02_LEXICAL/08_LIST_OBJECT_AND_DATA_LEXICAL_FORM.txt	0551e4ebcc929f20360681edc934181004c3953e	690	historical-lineage	historical-report consistency review	reviewed-pass	root README.md marks historical, unread by products
LCL_Core_0_1_Final/02_LEXICAL/09_ADOPTED_SYMBOLS.txt	2849740fa9cdb6eb502c1d46a33fe59e32ab1532	1339	historical-lineage	historical-report consistency review	reviewed-pass	root README.md marks historical, unread by products
LCL_Core_0_1_Final/02_LEXICAL/10_EXCLUDED_SYMBOLS_AND_NOTATION.txt	2d99e12ec5f69226cd414e21c64578eb9ec3320b	1042	historical-lineage	historical-report consistency review	reviewed-pass	root README.md marks historical, unread by products
LCL_Core_0_1_Final/02_LEXICAL/11_AMBIGUOUS_WORDS_AND_REPLACEMENTS.txt	f42f20abf1dcaad9795089145a7582332252bb0b	1297	historical-lineage	historical-report consistency review	reviewed-pass	root README.md marks historical, unread by products
LCL_Core_0_1_Final/02_LEXICAL/12_COMMENT_DESCRIPTION_EXAMPLE_AND_DATA_BOUNDARIES.txt	d1fd0aa79ba62a60b58eda43c731e76e6828e5f8	554	historical-lineage	historical-report consistency review	reviewed-pass	root README.md marks historical, unread by products
LCL_Core_0_1_Final/03_TYPES_AND_VALUES/01_TYPE_SYSTEM_RULES.txt	e9d2e7999d57ac523e9fdbbe7696d5f1647217e2	583	historical-lineage	historical-report consistency review	reviewed-pass	root README.md marks historical, unread by products
LCL_Core_0_1_Final/03_TYPES_AND_VALUES/02_BUILT_IN_TYPE_REFERENCE.txt	6d2bdcc04b6132c99d9d950fd6d13e1b70b097ab	1219	historical-lineage	historical-report consistency review	reviewed-pass	root README.md marks historical, unread by products
LCL_Core_0_1_Final/03_TYPES_AND_VALUES/03_COLLECTIONS_OBJECTS_ENUMS_AND_EQUALITY.txt	67e5ecd29cb8ee3f958ae535adae22d113a118e6	687	historical-lineage	historical-report consistency review	reviewed-pass	root README.md marks historical, unread by products
LCL_Core_0_1_Final/03_TYPES_AND_VALUES/04_TYPED_CONSTRUCTORS_AND_REFERENCES.txt	e8bd3077094e4ee4a31d256ac83e554cd30f483b	736	historical-lineage	historical-report consistency review	reviewed-pass	root README.md marks historical, unread by products
LCL_Core_0_1_Final/03_TYPES_AND_VALUES/05_CUSTOM_TYPES_SCHEMAS_AND_DEFINITIONS.txt	0d1b31c8ac197c6338a6ac1071863a674609c4d4	695	historical-lineage	historical-report consistency review	reviewed-pass	root README.md marks historical, unread by products
LCL_Core_0_1_Final/03_TYPES_AND_VALUES/06_NUMERIC_ARITHMETIC_COMPARISON_AND_ROUNDING.txt	76cd13d5c450a69a9781689638aeede7f97ba80c	629	historical-lineage	historical-report consistency review	reviewed-pass	root README.md marks historical, unread by products
LCL_Core_0_1_Final/03_TYPES_AND_VALUES/07_FORMATS_ENCODINGS_UNITS_BOUNDS_AND_PATTERNS.txt	3207bdce20cd88788d85f5d88304a474694ff5e8	559	historical-lineage	historical-report consistency review	reviewed-pass	root README.md marks historical, unread by products
LCL_Core_0_1_Final/03_TYPES_AND_VALUES/08_BUILT_IN_FORMATS_ENCODINGS_AND_UNITS.txt	a4f8d0974103f76c6040097c28683108d342042d	2120	historical-lineage	historical-report consistency review	reviewed-pass	root README.md marks historical, unread by products
LCL_Core_0_1_Final/03_TYPES_AND_VALUES/09_MISSING_UNKNOWN_NULL_AND_OPTIONALITY.txt	3528d469a9415d873a15e7dc9dec5ba4c45b9e62	1846	historical-lineage	historical-report consistency review	reviewed-pass	root README.md marks historical, unread by products
LCL_Core_0_1_Final/03_TYPES_AND_VALUES/10_COLLECTION_OBJECT_ENUM_AND_SCHEMA_FORMS.txt	04451f1d4cb43f6579bf6ad6b36830cc6ba7334d	1531	historical-lineage	historical-report consistency review	reviewed-pass	root README.md marks historical, unread by products
LCL_Core_0_1_Final/04_GRAMMAR/01_DOCUMENT_FORM_AND_TOP_LEVEL_ORDER.txt	64cced360e1a6962ebbdbd03c900db101bfa45e1	531	historical-lineage	historical-report consistency review	reviewed-pass	root README.md marks historical, unread by products
LCL_Core_0_1_Final/04_GRAMMAR/02_DECLARATIONS_BLOCKS_FIELDS_AND_NESTING.txt	248aece2f74217fcf5dcde636c7ef6d6c9835ab2	516	historical-lineage	historical-report consistency review	reviewed-pass	root README.md marks historical, unread by products
LCL_Core_0_1_Final/04_GRAMMAR/03_EXPRESSIONS_REFERENCES_PROPERTIES_AND_CALLS.txt	c20132902d3c276fda532d27b32f5988306c8e3c	556	historical-lineage	historical-report consistency review	reviewed-pass	root README.md marks historical, unread by products
LCL_Core_0_1_Final/04_GRAMMAR/04_CONDITIONS_BRANCHES_AND_BOUNDED_ITERATION.txt	e6c8778fa9b61c40c02b0ba799f240ad9342433e	903	historical-lineage	historical-report consistency review	reviewed-pass	root README.md marks historical, unread by products
LCL_Core_0_1_Final/04_GRAMMAR/05_IMPORT_EXTENSION_AND_REFERENCE_FORM.txt	4d298ace25f49bec596751437ad11a1babd6aeb6	422	historical-lineage	historical-report consistency review	reviewed-pass	root README.md marks historical, unread by products
LCL_Core_0_1_Final/04_GRAMMAR/06_TASK_ACTION_PHASE_SEQUENCE_AND_STEP_FORM.txt	748556594a6b060b452199a0d98e73118de36307	610	historical-lineage	historical-report consistency review	reviewed-pass	root README.md marks historical, unread by products
LCL_Core_0_1_Final/04_GRAMMAR/07_RULE_CHECK_OUTPUT_AND_COMPLETION_FORM.txt	d70f916d1c4b2edd0848c3a0c239f0215778a38a	497	historical-lineage	historical-report consistency review	reviewed-pass	root README.md marks historical, unread by products
LCL_Core_0_1_Final/04_GRAMMAR/08_CORE_BLOCK_SCHEMAS_A.txt	670fcd3d523a21caf03623a7788719f23516961a	5579	historical-lineage	historical-report consistency review	reviewed-pass	root README.md marks historical, unread by products
LCL_Core_0_1_Final/04_GRAMMAR/09_CORE_BLOCK_SCHEMAS_B.txt	968715fe2745ca5c53b050d76c06de163d1e9ab5	4847	historical-lineage	historical-report consistency review	reviewed-pass	root README.md marks historical, unread by products
LCL_Core_0_1_Final/04_GRAMMAR/10_COMPLETE_EBNF.ebnf	9d86dff33d0a6dc30648dd1c7bae5e14e362cbfd	7668	historical-lineage	historical-report consistency review	reviewed-pass	root README.md marks historical, unread by products
LCL_Core_0_1_Final/04_GRAMMAR/11_GRAMMAR_SEMANTIC_CONSTRAINTS.txt	bcd10761776cab081a00e654fc263110a62e5e6e	904	historical-lineage	historical-report consistency review	reviewed-pass	root README.md marks historical, unread by products
LCL_Core_0_1_Final/04_GRAMMAR/12_VALUE_ITEM_PROPERTY_SCHEMA_AND_OBJECT_BLOCKS.txt	fcf1803eb287cabd5e24a5af80afb7cb07032cdb	612	historical-lineage	historical-report consistency review	reviewed-pass	root README.md marks historical, unread by products
LCL_Core_0_1_Final/04_GRAMMAR/13_EXACT_FIELD_SIGNATURES.txt	04c4794df24f78db93a9a17666124ddf75d52639	591	historical-lineage	historical-report consistency review	reviewed-pass	root README.md marks historical, unread by products
LCL_Core_0_1_Final/05_SEMANTICS/01_DECLARATION_RESOLUTION_REACHABILITY_AND_EXECUTION_GRAPH.txt	e515006f6e89ac17cee6421a8ec47c8771d901ca	710	historical-lineage	historical-report consistency review	reviewed-pass	root README.md marks historical, unread by products
LCL_Core_0_1_Final/05_SEMANTICS/02_SCOPE_TARGET_WORKSPACE_AND_SOURCE.txt	59344aa427213b50d05889ff82c6c6470454838c	682	historical-lineage	historical-report consistency review	reviewed-pass	root README.md marks historical, unread by products
LCL_Core_0_1_Final/05_SEMANTICS/03_REQUIRE_ALLOW_FORBID_PREFER_PRESERVE_AND_ACTION_AUTHORIZATION.txt	32c7a73e401bdee8bd1ee344df8d58eff3afefeb	794	historical-lineage	historical-report consistency review	reviewed-pass	root README.md marks historical, unread by products
LCL_Core_0_1_Final/05_SEMANTICS/04_AUTHORITY_PRIORITY_OVERRIDE_AND_CONFLICT_RESOLUTION.txt	8b42c3d23b4b5930ff0715a58b6f57c30a4606b6	781	historical-lineage	historical-report consistency review	reviewed-pass	root README.md marks historical, unread by products
LCL_Core_0_1_Final/05_SEMANTICS/05_INPUT_DATA_OUTPUT_RESULT_AND_FORMAT.txt	c16318e243dada9b8f0e9009c68fea63cc7d747c	588	historical-lineage	historical-report consistency review	reviewed-pass	root README.md marks historical, unread by products
LCL_Core_0_1_Final/05_SEMANTICS/06_MISSING_UNKNOWN_NULL_DEFAULT_ASSUME_AND_HANDLER_RESOLUTION.txt	7e96e963d293c1510d911c318fad8cbddbb4d242	704	historical-lineage	historical-report consistency review	reviewed-pass	root README.md marks historical, unread by products
LCL_Core_0_1_Final/05_SEMANTICS/07_CONTEXT_MEMORY_AND_STATE.txt	4b035eb8dc9d46e7e2165f2c0fecdea9e2d5f92f	659	historical-lineage	historical-report consistency review	reviewed-pass	root README.md marks historical, unread by products
LCL_Core_0_1_Final/05_SEMANTICS/08_PHASE_SEQUENCE_STEP_BRANCH_LOOP_RETRY_AND_CONCURRENCY.txt	b75f333ee8711764c1cf052450cc2c007a45470e	715	historical-lineage	historical-report consistency review	reviewed-pass	root README.md marks historical, unread by products
LCL_Core_0_1_Final/05_SEMANTICS/09_VALIDATION_EXECUTION_FAILURE_AND_TERMINATION.txt	e205beceee9e784ea06f241bb5383d84c781a120	683	historical-lineage	historical-report consistency review	reviewed-pass	root README.md marks historical, unread by products
LCL_Core_0_1_Final/05_SEMANTICS/10_VERIFY_TEST_EVIDENCE_SUCCESS_FAILURE_AND_STATUS.txt	9dca115f1433f15dc7308548fcaf407438159d13	721	historical-lineage	historical-report consistency review	reviewed-pass	root README.md marks historical, unread by products
LCL_Core_0_1_Final/05_SEMANTICS/11_DETERMINISM_EQUIVALENCE_AND_INTERPRETER_VARIATION.txt	a4aafdcde573a9a1fba833b196d9c6fdb8ee62ea	602	historical-lineage	historical-report consistency review	reviewed-pass	root README.md marks historical, unread by products
LCL_Core_0_1_Final/05_SEMANTICS/12_OPERATOR_FUNCTION_AND_SPECIAL_VALUE_SEMANTICS.txt	5166073137f5cffe5ecb9eb3d004c2beb48a41d9	722	historical-lineage	historical-report consistency review	reviewed-pass	root README.md marks historical, unread by products
LCL_Core_0_1_Final/06_STANDARD_LIBRARY/01_READ_ONLY_AND_ANALYTICAL_OPERATIONS.txt	33077997efea7774bc8cf35bdb5252066c51f320	1957	historical-lineage	historical-report consistency review	reviewed-pass	root README.md marks historical, unread by products
LCL_Core_0_1_Final/06_STANDARD_LIBRARY/02_MUTATING_AND_EXTERNAL_OPERATIONS.txt	d65f7acb9846000c1b4e5facaf10657e98529452	2996	historical-lineage	historical-report consistency review	reviewed-pass	root README.md marks historical, unread by products
LCL_Core_0_1_Final/06_STANDARD_LIBRARY/03_CONTROL_OPERATIONS.txt	f541bb1f1f7dde92bbafb93c8de92cf8e0476139	797	historical-lineage	historical-report consistency review	reviewed-pass	root README.md marks historical, unread by products
LCL_Core_0_1_Final/06_STANDARD_LIBRARY/04_BUILT_IN_FUNCTIONS.txt	eb091d19d546f459db3b4958e2d8f2d56de3b7fb	640	historical-lineage	historical-report consistency review	reviewed-pass	root README.md marks historical, unread by products
LCL_Core_0_1_Final/06_STANDARD_LIBRARY/05_CORE_STATUS_IDENTIFIERS.txt	1e9de139dcef11edbcc618f816d5c550e4d64e14	325	historical-lineage	historical-report consistency review	reviewed-pass	root README.md marks historical, unread by products
LCL_Core_0_1_Final/06_STANDARD_LIBRARY/06_CORE_ERROR_IDENTIFIERS_PART_1.txt	6985b5308aedcb35aa5d4f8922d56454a861f3af	321	historical-lineage	historical-report consistency review	reviewed-pass	root README.md marks historical, unread by products
LCL_Core_0_1_Final/06_STANDARD_LIBRARY/07_CORE_ERROR_IDENTIFIERS_PART_2.txt	a0e7e68243b8d90e452891de2ed1f53bbd03c73c	500	historical-lineage	historical-report consistency review	reviewed-pass	root README.md marks historical, unread by products
LCL_Core_0_1_Final/06_STANDARD_LIBRARY/08_BUILT_IN_IDENTIFIER_GROUPS.txt	69a0f081261cb414d1adbcd7ee389f039c37365e	839	historical-lineage	historical-report consistency review	reviewed-pass	root README.md marks historical, unread by products
LCL_Core_0_1_Final/06_STANDARD_LIBRARY/09_BUILT_IN_RESOLUTION_RULES.txt	3b2bccf76af725d1b886eb1a85d994b4b837980d	415	historical-lineage	historical-report consistency review	reviewed-pass	root README.md marks historical, unread by products
LCL_Core_0_1_Final/06_STANDARD_LIBRARY/10_CORE_OPERATION_PARAMETER_RULES.txt	630a84ffa98d0640bd01e719f0bb08142a22c4d3	716	historical-lineage	historical-report consistency review	reviewed-pass	root README.md marks historical, unread by products
LCL_Core_0_1_Final/07_VERSIONING_AND_EXTENSIONS/01_LANGUAGE_AND_SPECIFICATION_VERSIONING.txt	bcf4cbcf46526cbb7045debee3bd57eeb64bba4a	601	historical-lineage	historical-report consistency review	reviewed-pass	root README.md marks historical, unread by products
LCL_Core_0_1_Final/07_VERSIONING_AND_EXTENSIONS/02_IMPORT_VERSION_CHECKSUM_AND_NAMESPACE.txt	742ff436e3f6471b81014dee192f8cad116cf789	522	historical-lineage	historical-report consistency review	reviewed-pass	root README.md marks historical, unread by products
LCL_Core_0_1_Final/07_VERSIONING_AND_EXTENSIONS/03_EXTENSION_CONTRACT.txt	a6d2dc7d65eebe6b8d5037b8612ee76c1111e8ef	543	historical-lineage	historical-report consistency review	reviewed-pass	root README.md marks historical, unread by products
LCL_Core_0_1_Final/07_VERSIONING_AND_EXTENSIONS/04_CONFORMANCE_LEVELS.txt	cae7866ac0b3c561a635c0f21fe7339ec122b69f	713	historical-lineage	historical-report consistency review	reviewed-pass	root README.md marks historical, unread by products
LCL_Core_0_1_Final/07_VERSIONING_AND_EXTENSIONS/05_FORWARD_COMPATIBILITY_AND_UNKNOWN_FEATURES.txt	11aedb26016e09b7edc39b9ffd8d01498401e512	480	historical-lineage	historical-report consistency review	reviewed-pass	root README.md marks historical, unread by products
LCL_Core_0_1_Final/07_VERSIONING_AND_EXTENSIONS/06_NORMATIVE_SOURCE_PRECEDENCE.txt	384d3fd5fbec36c5afaa35879b34e0a79e4b0ddf	618	historical-lineage	historical-report consistency review	reviewed-pass	root README.md marks historical, unread by products
LCL_Core_0_1_Final/08_EXAMPLES/INVALID/01_WRONG_KEYWORD_CASE.invalid.lcl	c7f472f2686a6988a1a73896915258bcdf3113d5	26	historical-lineage	historical-report consistency review	reviewed-pass	root README.md marks historical, unread by products
LCL_Core_0_1_Final/08_EXAMPLES/INVALID/01_WRONG_KEYWORD_CASE.invalid.lcl.expected.txt	c9abf25aaf7a298d5e970e74a31557ac9d98d9ab	113	historical-lineage	historical-report consistency review	reviewed-pass	root README.md marks historical, unread by products
LCL_Core_0_1_Final/08_EXAMPLES/INVALID/02_TAB_INDENTATION.invalid.lcl	2ec4dee53a4672259388750736fb5ac46d490194	23	historical-lineage	historical-report consistency review	reviewed-pass	root README.md marks historical, unread by products
LCL_Core_0_1_Final/08_EXAMPLES/INVALID/02_TAB_INDENTATION.invalid.lcl.expected.txt	8314c412b98fb45fc5c9baabce0d39756e4df618	120	historical-lineage	historical-report consistency review	reviewed-pass	root README.md marks historical, unread by products
LCL_Core_0_1_Final/08_EXAMPLES/INVALID/03_BARE_EQUALS.invalid.lcl	911a755658aa5605dc9704261e5f913dc6d4ed15	27	historical-lineage	historical-report consistency review	reviewed-pass	root README.md marks historical, unread by products
LCL_Core_0_1_Final/08_EXAMPLES/INVALID/03_BARE_EQUALS.invalid.lcl.expected.txt	a83def0d7f91cf71615001f768d1e26e45250fa3	115	historical-lineage	historical-report consistency review	reviewed-pass	root README.md marks historical, unread by products
LCL_Core_0_1_Final/08_EXAMPLES/INVALID/04_UNKNOWN_MODAL.invalid.lcl	94928ace051f474a9d498d589cfa0d947c7c7c6b	155	historical-lineage	historical-report consistency review	reviewed-pass	root README.md marks historical, unread by products
LCL_Core_0_1_Final/08_EXAMPLES/INVALID/04_UNKNOWN_MODAL.invalid.lcl.expected.txt	970c1c40beb87c4f0bb104c948ca6f01d55c66f3	116	historical-lineage	historical-report consistency review	reviewed-pass	root README.md marks historical, unread by products
LCL_Core_0_1_Final/08_EXAMPLES/INVALID/05_DUPLICATE_ID.invalid.lcl	2760a57d06b5bc3f446494c4612f453c42d331e0	243	historical-lineage	historical-report consistency review	reviewed-pass	root README.md marks historical, unread by products
LCL_Core_0_1_Final/08_EXAMPLES/INVALID/05_DUPLICATE_ID.invalid.lcl.expected.txt	d14b539de0b6e6c92211441f87c8294159a7a6c1	113	historical-lineage	historical-report consistency review	reviewed-pass	root README.md marks historical, unread by products
LCL_Core_0_1_Final/08_EXAMPLES/INVALID/06_UNRESOLVED_REFERENCE.invalid.lcl	aadd9897cf85d47dbf84abdb93d278c2c39e2c54	175	historical-lineage	historical-report consistency review	reviewed-pass	root README.md marks historical, unread by products
LCL_Core_0_1_Final/08_EXAMPLES/INVALID/06_UNRESOLVED_REFERENCE.invalid.lcl.expected.txt	a5f3ece60724fcfbfa306bba28d2ea451f73ec6e	121	historical-lineage	historical-report consistency review	reviewed-pass	root README.md marks historical, unread by products
LCL_Core_0_1_Final/08_EXAMPLES/INVALID/07_TYPE_MISMATCH.invalid.lcl	7af96762e0131246cda5664154a651d33e7793a5	193	historical-lineage	historical-report consistency review	reviewed-pass	root README.md marks historical, unread by products
LCL_Core_0_1_Final/08_EXAMPLES/INVALID/07_TYPE_MISMATCH.invalid.lcl.expected.txt	8a53d25cd981fbf7230568c5e6a1ecc73deabe17	114	historical-lineage	historical-report consistency review	reviewed-pass	root README.md marks historical, unread by products
LCL_Core_0_1_Final/08_EXAMPLES/INVALID/08_HARD_CONFLICT.invalid.lcl	3ab1f1e272575f73d30d86c805f2d28f426620b7	321	historical-lineage	historical-report consistency review	reviewed-pass	root README.md marks historical, unread by products
LCL_Core_0_1_Final/08_EXAMPLES/INVALID/08_HARD_CONFLICT.invalid.lcl.expected.txt	5aef903e5cc6e9d7a7f830516ac0566c96d19e5f	114	historical-lineage	historical-report consistency review	reviewed-pass	root README.md marks historical, unread by products
LCL_Core_0_1_Final/08_EXAMPLES/INVALID/09_UNBOUNDED_WHILE.invalid.lcl	92980a376e16d3183206156ede5677d38087d6ad	218	historical-lineage	historical-report consistency review	reviewed-pass	root README.md marks historical, unread by products
LCL_Core_0_1_Final/08_EXAMPLES/INVALID/09_UNBOUNDED_WHILE.invalid.lcl.expected.txt	970c1c40beb87c4f0bb104c948ca6f01d55c66f3	116	historical-lineage	exact-byte duplicate SHA reuse	reviewed-pass	duplicate of LCL_Core_0_1_Final/08_EXAMPLES/INVALID/04_UNKNOWN_MODAL.invalid.lcl.expected.txt; root README.md marks historical, unread by products
LCL_Core_0_1_Final/08_EXAMPLES/INVALID/10_CONTEXT_WITHOUT_SCOPE.invalid.lcl	ec94b01d7f321fb7c431e3741301af540f256034	215	historical-lineage	historical-report consistency review	reviewed-pass	root README.md marks historical, unread by products
LCL_Core_0_1_Final/08_EXAMPLES/INVALID/10_CONTEXT_WITHOUT_SCOPE.invalid.lcl.expected.txt	14b7d3c51e19cd91c9ca11e38f2a5e4571e6f1c0	115	historical-lineage	historical-report consistency review	reviewed-pass	root README.md marks historical, unread by products
LCL_Core_0_1_Final/08_EXAMPLES/INVALID/11_DUPLICATE_FIELD.invalid.lcl	2158b9e19d173ad0cc7b015556d083e340b44522	154	historical-lineage	historical-report consistency review	reviewed-pass	root README.md marks historical, unread by products
LCL_Core_0_1_Final/08_EXAMPLES/INVALID/11_DUPLICATE_FIELD.invalid.lcl.expected.txt	060b04595edfbffd9f124c6e7b57ffae245cb93c	116	historical-lineage	historical-report consistency review	reviewed-pass	root README.md marks historical, unread by products
LCL_Core_0_1_Final/08_EXAMPLES/INVALID/12_FLOATING_VERSION.invalid.lcl	70950398dafc506974fd41c3892c4c57c1ecd8bd	137	historical-lineage	historical-report consistency review	reviewed-pass	root README.md marks historical, unread by products
LCL_Core_0_1_Final/08_EXAMPLES/INVALID/12_FLOATING_VERSION.invalid.lcl.expected.txt	a62dc957ed44bf9145a79e54c2cd6d033acc9778	120	historical-lineage	historical-report consistency review	reviewed-pass	root README.md marks historical, unread by products
LCL_Core_0_1_Final/08_EXAMPLES/INVALID/13_PERCENT_SYMBOL.invalid.lcl	a30ebbff6b3c8467b2d2d1505b5f79a28e00af60	188	historical-lineage	historical-report consistency review	reviewed-pass	root README.md marks historical, unread by products
LCL_Core_0_1_Final/08_EXAMPLES/INVALID/13_PERCENT_SYMBOL.invalid.lcl.expected.txt	a83def0d7f91cf71615001f768d1e26e45250fa3	115	historical-lineage	exact-byte duplicate SHA reuse	reviewed-pass	duplicate of LCL_Core_0_1_Final/08_EXAMPLES/INVALID/03_BARE_EQUALS.invalid.lcl.expected.txt; root README.md marks historical, unread by products
LCL_Core_0_1_Final/08_EXAMPLES/INVALID/14_SINGLE_QUOTED_STRING.invalid.lcl	ec0fdd32de45e6f05eab4cee9a1aa14f7cc63955	130	historical-lineage	historical-report consistency review	reviewed-pass	root README.md marks historical, unread by products
LCL_Core_0_1_Final/08_EXAMPLES/INVALID/14_SINGLE_QUOTED_STRING.invalid.lcl.expected.txt	a83def0d7f91cf71615001f768d1e26e45250fa3	115	historical-lineage	exact-byte duplicate SHA reuse	reviewed-pass	duplicate of LCL_Core_0_1_Final/08_EXAMPLES/INVALID/03_BARE_EQUALS.invalid.lcl.expected.txt; root README.md marks historical, unread by products
LCL_Core_0_1_Final/08_EXAMPLES/INVALID/15_MISSING_TASK_STRUCTURE.invalid.lcl	1e82a790a99a7a25b62c0313f706f7957cd25998	169	historical-lineage	historical-report consistency review	reviewed-pass	root README.md marks historical, unread by products
LCL_Core_0_1_Final/08_EXAMPLES/INVALID/15_MISSING_TASK_STRUCTURE.invalid.lcl.expected.txt	14b7d3c51e19cd91c9ca11e38f2a5e4571e6f1c0	115	historical-lineage	exact-byte duplicate SHA reuse	reviewed-pass	duplicate of LCL_Core_0_1_Final/08_EXAMPLES/INVALID/10_CONTEXT_WITHOUT_SCOPE.invalid.lcl.expected.txt; root README.md marks historical, unread by products
LCL_Core_0_1_Final/08_EXAMPLES/VALID/01_MINIMAL_TASK.lcl	7685f9f960b7a2c490a4f74d3474c4d751cbaba8	950	historical-lineage	historical-report consistency review	reviewed-pass	root README.md marks historical, unread by products
LCL_Core_0_1_Final/08_EXAMPLES/VALID/02_IMPORT_LIBRARY.lcl	c2d401bb92d4ed043e8d05abf6a956b1b44c888a	340	historical-lineage	historical-report consistency review	reviewed-pass	root README.md marks historical, unread by products
LCL_Core_0_1_Final/08_EXAMPLES/VALID/03_IMPORTING_TASK.lcl	88d5ace581e0aeffe0a036074aa8a687303ee177	1186	historical-lineage	historical-report consistency review	reviewed-pass	root README.md marks historical, unread by products
LCL_Core_0_1_Final/08_EXAMPLES/VALID/04_AUTOMATED_CODING_TASK.lcl	b7acdec0a3641ba280cbe616a228ccf86e6c5d5b	2478	historical-lineage	historical-report consistency review	reviewed-pass	root README.md marks historical, unread by products
LCL_Core_0_1_Final/08_EXAMPLES/VALID/05_CONDITION_AND_ITERATION.lcl	c38f20f9563e0483a96ef26acdc9008b69cd6c3b	928	historical-lineage	historical-report consistency review	reviewed-pass	root README.md marks historical, unread by products
LCL_Core_0_1_Final/08_EXAMPLES/VALID/06_EXPLICIT_CONTEXT_MEMORY_AND_STATE.lcl	98602ec6717ee492920e773bdd7fe606be5b04f3	1567	historical-lineage	historical-report consistency review	reviewed-pass	root README.md marks historical, unread by products
LCL_Core_0_1_Final/08_EXAMPLES/VALID/07_DOMAIN_EXTENSION_OPERATION.lcl	ee7b5ec482898ba03db2e500781de4b81f4607df	2347	historical-lineage	historical-report consistency review	reviewed-pass	root README.md marks historical, unread by products
LCL_Core_0_1_Final/08_EXAMPLES/VALID/08_AUTHORITY_OVERRIDE_HANDLER_AND_RETRY.lcl	5f36b6da959521f26e192b5f591fabd565d10c11	1635	historical-lineage	historical-report consistency review	reviewed-pass	root README.md marks historical, unread by products
LCL_Core_0_1_Final/08_EXAMPLES/VALID/09_EXPLICIT_ASSUMPTION_AND_EVIDENCE.lcl	5a5cf3b6ffc92df7ea90f9ff9162d91b382f6345	1275	historical-lineage	historical-report consistency review	reviewed-pass	root README.md marks historical, unread by products
LCL_Core_0_1_Final/09_CONFORMANCE/01_CONFORMANCE_REQUIREMENTS.txt	36b1ff70429a5187c45e7c0532287304afa173d3	710	historical-lineage	historical-report consistency review	reviewed-pass	root README.md marks historical, unread by products
LCL_Core_0_1_Final/09_CONFORMANCE/CASES/core_conformance_cases_v0.1.0.json	654a525f4471329fba309f993a47e1d0ec3dce65	222576	historical-lineage	historical-report consistency review	reviewed-pass	json parse ok; root README.md marks historical, unread by products
LCL_Core_0_1_Final/09_CONFORMANCE/SOURCE_FIXTURES/expected_results.json	30d735c580dc0328012a722e20ac87b036f31616	802	historical-lineage	historical-report consistency review	reviewed-pass	json parse ok; root README.md marks historical, unread by products
LCL_Core_0_1_Final/09_CONFORMANCE/SOURCE_FIXTURES/invalid_bom.lcl	742cd755d0458f5d2dccaf3b6ee3efafb9044736	139	historical-lineage	historical-report consistency review	reviewed-pass	root README.md marks historical, unread by products
LCL_Core_0_1_Final/09_CONFORMANCE/SOURCE_FIXTURES/invalid_control.lcl	de64512efd9ae18a46b5dbfc874ef9cf4f10cb60	137	historical-lineage	historical-report consistency review	reviewed-pass	root README.md marks historical, unread by products
LCL_Core_0_1_Final/09_CONFORMANCE/SOURCE_FIXTURES/invalid_crlf.lcl	7ecc400fea5a90121e4a0a92b7d739ecfd387cc5	144	historical-lineage	historical-report consistency review	reviewed-pass	root README.md marks historical, unread by products
LCL_Core_0_1_Final/09_CONFORMANCE/SOURCE_FIXTURES/invalid_hash.lcl	351a9856152bfc2dd55de44d325db09db5c0969c	146	historical-lineage	historical-report consistency review	reviewed-pass	root README.md marks historical, unread by products
LCL_Core_0_1_Final/09_CONFORMANCE/SOURCE_FIXTURES/invalid_indent_jump.lcl	ae8598f51224490f5cc4b4fccb2deb77eb19b968	140	historical-lineage	historical-report consistency review	reviewed-pass	root README.md marks historical, unread by products
LCL_Core_0_1_Final/09_CONFORMANCE/SOURCE_FIXTURES/invalid_indent_width.lcl	0e73827ee5055dfcd6fe8300af1bccfdb712d703	134	historical-lineage	historical-report consistency review	reviewed-pass	root README.md marks historical, unread by products
LCL_Core_0_1_Final/09_CONFORMANCE/SOURCE_FIXTURES/invalid_no_final_lf.lcl	b62cf65e7a264d427f94a70c1a3b20ac472b652b	135	historical-lineage	historical-report consistency review	reviewed-pass	root README.md marks historical, unread by products
LCL_Core_0_1_Final/09_CONFORMANCE/SOURCE_FIXTURES/invalid_semicolon.lcl	438f226ec4c1ef643a3a4bf0599969ad7902065d	137	historical-lineage	historical-report consistency review	reviewed-pass	root README.md marks historical, unread by products
LCL_Core_0_1_Final/09_CONFORMANCE/SOURCE_FIXTURES/invalid_single_quote.lcl	b52805bf1af6122a54fe05ea2a29e1a1a94b20dd	136	historical-lineage	historical-report consistency review	reviewed-pass	root README.md marks historical, unread by products
LCL_Core_0_1_Final/09_CONFORMANCE/SOURCE_FIXTURES/invalid_tab.lcl	ffb8e6bf46a078a8a741b21c9eaff434031bb290	133	historical-lineage	historical-report consistency review	reviewed-pass	root README.md marks historical, unread by products
LCL_Core_0_1_Final/09_CONFORMANCE/SOURCE_FIXTURES/invalid_trailing_space.lcl	d864fdd4b58d252bfd256d9e2149e28adec4438e	137	historical-lineage	historical-report consistency review	reviewed-pass	root README.md marks historical, unread by products
LCL_Core_0_1_Final/09_CONFORMANCE/SOURCE_FIXTURES/invalid_typographic_quote.lcl	6e7dc410a12623efe053b493dbec72b52e01d4ff	140	historical-lineage	historical-report consistency review	reviewed-pass	root README.md marks historical, unread by products
LCL_Core_0_1_Final/09_CONFORMANCE/SOURCE_FIXTURES/invalid_unclosed_string.lcl	947618018c14920d1db46bdb2252473fa4f5ec81	135	historical-lineage	historical-report consistency review	reviewed-pass	root README.md marks historical, unread by products
LCL_Core_0_1_Final/09_CONFORMANCE/SOURCE_FIXTURES/valid_minimum.lcl	cda1400a093f20a6b1db2fd7b667b2140cdb2f5b	136	historical-lineage	historical-report consistency review	reviewed-pass	root README.md marks historical, unread by products
LCL_Core_0_1_Final/09_CONFORMANCE/SOURCE_FIXTURES/valid_unicode_string.lcl	4776036abf0f925f2304de1e0c108238dfd21c83	143	historical-lineage	historical-report consistency review	reviewed-pass	root README.md marks historical, unread by products
LCL_Core_0_1_Final/10_REGISTRIES/ambiguous_replacements_v0.1.0.json	4084619b475589575e189a102f7f3dadbc84d1f3	1152	historical-lineage	historical-report consistency review	reviewed-pass	json parse ok; root README.md marks historical, unread by products
LCL_Core_0_1_Final/10_REGISTRIES/block_schemas_v0.1.0.json	112a0962036e10b9209a51f332edf99b571ad652	20000	historical-lineage	historical-report consistency review	reviewed-pass	json parse ok; root README.md marks historical, unread by products
LCL_Core_0_1_Final/10_REGISTRIES/built_in_groups_and_results_v0.1.0.json	8da6f45aa8b34eaba9bc95014a921fc1a33db2a4	9078	historical-lineage	historical-report consistency review	reviewed-pass	json parse ok; root README.md marks historical, unread by products
LCL_Core_0_1_Final/10_REGISTRIES/field_signatures_v0.1.0.json	b4fbb4b7d397edb9cbf074bfb54b1bbfdd1ab2da	85639	historical-lineage	historical-report consistency review	reviewed-pass	json parse ok; root README.md marks historical, unread by products
LCL_Core_0_1_Final/10_REGISTRIES/formats_encodings_units_v0.1.0.json	fe3e7ae2a1681fed5690ec6c283d153df0438245	2955	historical-lineage	historical-report consistency review	reviewed-pass	json parse ok; root README.md marks historical, unread by products
LCL_Core_0_1_Final/10_REGISTRIES/keywords_v0.1.0.json	07ca56c3c8851029dab5abc7ae02a193a4ba5472	31245	historical-lineage	historical-report consistency review	reviewed-pass	json parse ok; root README.md marks historical, unread by products
LCL_Core_0_1_Final/10_REGISTRIES/operations_v0.1.0.json	9143ffd67899c19e507c4e1cadb5986d433a94ea	51463	historical-lineage	historical-report consistency review	reviewed-pass	json parse ok; root README.md marks historical, unread by products
LCL_Core_0_1_Final/10_REGISTRIES/operators_and_functions_v0.1.0.json	1f4fc4116bde6949b3f907337ec887cb59cd9ac6	6999	historical-lineage	historical-report consistency review	reviewed-pass	json parse ok; root README.md marks historical, unread by products
LCL_Core_0_1_Final/10_REGISTRIES/semantic_meta_types_v0.1.0.json	eae0e3498dd10a048fcdf2cca6608af546cc41bc	857	historical-lineage	historical-report consistency review	reviewed-pass	json parse ok; root README.md marks historical, unread by products
LCL_Core_0_1_Final/10_REGISTRIES/statuses_and_errors_v0.1.0.json	cba0b7e8e0a7863c849cf5012994fba428183b18	21230	historical-lineage	historical-report consistency review	reviewed-pass	json parse ok; root README.md marks historical, unread by products
LCL_Core_0_1_Final/10_REGISTRIES/symbols_v0.1.0.json	712ebf035a5516493e7476a984289c2a6720c41f	2410	historical-lineage	historical-report consistency review	reviewed-pass	json parse ok; root README.md marks historical, unread by products
LCL_Core_0_1_Final/10_REGISTRIES/types_v0.1.0.json	d77188694b547e73185b2030868d5372ae30b993	1263	historical-lineage	historical-report consistency review	reviewed-pass	json parse ok; root README.md marks historical, unread by products
LCL_Core_0_1_Final/11_RESEARCH_BASIS/01_DOCUMENTATION_BASIS.txt	123625c2fc7fa24fc73ee91437775903ccc4a6a0	564	historical-lineage	historical-report consistency review	reviewed-pass	root README.md marks historical, unread by products
LCL_Core_0_1_Final/11_RESEARCH_BASIS/02_FROZEN_DESIGN_DECISIONS.txt	26982ae571263601a86489ede8977d626fdf6f55	626	historical-lineage	historical-report consistency review	reviewed-pass	root README.md marks historical, unread by products
LCL_Core_0_1_Final/11_RESEARCH_BASIS/03_INTENTIONALLY_EXCLUDED_FROM_CORE.txt	5562e214c50386f18998b5d560dc70904f47a66a	578	historical-lineage	historical-report consistency review	reviewed-pass	root README.md marks historical, unread by products
LCL_Core_0_1_Final/11_RESEARCH_BASIS/04_RELATION_TO_EXISTING_LANGUAGES.txt	a61c5792f958f49a8c4c363f7ff3d7f1ef6c15e9	598	historical-lineage	historical-report consistency review	reviewed-pass	root README.md marks historical, unread by products
LCL_Core_0_1_Final/CHANGELOG.txt	2406dcae2d1f0ee83f029d272548c2fc712ef2e4	962	historical-lineage	historical-report consistency review	reviewed-pass	root README.md marks historical, unread by products
LCL_Core_0_1_Final/INDEX.txt	5cf79cb6982edeeb679d2e7631b2ee8bc10cbdb9	6611	historical-lineage	historical-report consistency review	reviewed-pass	root README.md marks historical, unread by products
LCL_Core_0_1_Final/MANIFEST.json	a701db20000651bb64bd7895d17f821e54e84301	28042	historical-lineage	historical-report consistency review	reviewed-pass	json parse ok; root README.md marks historical, unread by products
LCL_Core_0_1_Final/README.txt	adccef5de2b6fd82722dd486d637e098a1775821	1279	historical-lineage	historical-report consistency review	reviewed-pass	root README.md marks historical, unread by products
LCL_Core_0_1_Final/SHA256SUMS.txt	ebf8f56ed4c77200b115575b6fdb592355c2da86	17859	historical-lineage	historical-report consistency review	reviewed-pass	root README.md marks historical, unread by products
LCL_Core_0_1_Final/VALIDATION_REPORT.txt	4954d6bd44e4ec1946364aa988633578a58fad99	545	historical-lineage	historical-report consistency review	reviewed-pass	root README.md marks historical, unread by products
LCL_Core_0_1_Final/VERSION.txt	cffe0091340ff8b3164c157737fe7191d66b9c3a	125	historical-lineage	historical-report consistency review	reviewed-pass	root README.md marks historical, unread by products
LCL_Core_0_1_Final_SHA256.txt	0c8ce7f91fc3dd8c792c8b497ae31034e09755bd	181	historical-lineage	historical-report consistency review	reviewed-pass	root README.md marks historical, unread by products
LCL_Core_0_1_Final_VALIDATION(1).txt	32a51c7f0d685d81adca3bbf04cdcc55bd780318	687	historical-lineage	historical-report consistency review	reviewed-pass	root README.md marks historical, unread by products
LCL_Core_0_1_Final_VALIDATION.json	e5a69e748cec456ced3774dbc338cbb3d9f2503d	1248	historical-lineage	historical-report consistency review	reviewed-pass	json parse ok; root README.md marks historical, unread by products
LC_Language_Word_and_Symbol_Audit_v0.1.txt	e2deaa8a06ce1f9b9e69cd87fe85a2ec8267ba78	57548	historical-lineage	historical-report consistency review	reviewed-pass	root README.md marks historical, unread by products
README.md	39aa00d843b89a5a73ff26ea8a5b48e14ddec43c	2266	documentation	source/content review	reviewed-pass	changed since baseline; diff reviewed
apps/large-release-pipeline-decomposed/lcl.project.json	dcce48fc8fda91da0a52dce51246528d48b44211	103	application	source/content review + applications gate (lcl-hardening/tests/applications.rs)	reviewed-pass	json parse ok
apps/large-release-pipeline-decomposed/src/main.lcl	516626f0df690739198b7e6f1371f20983191f74	4604	application	source/content review + applications gate (lcl-hardening/tests/applications.rs)	reviewed-pass	declares /tmp/lcl-apps WORKSPACE (F24 residual 4, tests relocate)
apps/large-release-pipeline-decomposed/src/rules.lcl	69d2a2684306f081fa8095197b13cbe817f4aab4	735	application	source/content review + applications gate (lcl-hardening/tests/applications.rs)	reviewed-pass	
apps/large-release-pipeline-decomposed/src/types.lcl	2e05fd523b29421c1369b8c68ce7d7d7db21a89f	976	application	source/content review + applications gate (lcl-hardening/tests/applications.rs)	reviewed-pass	
apps/large-release-pipeline/lcl.project.json	dcce48fc8fda91da0a52dce51246528d48b44211	103	application	source/content review + applications gate (lcl-hardening/tests/applications.rs)	reviewed-pass	json parse ok
apps/large-release-pipeline/src/main.lcl	9a27fee8acbb6aca1aba1a10907dfdb3cd07ad8b	5071	application	source/content review + applications gate (lcl-hardening/tests/applications.rs)	reviewed-finding	declares /tmp/lcl-apps WORKSPACE (F24 residual 4, tests relocate); declares /tmp/lcl-apps WORKSPACE (F24 residual 4; tests relocate)
apps/medium-release-notes/lcl.project.json	dcce48fc8fda91da0a52dce51246528d48b44211	103	application	source/content review + applications gate (lcl-hardening/tests/applications.rs)	reviewed-pass	json parse ok
apps/medium-release-notes/src/main.lcl	10b3ed770961d4d25b2b2e8e3ce71c90ae889911	2904	application	source/content review + applications gate (lcl-hardening/tests/applications.rs)	reviewed-pass	declares /tmp/lcl-apps WORKSPACE (F24 residual 4, tests relocate)
apps/medium-release-notes/src/rules.lcl	0c318a6c308de9a3de6b54ca34e668a610243f83	474	application	source/content review + applications gate (lcl-hardening/tests/applications.rs)	reviewed-pass	
apps/small-invoice-total/lcl.project.json	dcce48fc8fda91da0a52dce51246528d48b44211	103	application	source/content review + applications gate (lcl-hardening/tests/applications.rs)	reviewed-pass	json parse ok
apps/small-invoice-total/src/main.lcl	7a36bb7db0a635dd21960df07e2e995e1d5a42c4	1616	application	source/content review + applications gate (lcl-hardening/tests/applications.rs)	reviewed-pass	
archive-EWXwoU/gk_3.1.75_linux_amd64.zip	ab24138fdf09f890cd6df507521afc8735ba1004	9406024	binary-archive	archive CRC/member review	reviewed-finding	zip 1 member(s), crc ok; changed since baseline; diff reviewed; F5-N1: unrelated third-party binary (GitKraken CLI `gk`, 24 MB, one member) tracked since 5ca774e; unreferenced by any build input, yet carried into the candidate SOURCE_INVENTORY and source archive
assets/brand/BRAND_ASSETS.sha256	b8800a6b0838247bfb5a5857215d979a43c931c6	2026	text-asset	source/content review	reviewed-pass	checksum list (verified in gate)
assets/brand/README.md	a6dae51c04a08f5c39c6ff124db152b9f72c6c7c	2668	documentation	source/content review	reviewed-pass	
assets/brand/derive_brand_assets.py	07c85863620ad6af188033ad867ac61baaa6d192	5857	script	source/content review + python compile check	reviewed-pass	compiles
assets/brand/lcl-logo-master.png	e6694c03d7aff3c0800ac199543e23f5ae4451f8	188996	binary-image	binary metadata/checksum/provenance review	reviewed-pass	PNG 577x432
canonical/LCL_Core_0.1.0/00_RELEASE/00_CANONICAL_SOURCE_AND_PROVENANCE.txt	b6a049a5aab327cc27b5cf267bbe90591e84ff51	3645	canonical-package-0.1.0	canonical package manifest/hash + normative contract review	reviewed-pass	SHA256SUMS match
canonical/LCL_Core_0.1.0/00_RELEASE/01_RELEASE_STATUS_AND_BOUNDARY.txt	97d1c7677db110bd7565d7437b84db169f2b6478	2785	canonical-package-0.1.0	canonical package manifest/hash + normative contract review	reviewed-pass	SHA256SUMS match
canonical/LCL_Core_0.1.0/00_RELEASE/02_NORMATIVE_AUTHORITY_ORDER.txt	df4d9f3862dce92f4b8493b581ba2ea115ec57bf	778	canonical-package-0.1.0	canonical package manifest/hash + normative contract review	reviewed-pass	SHA256SUMS match
canonical/LCL_Core_0.1.0/00_RELEASE/03_COMPLETENESS_CRITERIA.txt	9d11619e1ce2172fff105ee59c948112ab68ead9	3856	canonical-package-0.1.0	canonical package manifest/hash + normative contract review	reviewed-pass	SHA256SUMS match
canonical/LCL_Core_0.1.0/00_RELEASE/04_CHANGE_CONTROL.txt	6578d77c91baf0840ab30a0b072312697a6a9428	1187	canonical-package-0.1.0	canonical package manifest/hash + normative contract review	reviewed-pass	SHA256SUMS match
canonical/LCL_Core_0.1.0/00_RELEASE/05_LANGUAGE_CLOSURE.json	dac22cb72b2264e8f85973d4bd01e2352db90c74	3671	canonical-package-0.1.0	canonical package manifest/hash + normative contract review	reviewed-pass	SHA256SUMS match; json parse ok
canonical/LCL_Core_0.1.0/01_FOUNDATION/01_PURPOSE_AND_TERMINOLOGY.txt	e2edabf4f74756fa104c04c796e64165f53871c6	857	canonical-package-0.1.0	canonical package manifest/hash + normative contract review	reviewed-pass	SHA256SUMS match
canonical/LCL_Core_0.1.0/01_FOUNDATION/02_DESIGN_PRINCIPLES.txt	33659102c2ba6e18830fa64d01cc27a17123b126	783	canonical-package-0.1.0	canonical package manifest/hash + normative contract review	reviewed-pass	SHA256SUMS match
canonical/LCL_Core_0.1.0/01_FOUNDATION/03_NORMATIVE_PROCESSING_MODEL.txt	217c58b9ed168ae21019db132cfc8287eebaacd8	4881	canonical-package-0.1.0	canonical package manifest/hash + normative contract review	reviewed-pass	SHA256SUMS match
canonical/LCL_Core_0.1.0/01_FOUNDATION/04_DOCUMENT_KINDS_AND_BOUNDARIES.txt	1853a4b7f7b295d5e5c9fa0f63a10b2e26e23c55	610	canonical-package-0.1.0	canonical package manifest/hash + normative contract review	reviewed-pass	SHA256SUMS match
canonical/LCL_Core_0.1.0/01_FOUNDATION/05_NORMATIVE_AND_NON_NORMATIVE_CONTENT.txt	2cc541ee2c7380052a301049bf721c35caa894ae	539	canonical-package-0.1.0	canonical package manifest/hash + normative contract review	reviewed-pass	SHA256SUMS match
canonical/LCL_Core_0.1.0/02_LEXICAL/01_CHARACTER_ENCODING_AND_SOURCE_TEXT.txt	1bd40ae4ec2d2dfe90110fcb8c8e25e540b88b01	953	canonical-package-0.1.0	canonical package manifest/hash + normative contract review	reviewed-pass	SHA256SUMS match
canonical/LCL_Core_0.1.0/02_LEXICAL/02_WHITESPACE_INDENTATION_AND_LINES.txt	7bd96818f3b19af16333ffd345c898db8b187972	3457	canonical-package-0.1.0	canonical package manifest/hash + normative contract review	reviewed-pass	SHA256SUMS match
canonical/LCL_Core_0.1.0/02_LEXICAL/03_IDENTIFIERS_NAMESPACES_AND_RESERVED_NAMES.txt	1114737c4d9dd634a885e277f9940e53bdaf5bcf	1956	canonical-package-0.1.0	canonical package manifest/hash + normative contract review	reviewed-pass	SHA256SUMS match
canonical/LCL_Core_0.1.0/02_LEXICAL/04_RESERVED_WORDS.txt	f92a0409c3c24e2cd7271ad5daa65fa362a533ac	1668	canonical-package-0.1.0	canonical package manifest/hash + normative contract review	reviewed-pass	SHA256SUMS match
canonical/LCL_Core_0.1.0/02_LEXICAL/05_KEYWORD_REFERENCE_A_TO_M.txt	d018f17d1c9aad60211fdbb54cc1d73a277bc38b	13821	canonical-package-0.1.0	canonical package manifest/hash + normative contract review	reviewed-pass	SHA256SUMS match
canonical/LCL_Core_0.1.0/02_LEXICAL/06_KEYWORD_REFERENCE_N_TO_Z.txt	b8b2f1362224417cc17098b5fccb8505478944cb	10747	canonical-package-0.1.0	canonical package manifest/hash + normative contract review	reviewed-pass	SHA256SUMS match
canonical/LCL_Core_0.1.0/02_LEXICAL/07_LITERALS_AND_ESCAPE_SEQUENCES.txt	2b863cb5b5da646d6754ed3af07d994b6c396f01	2560	canonical-package-0.1.0	canonical package manifest/hash + normative contract review	reviewed-pass	SHA256SUMS match
canonical/LCL_Core_0.1.0/02_LEXICAL/08_LIST_OBJECT_AND_DATA_LEXICAL_FORM.txt	903f18b5a6b40ab64929a7880a840d47961940f5	933	canonical-package-0.1.0	canonical package manifest/hash + normative contract review	reviewed-pass	SHA256SUMS match
canonical/LCL_Core_0.1.0/02_LEXICAL/09_ADOPTED_SYMBOLS.txt	46b77b338be55b49a0cfc202e69d60d6c7472f4a	1408	canonical-package-0.1.0	canonical package manifest/hash + normative contract review	reviewed-pass	SHA256SUMS match
canonical/LCL_Core_0.1.0/02_LEXICAL/10_EXCLUDED_SYMBOLS_AND_NOTATION.txt	2d99e12ec5f69226cd414e21c64578eb9ec3320b	1042	canonical-package-0.1.0	canonical package manifest/hash + normative contract review	reviewed-pass	SHA256SUMS match
canonical/LCL_Core_0.1.0/02_LEXICAL/11_AMBIGUOUS_WORDS_AND_REPLACEMENTS.txt	f42f20abf1dcaad9795089145a7582332252bb0b	1297	canonical-package-0.1.0	canonical package manifest/hash + normative contract review	reviewed-pass	SHA256SUMS match
canonical/LCL_Core_0.1.0/02_LEXICAL/12_COMMENT_DESCRIPTION_EXAMPLE_AND_DATA_BOUNDARIES.txt	d1fd0aa79ba62a60b58eda43c731e76e6828e5f8	554	canonical-package-0.1.0	canonical package manifest/hash + normative contract review	reviewed-pass	SHA256SUMS match
canonical/LCL_Core_0.1.0/03_TYPES_AND_VALUES/01_TYPE_SYSTEM_RULES.txt	80fa4b4d8a9371967f0ca753812c207339a9e527	2747	canonical-package-0.1.0	canonical package manifest/hash + normative contract review	reviewed-pass	SHA256SUMS match
canonical/LCL_Core_0.1.0/03_TYPES_AND_VALUES/02_BUILT_IN_TYPE_REFERENCE.txt	b785022cd2f93fc9cbd2955e316dd2b4eb9c2796	2624	canonical-package-0.1.0	canonical package manifest/hash + normative contract review	reviewed-pass	SHA256SUMS match
canonical/LCL_Core_0.1.0/03_TYPES_AND_VALUES/03_COLLECTIONS_OBJECTS_ENUMS_AND_EQUALITY.txt	f971b86a4ee49081333099795742d42d1170c05f	3935	canonical-package-0.1.0	canonical package manifest/hash + normative contract review	reviewed-pass	SHA256SUMS match
canonical/LCL_Core_0.1.0/03_TYPES_AND_VALUES/04_TYPED_CONSTRUCTORS_AND_REFERENCES.txt	d400b275ef4e7e69bf3880d5f78f4ef1c0099900	6062	canonical-package-0.1.0	canonical package manifest/hash + normative contract review	reviewed-pass	SHA256SUMS match
canonical/LCL_Core_0.1.0/03_TYPES_AND_VALUES/05_CUSTOM_TYPES_SCHEMAS_AND_DEFINITIONS.txt	82f1dd8721480b1cc76d37e06fbaa295649fe6a6	5800	canonical-package-0.1.0	canonical package manifest/hash + normative contract review	reviewed-pass	SHA256SUMS match
canonical/LCL_Core_0.1.0/03_TYPES_AND_VALUES/06_NUMERIC_ARITHMETIC_COMPARISON_AND_ROUNDING.txt	b90e535f5afea5c5fb5d14f51fd5628096f3cbe2	2722	canonical-package-0.1.0	canonical package manifest/hash + normative contract review	reviewed-pass	SHA256SUMS match
canonical/LCL_Core_0.1.0/03_TYPES_AND_VALUES/07_FORMATS_ENCODINGS_UNITS_BOUNDS_AND_PATTERNS.txt	16e98914951897dbd5e0a82bd298c08c07f8c164	6673	canonical-package-0.1.0	canonical package manifest/hash + normative contract review	reviewed-pass	SHA256SUMS match
canonical/LCL_Core_0.1.0/03_TYPES_AND_VALUES/08_BUILT_IN_FORMATS_ENCODINGS_AND_UNITS.txt	a4f8d0974103f76c6040097c28683108d342042d	2120	canonical-package-0.1.0	canonical package manifest/hash + normative contract review	reviewed-pass	SHA256SUMS match
canonical/LCL_Core_0.1.0/03_TYPES_AND_VALUES/09_MISSING_UNKNOWN_NULL_AND_OPTIONALITY.txt	cc2da83185723fc7fa43874b9ebd48098dabe5e8	2939	canonical-package-0.1.0	canonical package manifest/hash + normative contract review	reviewed-pass	SHA256SUMS match
canonical/LCL_Core_0.1.0/03_TYPES_AND_VALUES/10_COLLECTION_OBJECT_ENUM_AND_SCHEMA_FORMS.txt	9ad226017812ce07de8e43ce8ea7fcc3b590709b	3991	canonical-package-0.1.0	canonical package manifest/hash + normative contract review	reviewed-pass	SHA256SUMS match
canonical/LCL_Core_0.1.0/04_GRAMMAR/01_DOCUMENT_FORM_AND_TOP_LEVEL_ORDER.txt	dcd7250cb0c2c287c48bcc1ca63925a6b2fc5119	669	canonical-package-0.1.0	canonical package manifest/hash + normative contract review	reviewed-pass	SHA256SUMS match
canonical/LCL_Core_0.1.0/04_GRAMMAR/02_DECLARATIONS_BLOCKS_FIELDS_AND_NESTING.txt	248aece2f74217fcf5dcde636c7ef6d6c9835ab2	516	canonical-package-0.1.0	canonical package manifest/hash + normative contract review	reviewed-pass	SHA256SUMS match
canonical/LCL_Core_0.1.0/04_GRAMMAR/03_EXPRESSIONS_REFERENCES_PROPERTIES_AND_CALLS.txt	817690c71b1c6806661fdf0eef2e374896921b10	1853	canonical-package-0.1.0	canonical package manifest/hash + normative contract review	reviewed-pass	SHA256SUMS match
canonical/LCL_Core_0.1.0/04_GRAMMAR/04_CONDITIONS_BRANCHES_AND_BOUNDED_ITERATION.txt	ddcd0534e429349b6240b097e169c2563e1dce76	1292	canonical-package-0.1.0	canonical package manifest/hash + normative contract review	reviewed-pass	SHA256SUMS match
canonical/LCL_Core_0.1.0/04_GRAMMAR/05_IMPORT_EXTENSION_AND_REFERENCE_FORM.txt	4d298ace25f49bec596751437ad11a1babd6aeb6	422	canonical-package-0.1.0	canonical package manifest/hash + normative contract review	reviewed-pass	SHA256SUMS match
canonical/LCL_Core_0.1.0/04_GRAMMAR/06_TASK_ACTION_PHASE_SEQUENCE_AND_STEP_FORM.txt	593ec006e8894a4f06d8657ea98bac903a9c7053	1324	canonical-package-0.1.0	canonical package manifest/hash + normative contract review	reviewed-pass	SHA256SUMS match
canonical/LCL_Core_0.1.0/04_GRAMMAR/07_RULE_CHECK_OUTPUT_AND_COMPLETION_FORM.txt	66bd5947b33465a111aac2df8745ff4a16827aed	949	canonical-package-0.1.0	canonical package manifest/hash + normative contract review	reviewed-pass	SHA256SUMS match
canonical/LCL_Core_0.1.0/04_GRAMMAR/08_CORE_BLOCK_SCHEMAS_A.txt	46e3e26bd438d04a937cd2bf1e09d854befce21f	6438	canonical-package-0.1.0	canonical package manifest/hash + normative contract review	reviewed-pass	SHA256SUMS match
canonical/LCL_Core_0.1.0/04_GRAMMAR/09_CORE_BLOCK_SCHEMAS_B.txt	7f1163e217dd58861410750ab4faa71d0edcc067	7975	canonical-package-0.1.0	canonical package manifest/hash + normative contract review	reviewed-pass	SHA256SUMS match
canonical/LCL_Core_0.1.0/04_GRAMMAR/10_COMPLETE_EBNF.ebnf	761668740670f8668eff460f9d01e049d8d5e919	8510	canonical-package-0.1.0	canonical package manifest/hash + normative contract review	reviewed-pass	SHA256SUMS match
canonical/LCL_Core_0.1.0/04_GRAMMAR/11_GRAMMAR_SEMANTIC_CONSTRAINTS.txt	7232afc05a94894fa1eba7ff5ed11c607a56d698	2300	canonical-package-0.1.0	canonical package manifest/hash + normative contract review	reviewed-pass	SHA256SUMS match
canonical/LCL_Core_0.1.0/04_GRAMMAR/12_VALUE_ITEM_PROPERTY_SCHEMA_AND_OBJECT_BLOCKS.txt	f90bcee05033faa76bbd84835caa9f02eb0f305f	947	canonical-package-0.1.0	canonical package manifest/hash + normative contract review	reviewed-pass	SHA256SUMS match
canonical/LCL_Core_0.1.0/04_GRAMMAR/13_EXACT_FIELD_SIGNATURES.txt	c76301c45d512f195366b4a76dc614c3a1f61fc9	3350	canonical-package-0.1.0	canonical package manifest/hash + normative contract review	reviewed-pass	SHA256SUMS match
canonical/LCL_Core_0.1.0/05_SEMANTICS/01_DECLARATION_RESOLUTION_REACHABILITY_AND_EXECUTION_GRAPH.txt	1c4550a9604bdde0df1e6bf966b9ad5aaf8a5802	5313	canonical-package-0.1.0	canonical package manifest/hash + normative contract review	reviewed-pass	SHA256SUMS match
canonical/LCL_Core_0.1.0/05_SEMANTICS/02_SCOPE_TARGET_WORKSPACE_AND_SOURCE.txt	6b4cc75126f62d4c5780f1606748980756e1ea35	1034	canonical-package-0.1.0	canonical package manifest/hash + normative contract review	reviewed-pass	SHA256SUMS match
canonical/LCL_Core_0.1.0/05_SEMANTICS/03_REQUIRE_ALLOW_FORBID_PREFER_PRESERVE_AND_ACTION_AUTHORIZATION.txt	32c7a73e401bdee8bd1ee344df8d58eff3afefeb	794	canonical-package-0.1.0	canonical package manifest/hash + normative contract review	reviewed-pass	SHA256SUMS match
canonical/LCL_Core_0.1.0/05_SEMANTICS/04_AUTHORITY_PRIORITY_OVERRIDE_AND_CONFLICT_RESOLUTION.txt	f180b96db2ef8e3167d4f5cb3f58a0f0f016d4b0	1097	canonical-package-0.1.0	canonical package manifest/hash + normative contract review	reviewed-pass	SHA256SUMS match
canonical/LCL_Core_0.1.0/05_SEMANTICS/05_INPUT_DATA_OUTPUT_RESULT_AND_FORMAT.txt	7c47fc652296e224c76f601c15b3acbf8885c6c2	10065	canonical-package-0.1.0	canonical package manifest/hash + normative contract review	reviewed-pass	SHA256SUMS match
canonical/LCL_Core_0.1.0/05_SEMANTICS/06_MISSING_UNKNOWN_NULL_DEFAULT_ASSUME_AND_HANDLER_RESOLUTION.txt	02215dd3d09c2e628947c59ff113832b7a3145cb	10342	canonical-package-0.1.0	canonical package manifest/hash + normative contract review	reviewed-pass	SHA256SUMS match
canonical/LCL_Core_0.1.0/05_SEMANTICS/07_CONTEXT_MEMORY_AND_STATE.txt	4b035eb8dc9d46e7e2165f2c0fecdea9e2d5f92f	659	canonical-package-0.1.0	canonical package manifest/hash + normative contract review	reviewed-pass	SHA256SUMS match
canonical/LCL_Core_0.1.0/05_SEMANTICS/08_PHASE_SEQUENCE_STEP_BRANCH_LOOP_RETRY_AND_CONCURRENCY.txt	e92d05e666db9178df80dfe00d23a62b01332911	3934	canonical-package-0.1.0	canonical package manifest/hash + normative contract review	reviewed-pass	SHA256SUMS match
canonical/LCL_Core_0.1.0/05_SEMANTICS/09_VALIDATION_EXECUTION_FAILURE_AND_TERMINATION.txt	5fa5244af406fad0f1615970226016740c8ddc9e	8152	canonical-package-0.1.0	canonical package manifest/hash + normative contract review	reviewed-pass	SHA256SUMS match
canonical/LCL_Core_0.1.0/05_SEMANTICS/10_VERIFY_TEST_EVIDENCE_SUCCESS_FAILURE_AND_STATUS.txt	bf8287b54d473df2bcc3eb19dc8d4bf654b7a55e	7384	canonical-package-0.1.0	canonical package manifest/hash + normative contract review	reviewed-pass	SHA256SUMS match
canonical/LCL_Core_0.1.0/05_SEMANTICS/11_DETERMINISM_EQUIVALENCE_AND_INTERPRETER_VARIATION.txt	d2dfdb5c6bcfa7d176382fa7bd68c4fca4824d73	11368	canonical-package-0.1.0	canonical package manifest/hash + normative contract review	reviewed-pass	SHA256SUMS match
canonical/LCL_Core_0.1.0/05_SEMANTICS/12_OPERATOR_FUNCTION_AND_SPECIAL_VALUE_SEMANTICS.txt	3d7de64c0ff6f5eb97d645b5d54453fc29ecb552	9358	canonical-package-0.1.0	canonical package manifest/hash + normative contract review	reviewed-pass	SHA256SUMS match
canonical/LCL_Core_0.1.0/06_STANDARD_LIBRARY/01_READ_ONLY_AND_ANALYTICAL_OPERATIONS.txt	41112135a52756902e70ee8cbfccdd61993b9bfb	13435	canonical-package-0.1.0	canonical package manifest/hash + normative contract review	reviewed-pass	SHA256SUMS match
canonical/LCL_Core_0.1.0/06_STANDARD_LIBRARY/02_MUTATING_AND_EXTERNAL_OPERATIONS.txt	c8c517fa1689ccd77ccb33b06f50e0aa80752e59	18672	canonical-package-0.1.0	canonical package manifest/hash + normative contract review	reviewed-pass	SHA256SUMS match
canonical/LCL_Core_0.1.0/06_STANDARD_LIBRARY/03_CONTROL_OPERATIONS.txt	718ff012b0f64730fc8a0f5b8007115c61b5cfc3	9794	canonical-package-0.1.0	canonical package manifest/hash + normative contract review	reviewed-pass	SHA256SUMS match
canonical/LCL_Core_0.1.0/06_STANDARD_LIBRARY/04_BUILT_IN_FUNCTIONS.txt	6167daa9927c583b00cde0fd54a55bd3437d74ad	3399	canonical-package-0.1.0	canonical package manifest/hash + normative contract review	reviewed-pass	SHA256SUMS match
canonical/LCL_Core_0.1.0/06_STANDARD_LIBRARY/05_CORE_STATUS_IDENTIFIERS.txt	dcc22ba6596110ec3985362ff5c88cb4dbc67079	2828	canonical-package-0.1.0	canonical package manifest/hash + normative contract review	reviewed-pass	SHA256SUMS match
canonical/LCL_Core_0.1.0/06_STANDARD_LIBRARY/06_CORE_ERROR_IDENTIFIERS_PART_1.txt	cba2a37f55b38a46cd6bab0268775432ed54b4c5	4888	canonical-package-0.1.0	canonical package manifest/hash + normative contract review	reviewed-pass	SHA256SUMS match
canonical/LCL_Core_0.1.0/06_STANDARD_LIBRARY/07_CORE_ERROR_IDENTIFIERS_PART_2.txt	9fdace28db0ab12dc7a5186d3ad434c746910581	8599	canonical-package-0.1.0	canonical package manifest/hash + normative contract review	reviewed-pass	SHA256SUMS match
canonical/LCL_Core_0.1.0/06_STANDARD_LIBRARY/08_BUILT_IN_IDENTIFIER_GROUPS.txt	d33451e21acf841e0c29b3b5beac37462b2204a2	742	canonical-package-0.1.0	canonical package manifest/hash + normative contract review	reviewed-pass	SHA256SUMS match
canonical/LCL_Core_0.1.0/06_STANDARD_LIBRARY/09_BUILT_IN_RESOLUTION_RULES.txt	3b2bccf76af725d1b886eb1a85d994b4b837980d	415	canonical-package-0.1.0	canonical package manifest/hash + normative contract review	reviewed-pass	SHA256SUMS match
canonical/LCL_Core_0.1.0/06_STANDARD_LIBRARY/10_CORE_OPERATION_PARAMETER_RULES.txt	7844651b8331dd16dfa2cf76f6f03fa097047b6e	24234	canonical-package-0.1.0	canonical package manifest/hash + normative contract review	reviewed-pass	SHA256SUMS match
canonical/LCL_Core_0.1.0/07_VERSIONING_AND_EXTENSIONS/01_LANGUAGE_AND_SPECIFICATION_VERSIONING.txt	bcf4cbcf46526cbb7045debee3bd57eeb64bba4a	601	canonical-package-0.1.0	canonical package manifest/hash + normative contract review	reviewed-pass	SHA256SUMS match
canonical/LCL_Core_0.1.0/07_VERSIONING_AND_EXTENSIONS/02_IMPORT_VERSION_CHECKSUM_AND_NAMESPACE.txt	f5b1e4aa98f38bfa78dc9b8211d5986ca3a09bab	1687	canonical-package-0.1.0	canonical package manifest/hash + normative contract review	reviewed-pass	SHA256SUMS match
canonical/LCL_Core_0.1.0/07_VERSIONING_AND_EXTENSIONS/03_EXTENSION_CONTRACT.txt	bf6900d57d3d6211281a6379921c61efc3d26196	2525	canonical-package-0.1.0	canonical package manifest/hash + normative contract review	reviewed-pass	SHA256SUMS match
canonical/LCL_Core_0.1.0/07_VERSIONING_AND_EXTENSIONS/04_CONFORMANCE_LEVELS.txt	cae7866ac0b3c561a635c0f21fe7339ec122b69f	713	canonical-package-0.1.0	canonical package manifest/hash + normative contract review	reviewed-pass	SHA256SUMS match
canonical/LCL_Core_0.1.0/07_VERSIONING_AND_EXTENSIONS/05_FORWARD_COMPATIBILITY_AND_UNKNOWN_FEATURES.txt	11aedb26016e09b7edc39b9ffd8d01498401e512	480	canonical-package-0.1.0	canonical package manifest/hash + normative contract review	reviewed-pass	SHA256SUMS match
canonical/LCL_Core_0.1.0/07_VERSIONING_AND_EXTENSIONS/06_NORMATIVE_SOURCE_PRECEDENCE.txt	4ec847391829202916f5c7e741aec3a6a2bb2c59	901	canonical-package-0.1.0	canonical package manifest/hash + normative contract review	reviewed-pass	SHA256SUMS match
canonical/LCL_Core_0.1.0/08_EXAMPLES/INVALID/01_WRONG_KEYWORD_CASE.invalid.lcl	c7f472f2686a6988a1a73896915258bcdf3113d5	26	canonical-package-0.1.0	canonical package manifest/hash + normative contract review	reviewed-pass	SHA256SUMS match
canonical/LCL_Core_0.1.0/08_EXAMPLES/INVALID/01_WRONG_KEYWORD_CASE.invalid.lcl.expected.txt	c9abf25aaf7a298d5e970e74a31557ac9d98d9ab	113	canonical-package-0.1.0	canonical package manifest/hash + normative contract review	reviewed-pass	SHA256SUMS match
canonical/LCL_Core_0.1.0/08_EXAMPLES/INVALID/02_TAB_INDENTATION.invalid.lcl	2ec4dee53a4672259388750736fb5ac46d490194	23	canonical-package-0.1.0	canonical package manifest/hash + normative contract review	reviewed-pass	SHA256SUMS match
canonical/LCL_Core_0.1.0/08_EXAMPLES/INVALID/02_TAB_INDENTATION.invalid.lcl.expected.txt	afdb03fa82e44f5e50bc6ae2a0458a5fd7d286ed	111	canonical-package-0.1.0	canonical package manifest/hash + normative contract review	reviewed-pass	SHA256SUMS match
canonical/LCL_Core_0.1.0/08_EXAMPLES/INVALID/03_BARE_EQUALS.invalid.lcl	911a755658aa5605dc9704261e5f913dc6d4ed15	27	canonical-package-0.1.0	canonical package manifest/hash + normative contract review	reviewed-pass	SHA256SUMS match
canonical/LCL_Core_0.1.0/08_EXAMPLES/INVALID/03_BARE_EQUALS.invalid.lcl.expected.txt	a83def0d7f91cf71615001f768d1e26e45250fa3	115	canonical-package-0.1.0	canonical package manifest/hash + normative contract review	reviewed-pass	SHA256SUMS match
canonical/LCL_Core_0.1.0/08_EXAMPLES/INVALID/04_UNKNOWN_MODAL.invalid.lcl	94928ace051f474a9d498d589cfa0d947c7c7c6b	155	canonical-package-0.1.0	canonical package manifest/hash + normative contract review	reviewed-pass	SHA256SUMS match
canonical/LCL_Core_0.1.0/08_EXAMPLES/INVALID/04_UNKNOWN_MODAL.invalid.lcl.expected.txt	970c1c40beb87c4f0bb104c948ca6f01d55c66f3	116	canonical-package-0.1.0	canonical package manifest/hash + normative contract review	reviewed-pass	SHA256SUMS match
canonical/LCL_Core_0.1.0/08_EXAMPLES/INVALID/05_DUPLICATE_ID.invalid.lcl	2760a57d06b5bc3f446494c4612f453c42d331e0	243	canonical-package-0.1.0	canonical package manifest/hash + normative contract review	reviewed-pass	SHA256SUMS match
canonical/LCL_Core_0.1.0/08_EXAMPLES/INVALID/05_DUPLICATE_ID.invalid.lcl.expected.txt	d14b539de0b6e6c92211441f87c8294159a7a6c1	113	canonical-package-0.1.0	canonical package manifest/hash + normative contract review	reviewed-pass	SHA256SUMS match
canonical/LCL_Core_0.1.0/08_EXAMPLES/INVALID/06_UNRESOLVED_REFERENCE.invalid.lcl	aadd9897cf85d47dbf84abdb93d278c2c39e2c54	175	canonical-package-0.1.0	canonical package manifest/hash + normative contract review	reviewed-pass	SHA256SUMS match
canonical/LCL_Core_0.1.0/08_EXAMPLES/INVALID/06_UNRESOLVED_REFERENCE.invalid.lcl.expected.txt	a5f3ece60724fcfbfa306bba28d2ea451f73ec6e	121	canonical-package-0.1.0	canonical package manifest/hash + normative contract review	reviewed-pass	SHA256SUMS match
canonical/LCL_Core_0.1.0/08_EXAMPLES/INVALID/07_TYPE_MISMATCH.invalid.lcl	7af96762e0131246cda5664154a651d33e7793a5	193	canonical-package-0.1.0	canonical package manifest/hash + normative contract review	reviewed-pass	SHA256SUMS match
canonical/LCL_Core_0.1.0/08_EXAMPLES/INVALID/07_TYPE_MISMATCH.invalid.lcl.expected.txt	8a53d25cd981fbf7230568c5e6a1ecc73deabe17	114	canonical-package-0.1.0	canonical package manifest/hash + normative contract review	reviewed-pass	SHA256SUMS match
canonical/LCL_Core_0.1.0/08_EXAMPLES/INVALID/08_HARD_CONFLICT.invalid.lcl	3ab1f1e272575f73d30d86c805f2d28f426620b7	321	canonical-package-0.1.0	canonical package manifest/hash + normative contract review	reviewed-pass	SHA256SUMS match
canonical/LCL_Core_0.1.0/08_EXAMPLES/INVALID/08_HARD_CONFLICT.invalid.lcl.expected.txt	5aef903e5cc6e9d7a7f830516ac0566c96d19e5f	114	canonical-package-0.1.0	canonical package manifest/hash + normative contract review	reviewed-pass	SHA256SUMS match
canonical/LCL_Core_0.1.0/08_EXAMPLES/INVALID/09_UNBOUNDED_WHILE.invalid.lcl	92980a376e16d3183206156ede5677d38087d6ad	218	canonical-package-0.1.0	canonical package manifest/hash + normative contract review	reviewed-pass	SHA256SUMS match
canonical/LCL_Core_0.1.0/08_EXAMPLES/INVALID/09_UNBOUNDED_WHILE.invalid.lcl.expected.txt	970c1c40beb87c4f0bb104c948ca6f01d55c66f3	116	canonical-package-0.1.0	canonical package manifest/hash + normative contract review	reviewed-pass	SHA256SUMS match
canonical/LCL_Core_0.1.0/08_EXAMPLES/INVALID/10_CONTEXT_WITHOUT_SCOPE.invalid.lcl	ec94b01d7f321fb7c431e3741301af540f256034	215	canonical-package-0.1.0	canonical package manifest/hash + normative contract review	reviewed-pass	SHA256SUMS match
canonical/LCL_Core_0.1.0/08_EXAMPLES/INVALID/10_CONTEXT_WITHOUT_SCOPE.invalid.lcl.expected.txt	c76ebc7254904d68a3c4f6ff1931774bdd9d774e	115	canonical-package-0.1.0	canonical package manifest/hash + normative contract review	reviewed-pass	SHA256SUMS match
canonical/LCL_Core_0.1.0/08_EXAMPLES/INVALID/11_DUPLICATE_FIELD.invalid.lcl	2158b9e19d173ad0cc7b015556d083e340b44522	154	canonical-package-0.1.0	canonical package manifest/hash + normative contract review	reviewed-pass	SHA256SUMS match
canonical/LCL_Core_0.1.0/08_EXAMPLES/INVALID/11_DUPLICATE_FIELD.invalid.lcl.expected.txt	650a85637a2e1e4befc285419bfc49c73a58d4ec	116	canonical-package-0.1.0	canonical package manifest/hash + normative contract review	reviewed-pass	SHA256SUMS match
canonical/LCL_Core_0.1.0/08_EXAMPLES/INVALID/12_FLOATING_VERSION.invalid.lcl	70950398dafc506974fd41c3892c4c57c1ecd8bd	137	canonical-package-0.1.0	canonical package manifest/hash + normative contract review	reviewed-pass	SHA256SUMS match
canonical/LCL_Core_0.1.0/08_EXAMPLES/INVALID/12_FLOATING_VERSION.invalid.lcl.expected.txt	a62dc957ed44bf9145a79e54c2cd6d033acc9778	120	canonical-package-0.1.0	canonical package manifest/hash + normative contract review	reviewed-pass	SHA256SUMS match
canonical/LCL_Core_0.1.0/08_EXAMPLES/INVALID/13_PERCENT_SYMBOL.invalid.lcl	a30ebbff6b3c8467b2d2d1505b5f79a28e00af60	188	canonical-package-0.1.0	canonical package manifest/hash + normative contract review	reviewed-pass	SHA256SUMS match
canonical/LCL_Core_0.1.0/08_EXAMPLES/INVALID/13_PERCENT_SYMBOL.invalid.lcl.expected.txt	a83def0d7f91cf71615001f768d1e26e45250fa3	115	canonical-package-0.1.0	canonical package manifest/hash + normative contract review	reviewed-pass	SHA256SUMS match
canonical/LCL_Core_0.1.0/08_EXAMPLES/INVALID/14_SINGLE_QUOTED_STRING.invalid.lcl	ec0fdd32de45e6f05eab4cee9a1aa14f7cc63955	130	canonical-package-0.1.0	canonical package manifest/hash + normative contract review	reviewed-pass	SHA256SUMS match
canonical/LCL_Core_0.1.0/08_EXAMPLES/INVALID/14_SINGLE_QUOTED_STRING.invalid.lcl.expected.txt	a83def0d7f91cf71615001f768d1e26e45250fa3	115	canonical-package-0.1.0	canonical package manifest/hash + normative contract review	reviewed-pass	SHA256SUMS match
canonical/LCL_Core_0.1.0/08_EXAMPLES/INVALID/15_MISSING_TASK_STRUCTURE.invalid.lcl	3a282ec53680be7b024f7bd00aded6509b0ad83a	931	canonical-package-0.1.0	canonical package manifest/hash + normative contract review	reviewed-pass	SHA256SUMS match
canonical/LCL_Core_0.1.0/08_EXAMPLES/INVALID/15_MISSING_TASK_STRUCTURE.invalid.lcl.expected.txt	bb05afe74531bb869ea81bbcf9e374aae07af491	192	canonical-package-0.1.0	canonical package manifest/hash + normative contract review	reviewed-pass	SHA256SUMS match
canonical/LCL_Core_0.1.0/08_EXAMPLES/INVALID/16_ITEM_COLLECTION.invalid.lcl	a802e4a139a2ef5eedbaccaca2ff3656b0d9a0a0	245	canonical-package-0.1.0	canonical package manifest/hash + normative contract review	reviewed-pass	SHA256SUMS match
canonical/LCL_Core_0.1.0/08_EXAMPLES/INVALID/16_ITEM_COLLECTION.invalid.lcl.expected.txt	162095a3d1a54117b0a676600fd8c6ac30f319e7	147	canonical-package-0.1.0	canonical package manifest/hash + normative contract review	reviewed-pass	SHA256SUMS match
canonical/LCL_Core_0.1.0/08_EXAMPLES/INVALID/17_REGEX_FLAGS.invalid.lcl	d9c009e9a180ba6205d83ad798da346f9972de90	237	canonical-package-0.1.0	canonical package manifest/hash + normative contract review	reviewed-pass	SHA256SUMS match
canonical/LCL_Core_0.1.0/08_EXAMPLES/INVALID/17_REGEX_FLAGS.invalid.lcl.expected.txt	7d4c5d8f4c56aa7d907d4daee151e3f668e9eda6	148	canonical-package-0.1.0	canonical package manifest/hash + normative contract review	reviewed-pass	SHA256SUMS match
canonical/LCL_Core_0.1.0/08_EXAMPLES/INVALID/18_NON_TERMINATING_DIVISION.invalid.lcl	af87343677603a1022a068a00726fadd780d728c	255	canonical-package-0.1.0	canonical package manifest/hash + normative contract review	reviewed-pass	SHA256SUMS match
canonical/LCL_Core_0.1.0/08_EXAMPLES/INVALID/18_NON_TERMINATING_DIVISION.invalid.lcl.expected.txt	5835f936275e0f630b71564739640b31b6984a04	179	canonical-package-0.1.0	canonical package manifest/hash + normative contract review	reviewed-pass	SHA256SUMS match
canonical/LCL_Core_0.1.0/08_EXAMPLES/INVALID/19_DIVISION_BY_ZERO.invalid.lcl	b41a779e35532bb55c8f58c7518f36385eebfadd	253	canonical-package-0.1.0	canonical package manifest/hash + normative contract review	reviewed-pass	SHA256SUMS match
canonical/LCL_Core_0.1.0/08_EXAMPLES/INVALID/19_DIVISION_BY_ZERO.invalid.lcl.expected.txt	566b7c7fe919ceaf69d3645876b934b0d7410781	189	canonical-package-0.1.0	canonical package manifest/hash + normative contract review	reviewed-pass	SHA256SUMS match
canonical/LCL_Core_0.1.0/08_EXAMPLES/INVALID/20_UNORDERED_SET_DIRECT_ITERATION.invalid.lcl	dd762617c3f3cb5bc266c88408e72d6e6c524c38	954	canonical-package-0.1.0	canonical package manifest/hash + normative contract review	reviewed-pass	SHA256SUMS match
canonical/LCL_Core_0.1.0/08_EXAMPLES/INVALID/20_UNORDERED_SET_DIRECT_ITERATION.invalid.lcl.expected.txt	ba3882e4131f784fcb3c9af98067f059da978af0	254	canonical-package-0.1.0	canonical package manifest/hash + normative contract review	reviewed-pass	SHA256SUMS match
canonical/LCL_Core_0.1.0/08_EXAMPLES/INVALID/21_SORT_STABLE_PARAMETER.invalid.lcl	6c723de59bf28d1ad03d4007897f865960129874	990	canonical-package-0.1.0	canonical package manifest/hash + normative contract review	reviewed-pass	SHA256SUMS match
canonical/LCL_Core_0.1.0/08_EXAMPLES/INVALID/21_SORT_STABLE_PARAMETER.invalid.lcl.expected.txt	216f59c7053df64b488e6ddb96754a5dcbcc9e38	248	canonical-package-0.1.0	canonical package manifest/hash + normative contract review	reviewed-pass	SHA256SUMS match
canonical/LCL_Core_0.1.0/08_EXAMPLES/VALID/01_MINIMAL_TASK.lcl	41f8864f74e18998ae83332ca943f15f77a7a042	955	canonical-package-0.1.0	canonical package manifest/hash + normative contract review	reviewed-pass	SHA256SUMS match
canonical/LCL_Core_0.1.0/08_EXAMPLES/VALID/02_IMPORT_LIBRARY.lcl	c2d401bb92d4ed043e8d05abf6a956b1b44c888a	340	canonical-package-0.1.0	canonical package manifest/hash + normative contract review	reviewed-pass	SHA256SUMS match
canonical/LCL_Core_0.1.0/08_EXAMPLES/VALID/03_IMPORTING_TASK.lcl	7dbdcbe22594f177450e9f7f4be53578ff5b14ac	1212	canonical-package-0.1.0	canonical package manifest/hash + normative contract review	reviewed-pass	SHA256SUMS match
canonical/LCL_Core_0.1.0/08_EXAMPLES/VALID/04_AUTOMATED_CODING_TASK.lcl	2254ec4956f135e14e58fbf67a7f2140c854e966	2670	canonical-package-0.1.0	canonical package manifest/hash + normative contract review	reviewed-pass	SHA256SUMS match
canonical/LCL_Core_0.1.0/08_EXAMPLES/VALID/05_CONDITION_AND_ITERATION.lcl	c38f20f9563e0483a96ef26acdc9008b69cd6c3b	928	canonical-package-0.1.0	canonical package manifest/hash + normative contract review	reviewed-pass	SHA256SUMS match
canonical/LCL_Core_0.1.0/08_EXAMPLES/VALID/06_EXPLICIT_CONTEXT_MEMORY_AND_STATE.lcl	b16a4f945a4959cebb2032a105b1347f2359ed9d	1463	canonical-package-0.1.0	canonical package manifest/hash + normative contract review	reviewed-pass	SHA256SUMS match
canonical/LCL_Core_0.1.0/08_EXAMPLES/VALID/07_DOMAIN_EXTENSION_OPERATION.lcl	5b2eea273143453bff0e03c3acd63e788346b271	2374	canonical-package-0.1.0	canonical package manifest/hash + normative contract review	reviewed-pass	SHA256SUMS match
canonical/LCL_Core_0.1.0/08_EXAMPLES/VALID/08_AUTHORITY_OVERRIDE_HANDLER_AND_RETRY.lcl	363339178162407fd65ae6b1b7968608e1cd1b48	1790	canonical-package-0.1.0	canonical package manifest/hash + normative contract review	reviewed-pass	SHA256SUMS match
canonical/LCL_Core_0.1.0/08_EXAMPLES/VALID/09_EXPLICIT_ASSUMPTION_AND_EVIDENCE.lcl	5a5cf3b6ffc92df7ea90f9ff9162d91b382f6345	1275	canonical-package-0.1.0	canonical package manifest/hash + normative contract review	reviewed-pass	SHA256SUMS match
canonical/LCL_Core_0.1.0/08_EXAMPLES/VALID/10_ACCEPTED_CORE_PROFILES.lcl	fa59586bac243713afc76a9f0dc6fe2a78ec6274	1072	canonical-package-0.1.0	canonical package manifest/hash + normative contract review	reviewed-pass	SHA256SUMS match
canonical/LCL_Core_0.1.0/08_EXAMPLES/VALID/11_EXACT_DIVISION_AND_ROUNDING.lcl	41095c1add91ade9ee1df081d73c6b8ef4f227e5	733	canonical-package-0.1.0	canonical package manifest/hash + normative contract review	reviewed-pass	SHA256SUMS match
canonical/LCL_Core_0.1.0/08_EXAMPLES/VALID/12_SET_SORTING.lcl	1aedc3eba5097bc790ecbf72018dd2b7912a19c4	1802	canonical-package-0.1.0	canonical package manifest/hash + normative contract review	reviewed-pass	SHA256SUMS match
canonical/LCL_Core_0.1.0/08_EXAMPLES/VALID/13_TYPES_AND_REFERENCE_VALUES.lcl	2805cfa0e8187005fd4637b531e300a926529757	1178	canonical-package-0.1.0	canonical package manifest/hash + normative contract review	reviewed-pass	SHA256SUMS match
canonical/LCL_Core_0.1.0/09_CONFORMANCE/01_CONFORMANCE_REQUIREMENTS.txt	b89d009a8037318fda5a89e266f417311eaada9c	3835	canonical-package-0.1.0	canonical package manifest/hash + normative contract review	reviewed-pass	SHA256SUMS match
canonical/LCL_Core_0.1.0/09_CONFORMANCE/CASES/core_conformance_cases_v0.1.0.json	c958187c7297ba71562ef62306446cfb5fd42418	299174	canonical-package-0.1.0	canonical package manifest/hash + normative contract review	reviewed-pass	SHA256SUMS match; json parse ok
canonical/LCL_Core_0.1.0/09_CONFORMANCE/CASES/language_decision_cases_v0.1.0.json	458f4df2f3d52f8e7fc72b8109c1a12be1abd832	16717	canonical-package-0.1.0	canonical package manifest/hash + normative contract review	reviewed-pass	SHA256SUMS match; json parse ok
canonical/LCL_Core_0.1.0/09_CONFORMANCE/SOURCE_FIXTURES/expected_results.json	fe892c48c044fab2cd724df71f79982a56697293	786	canonical-package-0.1.0	canonical package manifest/hash + normative contract review	reviewed-pass	SHA256SUMS match; json parse ok
canonical/LCL_Core_0.1.0/09_CONFORMANCE/SOURCE_FIXTURES/invalid_bom.lcl	742cd755d0458f5d2dccaf3b6ee3efafb9044736	139	canonical-package-0.1.0	canonical package manifest/hash + normative contract review	reviewed-pass	SHA256SUMS match
canonical/LCL_Core_0.1.0/09_CONFORMANCE/SOURCE_FIXTURES/invalid_control.lcl	de64512efd9ae18a46b5dbfc874ef9cf4f10cb60	137	canonical-package-0.1.0	canonical package manifest/hash + normative contract review	reviewed-pass	SHA256SUMS match
canonical/LCL_Core_0.1.0/09_CONFORMANCE/SOURCE_FIXTURES/invalid_crlf.lcl	7ecc400fea5a90121e4a0a92b7d739ecfd387cc5	144	canonical-package-0.1.0	canonical package manifest/hash + normative contract review	reviewed-pass	SHA256SUMS match
canonical/LCL_Core_0.1.0/09_CONFORMANCE/SOURCE_FIXTURES/invalid_hash.lcl	351a9856152bfc2dd55de44d325db09db5c0969c	146	canonical-package-0.1.0	canonical package manifest/hash + normative contract review	reviewed-pass	SHA256SUMS match
canonical/LCL_Core_0.1.0/09_CONFORMANCE/SOURCE_FIXTURES/invalid_indent_jump.lcl	ae8598f51224490f5cc4b4fccb2deb77eb19b968	140	canonical-package-0.1.0	canonical package manifest/hash + normative contract review	reviewed-pass	SHA256SUMS match
canonical/LCL_Core_0.1.0/09_CONFORMANCE/SOURCE_FIXTURES/invalid_indent_width.lcl	0e73827ee5055dfcd6fe8300af1bccfdb712d703	134	canonical-package-0.1.0	canonical package manifest/hash + normative contract review	reviewed-pass	SHA256SUMS match
canonical/LCL_Core_0.1.0/09_CONFORMANCE/SOURCE_FIXTURES/invalid_no_final_lf.lcl	b62cf65e7a264d427f94a70c1a3b20ac472b652b	135	canonical-package-0.1.0	canonical package manifest/hash + normative contract review	reviewed-pass	SHA256SUMS match
canonical/LCL_Core_0.1.0/09_CONFORMANCE/SOURCE_FIXTURES/invalid_semicolon.lcl	438f226ec4c1ef643a3a4bf0599969ad7902065d	137	canonical-package-0.1.0	canonical package manifest/hash + normative contract review	reviewed-pass	SHA256SUMS match
canonical/LCL_Core_0.1.0/09_CONFORMANCE/SOURCE_FIXTURES/invalid_single_quote.lcl	b52805bf1af6122a54fe05ea2a29e1a1a94b20dd	136	canonical-package-0.1.0	canonical package manifest/hash + normative contract review	reviewed-pass	SHA256SUMS match
canonical/LCL_Core_0.1.0/09_CONFORMANCE/SOURCE_FIXTURES/invalid_tab.lcl	ffb8e6bf46a078a8a741b21c9eaff434031bb290	133	canonical-package-0.1.0	canonical package manifest/hash + normative contract review	reviewed-pass	SHA256SUMS match
canonical/LCL_Core_0.1.0/09_CONFORMANCE/SOURCE_FIXTURES/invalid_trailing_space.lcl	d864fdd4b58d252bfd256d9e2149e28adec4438e	137	canonical-package-0.1.0	canonical package manifest/hash + normative contract review	reviewed-pass	SHA256SUMS match
canonical/LCL_Core_0.1.0/09_CONFORMANCE/SOURCE_FIXTURES/invalid_typographic_quote.lcl	6e7dc410a12623efe053b493dbec72b52e01d4ff	140	canonical-package-0.1.0	canonical package manifest/hash + normative contract review	reviewed-pass	SHA256SUMS match
canonical/LCL_Core_0.1.0/09_CONFORMANCE/SOURCE_FIXTURES/invalid_unclosed_string.lcl	947618018c14920d1db46bdb2252473fa4f5ec81	135	canonical-package-0.1.0	canonical package manifest/hash + normative contract review	reviewed-pass	SHA256SUMS match
canonical/LCL_Core_0.1.0/09_CONFORMANCE/SOURCE_FIXTURES/valid_minimum.lcl	5c07796566bfd416221c33e1dbc2e7382323b07b	145	canonical-package-0.1.0	canonical package manifest/hash + normative contract review	reviewed-pass	SHA256SUMS match
canonical/LCL_Core_0.1.0/09_CONFORMANCE/SOURCE_FIXTURES/valid_unicode_string.lcl	77cd4685f33327aeb8f1defa4e37331896d08434	152	canonical-package-0.1.0	canonical package manifest/hash + normative contract review	reviewed-pass	SHA256SUMS match
canonical/LCL_Core_0.1.0/09_CONFORMANCE/TOOLS/generate_integrity.py	3b11eccd407832eed8cb5a051dcd9fea2a6ca543	7563	canonical-package-0.1.0	canonical package manifest/hash + normative contract review	reviewed-pass	SHA256SUMS match
canonical/LCL_Core_0.1.0/09_CONFORMANCE/TOOLS/validate_ebnf.py	74096365eb174cfc71b4d35338a9a210328bb969	10147	canonical-package-0.1.0	canonical package manifest/hash + normative contract review	reviewed-pass	SHA256SUMS match
canonical/LCL_Core_0.1.0/09_CONFORMANCE/TOOLS/validate_language_contracts.py	0528c07d2ed091308d113a7cd47d0e107e799125	18803	canonical-package-0.1.0	canonical package manifest/hash + normative contract review	reviewed-pass	SHA256SUMS match
canonical/LCL_Core_0.1.0/09_CONFORMANCE/TOOLS/validate_release.py	ad4e6ed380fcffc29b5d7d3ac20bb2e1eee3f23a	383075	canonical-package-0.1.0	canonical package manifest/hash + normative contract review	reviewed-pass	SHA256SUMS match
canonical/LCL_Core_0.1.0/09_CONFORMANCE/TOOLS/validate_source_fixtures.py	874022775c2123d52f3d617b430c58f4be53d418	7388	canonical-package-0.1.0	canonical package manifest/hash + normative contract review	reviewed-pass	SHA256SUMS match
canonical/LCL_Core_0.1.0/10_REGISTRIES/ambiguous_replacements_v0.1.0.json	4084619b475589575e189a102f7f3dadbc84d1f3	1152	canonical-package-0.1.0	canonical package manifest/hash + normative contract review	reviewed-pass	SHA256SUMS match; json parse ok
canonical/LCL_Core_0.1.0/10_REGISTRIES/block_schemas_v0.1.0.json	c65fd106725ff8ca865aea485c19f7f649c4c1cf	27113	canonical-package-0.1.0	canonical package manifest/hash + normative contract review	reviewed-pass	SHA256SUMS match; json parse ok
canonical/LCL_Core_0.1.0/10_REGISTRIES/built_in_groups_and_results_v0.1.0.json	3c92e774f0277b25430db9245a68921b957fd890	27237	canonical-package-0.1.0	canonical package manifest/hash + normative contract review	reviewed-pass	SHA256SUMS match; json parse ok
canonical/LCL_Core_0.1.0/10_REGISTRIES/field_signatures_v0.1.0.json	a445fd081e12cb8d50b2d4b81908ba8806b10b1d	95843	canonical-package-0.1.0	canonical package manifest/hash + normative contract review	reviewed-pass	SHA256SUMS match; json parse ok
canonical/LCL_Core_0.1.0/10_REGISTRIES/formats_encodings_units_v0.1.0.json	9f13f83fd011526b3a678cac43ca8b8792c0e3ab	3498	canonical-package-0.1.0	canonical package manifest/hash + normative contract review	reviewed-pass	SHA256SUMS match; json parse ok
canonical/LCL_Core_0.1.0/10_REGISTRIES/keywords_v0.1.0.json	c7a26b161a7364bd89763308cc6c54f9d0dee945	34009	canonical-package-0.1.0	canonical package manifest/hash + normative contract review	reviewed-pass	SHA256SUMS match; json parse ok
canonical/LCL_Core_0.1.0/10_REGISTRIES/operations_v0.1.0.json	31e4d484d8994387548194f5f86502350c7dc29d	119015	canonical-package-0.1.0	canonical package manifest/hash + normative contract review	reviewed-pass	SHA256SUMS match; json parse ok
canonical/LCL_Core_0.1.0/10_REGISTRIES/operators_and_functions_v0.1.0.json	a7fe8a6e1a998c7bdb33eb530a00fcd192ce9bd3	30359	canonical-package-0.1.0	canonical package manifest/hash + normative contract review	reviewed-pass	SHA256SUMS match; json parse ok
canonical/LCL_Core_0.1.0/10_REGISTRIES/semantic_meta_types_v0.1.0.json	597865daa782eb23e5b17ab921ca158296aff6c6	1416	canonical-package-0.1.0	canonical package manifest/hash + normative contract review	reviewed-pass	SHA256SUMS match; json parse ok
canonical/LCL_Core_0.1.0/10_REGISTRIES/statuses_and_errors_v0.1.0.json	76972b92c4070d056f9524da42fa8c5409c1476e	62458	canonical-package-0.1.0	canonical package manifest/hash + normative contract review	reviewed-pass	SHA256SUMS match; json parse ok
canonical/LCL_Core_0.1.0/10_REGISTRIES/symbols_v0.1.0.json	cd73c397c78202e6fb8ad8bc53e8c2f0de2f36f0	3105	canonical-package-0.1.0	canonical package manifest/hash + normative contract review	reviewed-pass	SHA256SUMS match; json parse ok
canonical/LCL_Core_0.1.0/10_REGISTRIES/types_v0.1.0.json	39e69614d6096471c176b3f71c6b4f46b6ae4d61	22663	canonical-package-0.1.0	canonical package manifest/hash + normative contract review	reviewed-pass	SHA256SUMS match; json parse ok
canonical/LCL_Core_0.1.0/11_RESEARCH_BASIS/01_DOCUMENTATION_BASIS.txt	123625c2fc7fa24fc73ee91437775903ccc4a6a0	564	canonical-package-0.1.0	canonical package manifest/hash + normative contract review	reviewed-pass	SHA256SUMS match
canonical/LCL_Core_0.1.0/11_RESEARCH_BASIS/02_FROZEN_DESIGN_DECISIONS.txt	b107dc2a8e489aef642501a36aed5aafcbe7b674	1072	canonical-package-0.1.0	canonical package manifest/hash + normative contract review	reviewed-pass	SHA256SUMS match
canonical/LCL_Core_0.1.0/11_RESEARCH_BASIS/03_INTENTIONALLY_EXCLUDED_FROM_CORE.txt	5562e214c50386f18998b5d560dc70904f47a66a	578	canonical-package-0.1.0	canonical package manifest/hash + normative contract review	reviewed-pass	SHA256SUMS match
canonical/LCL_Core_0.1.0/11_RESEARCH_BASIS/04_RELATION_TO_EXISTING_LANGUAGES.txt	a61c5792f958f49a8c4c363f7ff3d7f1ef6c15e9	598	canonical-package-0.1.0	canonical package manifest/hash + normative contract review	reviewed-pass	SHA256SUMS match
canonical/LCL_Core_0.1.0/CHANGELOG.txt	42f598f39d5627998c4db0945dc211c39ae7d527	8150	canonical-package-0.1.0	canonical package manifest/hash + normative contract review	reviewed-pass	SHA256SUMS match
canonical/LCL_Core_0.1.0/INDEX.txt	59724fb7573c2abbeb26569ca427b2fbfb1f8c92	7868	canonical-package-0.1.0	canonical package manifest/hash + normative contract review	reviewed-pass	SHA256SUMS match
canonical/LCL_Core_0.1.0/MANIFEST.json	a57be0ac790f3ac504285c3a8f640d6ff49e7e47	33985	canonical-package-0.1.0	canonical package manifest/hash + normative contract review	reviewed-pass	SHA256SUMS match; json parse ok
canonical/LCL_Core_0.1.0/README.txt	a8bc3a8f953407194a2fef660c712527479e3dc8	3352	canonical-package-0.1.0	canonical package manifest/hash + normative contract review	reviewed-pass	SHA256SUMS match
canonical/LCL_Core_0.1.0/SHA256SUMS.txt	265b2db102a44f36af3d6c96c991db39fee9a3a9	20831	canonical-package-0.1.0	canonical package manifest/hash + normative contract review	reviewed-pass	checksum list itself (verified by sha256sum -c gate)
canonical/LCL_Core_0.1.0/VALIDATION_REPORT.txt	fa503a02b682e2cb1d56ee944a11abb4de231f96	5055	canonical-package-0.1.0	canonical package manifest/hash + normative contract review	reviewed-pass	SHA256SUMS match
canonical/LCL_Core_0.1.0/VERSION.txt	8196e689569b4b3d0763c88a886e80bd57e53b7e	827	canonical-package-0.1.0	canonical package manifest/hash + normative contract review	reviewed-pass	SHA256SUMS match
canonical/LCL_Core_0.2.0/00_RELEASE/00_CANONICAL_SOURCE_AND_PROVENANCE.txt	1ac01bf6de6cbdd2b21f235bba658a179fbb4a99	3050	canonical-package-0.2.0	canonical package manifest/hash + normative contract review	reviewed-pass	SHA256SUMS match
canonical/LCL_Core_0.2.0/00_RELEASE/01_RELEASE_STATUS_AND_BOUNDARY.txt	edaea7efbf671ef737c8c1f636e63969ae7ac751	3415	canonical-package-0.2.0	canonical package manifest/hash + normative contract review	reviewed-pass	SHA256SUMS match
canonical/LCL_Core_0.2.0/00_RELEASE/02_NORMATIVE_AUTHORITY_ORDER.txt	97ca2a6e9c07e7509709d5f7f9f487a04b937508	778	canonical-package-0.2.0	canonical package manifest/hash + normative contract review	reviewed-pass	SHA256SUMS match
canonical/LCL_Core_0.2.0/00_RELEASE/03_COMPLETENESS_CRITERIA.txt	31a81dda33ab89651d3014097dbc3de895d2815e	4017	canonical-package-0.2.0	canonical package manifest/hash + normative contract review	reviewed-pass	SHA256SUMS match
canonical/LCL_Core_0.2.0/00_RELEASE/04_CHANGE_CONTROL.txt	d80261d6e3353e9e9c929c8f16344c70c49dacdd	1548	canonical-package-0.2.0	canonical package manifest/hash + normative contract review	reviewed-pass	SHA256SUMS match
canonical/LCL_Core_0.2.0/00_RELEASE/05_LANGUAGE_CLOSURE.json	83229db50f70966236a95e175244554134549dff	4558	canonical-package-0.2.0	canonical package manifest/hash + normative contract review	reviewed-finding	SHA256SUMS match; json parse ok; F5-B3 (F29): independent_review still in pending_decisions, release_gate_permitted false (owner decision, validate_release.py BLOCKED)
canonical/LCL_Core_0.2.0/01_FOUNDATION/01_PURPOSE_AND_TERMINOLOGY.txt	ed6b46f5c6782f7aed21cba8a9bd8d3b2daf5b76	857	canonical-package-0.2.0	canonical package manifest/hash + normative contract review	reviewed-pass	SHA256SUMS match
canonical/LCL_Core_0.2.0/01_FOUNDATION/02_DESIGN_PRINCIPLES.txt	3a0457439c8e78a06bedc5a253b649f565bbcf7d	918	canonical-package-0.2.0	canonical package manifest/hash + normative contract review	reviewed-pass	SHA256SUMS match
canonical/LCL_Core_0.2.0/01_FOUNDATION/03_NORMATIVE_PROCESSING_MODEL.txt	ecde198d2d76021c8dfb917c36198600f5334ca6	5069	canonical-package-0.2.0	canonical package manifest/hash + normative contract review	reviewed-pass	SHA256SUMS match
canonical/LCL_Core_0.2.0/01_FOUNDATION/04_DOCUMENT_KINDS_AND_BOUNDARIES.txt	b3d6a2ae4c22dd7315dda51dfe553e6ecd4c33bb	610	canonical-package-0.2.0	canonical package manifest/hash + normative contract review	reviewed-pass	SHA256SUMS match
canonical/LCL_Core_0.2.0/01_FOUNDATION/05_NORMATIVE_AND_NON_NORMATIVE_CONTENT.txt	fdffe488fbd32aacf769be1f5e7f997590564c27	539	canonical-package-0.2.0	canonical package manifest/hash + normative contract review	reviewed-pass	SHA256SUMS match
canonical/LCL_Core_0.2.0/02_LEXICAL/01_CHARACTER_ENCODING_AND_SOURCE_TEXT.txt	56e8a5e105c43a186fde0d1af5c359cda46db088	1836	canonical-package-0.2.0	canonical package manifest/hash + normative contract review	reviewed-finding	SHA256SUMS match; changed in PRETEST-03 (F11); diff reviewed; F10 decision A stated normatively: UTF-8 decoding is atomic; no prefix establishes VERSION
canonical/LCL_Core_0.2.0/02_LEXICAL/02_WHITESPACE_INDENTATION_AND_LINES.txt	c3681885ae1b0d39a7e0c9b9fc67b109d58e8a68	3802	canonical-package-0.2.0	canonical package manifest/hash + normative contract review	reviewed-pass	SHA256SUMS match
canonical/LCL_Core_0.2.0/02_LEXICAL/03_IDENTIFIERS_NAMESPACES_AND_RESERVED_NAMES.txt	eaa75d938c2ee7bf85ad25541c72c7c9c4074d76	1956	canonical-package-0.2.0	canonical package manifest/hash + normative contract review	reviewed-pass	SHA256SUMS match
canonical/LCL_Core_0.2.0/02_LEXICAL/04_RESERVED_WORDS.txt	1f37ae3edb2495f06eebf45be96398d3c2639a7f	1668	canonical-package-0.2.0	canonical package manifest/hash + normative contract review	reviewed-pass	SHA256SUMS match
canonical/LCL_Core_0.2.0/02_LEXICAL/05_KEYWORD_REFERENCE_A_TO_M.txt	b0eda153ad266fb0b86ab54eae038f68378fcc48	13821	canonical-package-0.2.0	canonical package manifest/hash + normative contract review	reviewed-pass	SHA256SUMS match
canonical/LCL_Core_0.2.0/02_LEXICAL/06_KEYWORD_REFERENCE_N_TO_Z.txt	58c22ecb7d34817c5af5b7ab93702a41c908bf0d	10747	canonical-package-0.2.0	canonical package manifest/hash + normative contract review	reviewed-pass	SHA256SUMS match
canonical/LCL_Core_0.2.0/02_LEXICAL/07_LITERALS_AND_ESCAPE_SEQUENCES.txt	75b340368d8958d6aa1ae782267542f468674d3a	2560	canonical-package-0.2.0	canonical package manifest/hash + normative contract review	reviewed-pass	SHA256SUMS match
canonical/LCL_Core_0.2.0/02_LEXICAL/08_LIST_OBJECT_AND_DATA_LEXICAL_FORM.txt	b5a12c166a546d8994f024b07b0cbf22aff25777	933	canonical-package-0.2.0	canonical package manifest/hash + normative contract review	reviewed-pass	SHA256SUMS match
canonical/LCL_Core_0.2.0/02_LEXICAL/09_ADOPTED_SYMBOLS.txt	f91fdac8b8feb0d9bda47dd19f884635be100b9e	1408	canonical-package-0.2.0	canonical package manifest/hash + normative contract review	reviewed-pass	SHA256SUMS match
canonical/LCL_Core_0.2.0/02_LEXICAL/10_EXCLUDED_SYMBOLS_AND_NOTATION.txt	8e5f4ef0ecf71e1b733717321470336cddec5e74	1042	canonical-package-0.2.0	canonical package manifest/hash + normative contract review	reviewed-pass	SHA256SUMS match
canonical/LCL_Core_0.2.0/02_LEXICAL/11_AMBIGUOUS_WORDS_AND_REPLACEMENTS.txt	17cc79fa476b292695ed87ef224b8c91f292ab55	1297	canonical-package-0.2.0	canonical package manifest/hash + normative contract review	reviewed-pass	SHA256SUMS match
canonical/LCL_Core_0.2.0/02_LEXICAL/12_COMMENT_DESCRIPTION_EXAMPLE_AND_DATA_BOUNDARIES.txt	4301d5c1b3f4d26b1124b81aa3e584354aa55779	554	canonical-package-0.2.0	canonical package manifest/hash + normative contract review	reviewed-pass	SHA256SUMS match
canonical/LCL_Core_0.2.0/02_LEXICAL/13_LOCALIZED_SOURCE_AND_LOCALE_DIRECTIVE.txt	f74d4f44c89415d36cc45d895b85e126bf87cd31	4995	canonical-package-0.2.0	canonical package manifest/hash + normative contract review	reviewed-finding	SHA256SUMS match; changed in PRETEST-03 (F11); diff reviewed; F10 decision A consequence for localized source; consistent with 02_LEXICAL/01
canonical/LCL_Core_0.2.0/03_TYPES_AND_VALUES/01_TYPE_SYSTEM_RULES.txt	d8e29dcfef76a8fc430bd8259c24c64464246290	2747	canonical-package-0.2.0	canonical package manifest/hash + normative contract review	reviewed-pass	SHA256SUMS match
canonical/LCL_Core_0.2.0/03_TYPES_AND_VALUES/02_BUILT_IN_TYPE_REFERENCE.txt	6451a3e8591026f37d4ed51f2d04e0aea86dac41	2624	canonical-package-0.2.0	canonical package manifest/hash + normative contract review	reviewed-pass	SHA256SUMS match
canonical/LCL_Core_0.2.0/03_TYPES_AND_VALUES/03_COLLECTIONS_OBJECTS_ENUMS_AND_EQUALITY.txt	146cbf7a52befcb4e41134fe22f887e49e211af7	3935	canonical-package-0.2.0	canonical package manifest/hash + normative contract review	reviewed-pass	SHA256SUMS match
canonical/LCL_Core_0.2.0/03_TYPES_AND_VALUES/04_TYPED_CONSTRUCTORS_AND_REFERENCES.txt	ca2ff766f7401edb63a39e55d95d8ef2fdaa48fb	6062	canonical-package-0.2.0	canonical package manifest/hash + normative contract review	reviewed-pass	SHA256SUMS match
canonical/LCL_Core_0.2.0/03_TYPES_AND_VALUES/05_CUSTOM_TYPES_SCHEMAS_AND_DEFINITIONS.txt	83a069b55a4dcbb589e07654ee7639240436f185	5800	canonical-package-0.2.0	canonical package manifest/hash + normative contract review	reviewed-pass	SHA256SUMS match
canonical/LCL_Core_0.2.0/03_TYPES_AND_VALUES/06_NUMERIC_ARITHMETIC_COMPARISON_AND_ROUNDING.txt	f40e891996c3f7138e4a6877bc4b833ebefbdd09	2722	canonical-package-0.2.0	canonical package manifest/hash + normative contract review	reviewed-pass	SHA256SUMS match
canonical/LCL_Core_0.2.0/03_TYPES_AND_VALUES/07_FORMATS_ENCODINGS_UNITS_BOUNDS_AND_PATTERNS.txt	78c5521fddbd4e48df788074cc542ae36d6bad88	6673	canonical-package-0.2.0	canonical package manifest/hash + normative contract review	reviewed-pass	SHA256SUMS match
canonical/LCL_Core_0.2.0/03_TYPES_AND_VALUES/08_BUILT_IN_FORMATS_ENCODINGS_AND_UNITS.txt	03cc1b2e465fcfbf0cea213a670702111e87fff0	2120	canonical-package-0.2.0	canonical package manifest/hash + normative contract review	reviewed-pass	SHA256SUMS match
canonical/LCL_Core_0.2.0/03_TYPES_AND_VALUES/09_MISSING_UNKNOWN_NULL_AND_OPTIONALITY.txt	345429581bd47668468b8f7c5ff1df27df7a4e41	2939	canonical-package-0.2.0	canonical package manifest/hash + normative contract review	reviewed-pass	SHA256SUMS match
canonical/LCL_Core_0.2.0/03_TYPES_AND_VALUES/10_COLLECTION_OBJECT_ENUM_AND_SCHEMA_FORMS.txt	2b3cabf6675848f66eaded2a42bcacfcd3d3f0b2	3991	canonical-package-0.2.0	canonical package manifest/hash + normative contract review	reviewed-pass	SHA256SUMS match
canonical/LCL_Core_0.2.0/04_GRAMMAR/01_DOCUMENT_FORM_AND_TOP_LEVEL_ORDER.txt	7d73a7f0347963a3569ba82e59026b4026a0b5db	669	canonical-package-0.2.0	canonical package manifest/hash + normative contract review	reviewed-pass	SHA256SUMS match
canonical/LCL_Core_0.2.0/04_GRAMMAR/02_DECLARATIONS_BLOCKS_FIELDS_AND_NESTING.txt	d4ceaddddfec601a2512771aff3f55e7f58db063	516	canonical-package-0.2.0	canonical package manifest/hash + normative contract review	reviewed-pass	SHA256SUMS match
canonical/LCL_Core_0.2.0/04_GRAMMAR/03_EXPRESSIONS_REFERENCES_PROPERTIES_AND_CALLS.txt	26ecb9618e202084f279ebc3970279deed23aa87	1853	canonical-package-0.2.0	canonical package manifest/hash + normative contract review	reviewed-pass	SHA256SUMS match
canonical/LCL_Core_0.2.0/04_GRAMMAR/04_CONDITIONS_BRANCHES_AND_BOUNDED_ITERATION.txt	5b3ae3b9f73a13e3e7727eeaf2cfe8c155e7f218	1292	canonical-package-0.2.0	canonical package manifest/hash + normative contract review	reviewed-pass	SHA256SUMS match
canonical/LCL_Core_0.2.0/04_GRAMMAR/05_IMPORT_EXTENSION_AND_REFERENCE_FORM.txt	3abe12cd746d9fa6938d15ecaeaaa8ef2e463103	422	canonical-package-0.2.0	canonical package manifest/hash + normative contract review	reviewed-pass	SHA256SUMS match
canonical/LCL_Core_0.2.0/04_GRAMMAR/06_TASK_ACTION_PHASE_SEQUENCE_AND_STEP_FORM.txt	1ca9db979f6109727eebfcf7fb46c6ac443db045	1324	canonical-package-0.2.0	canonical package manifest/hash + normative contract review	reviewed-pass	SHA256SUMS match
canonical/LCL_Core_0.2.0/04_GRAMMAR/07_RULE_CHECK_OUTPUT_AND_COMPLETION_FORM.txt	0fbd0b0a476aece053f1429f615bc17560bbb6a0	949	canonical-package-0.2.0	canonical package manifest/hash + normative contract review	reviewed-pass	SHA256SUMS match
canonical/LCL_Core_0.2.0/04_GRAMMAR/08_CORE_BLOCK_SCHEMAS_A.txt	e3249b900eef1ad8f12b543a29c763d4c3e58237	6438	canonical-package-0.2.0	canonical package manifest/hash + normative contract review	reviewed-pass	SHA256SUMS match
canonical/LCL_Core_0.2.0/04_GRAMMAR/09_CORE_BLOCK_SCHEMAS_B.txt	835a5e11a6aeb00ae0133af943ba8beb609b6bd3	7975	canonical-package-0.2.0	canonical package manifest/hash + normative contract review	reviewed-pass	SHA256SUMS match
canonical/LCL_Core_0.2.0/04_GRAMMAR/10_COMPLETE_EBNF.ebnf	ad4094252e15a3c00ba21115c7c53081c652131b	8510	canonical-package-0.2.0	canonical package manifest/hash + normative contract review	reviewed-pass	SHA256SUMS match
canonical/LCL_Core_0.2.0/04_GRAMMAR/11_GRAMMAR_SEMANTIC_CONSTRAINTS.txt	a503d0df24391db41adc11b7ac41e20c22ae7103	2300	canonical-package-0.2.0	canonical package manifest/hash + normative contract review	reviewed-pass	SHA256SUMS match
canonical/LCL_Core_0.2.0/04_GRAMMAR/12_VALUE_ITEM_PROPERTY_SCHEMA_AND_OBJECT_BLOCKS.txt	20e5028959e17f589e900a5592aa213a071c0fc0	947	canonical-package-0.2.0	canonical package manifest/hash + normative contract review	reviewed-pass	SHA256SUMS match
canonical/LCL_Core_0.2.0/04_GRAMMAR/13_EXACT_FIELD_SIGNATURES.txt	4ce6828570d443a5bdac9138d74897668fdb1469	3350	canonical-package-0.2.0	canonical package manifest/hash + normative contract review	reviewed-pass	SHA256SUMS match
canonical/LCL_Core_0.2.0/05_SEMANTICS/01_DECLARATION_RESOLUTION_REACHABILITY_AND_EXECUTION_GRAPH.txt	1c041e632667cac7856be3c973dc658649c809fc	5313	canonical-package-0.2.0	canonical package manifest/hash + normative contract review	reviewed-pass	SHA256SUMS match
canonical/LCL_Core_0.2.0/05_SEMANTICS/02_SCOPE_TARGET_WORKSPACE_AND_SOURCE.txt	7ecc8c9ea38e850dd97b3bbfbb5cc2cac3829af1	1034	canonical-package-0.2.0	canonical package manifest/hash + normative contract review	reviewed-pass	SHA256SUMS match
canonical/LCL_Core_0.2.0/05_SEMANTICS/03_REQUIRE_ALLOW_FORBID_PREFER_PRESERVE_AND_ACTION_AUTHORIZATION.txt	6d3331e1108fb81af25a31c43e8ab995200d8742	794	canonical-package-0.2.0	canonical package manifest/hash + normative contract review	reviewed-pass	SHA256SUMS match
canonical/LCL_Core_0.2.0/05_SEMANTICS/04_AUTHORITY_PRIORITY_OVERRIDE_AND_CONFLICT_RESOLUTION.txt	de43d17495eecc918187c264d6b7bcb6e3e5353d	1097	canonical-package-0.2.0	canonical package manifest/hash + normative contract review	reviewed-pass	SHA256SUMS match
canonical/LCL_Core_0.2.0/05_SEMANTICS/05_INPUT_DATA_OUTPUT_RESULT_AND_FORMAT.txt	af6c9d1a97ad187cc6c5d2b28c126ec7c83c1380	10065	canonical-package-0.2.0	canonical package manifest/hash + normative contract review	reviewed-pass	SHA256SUMS match
canonical/LCL_Core_0.2.0/05_SEMANTICS/06_MISSING_UNKNOWN_NULL_DEFAULT_ASSUME_AND_HANDLER_RESOLUTION.txt	61fcf8e84e88d459466a17d38a0cf64565e2e070	10342	canonical-package-0.2.0	canonical package manifest/hash + normative contract review	reviewed-pass	SHA256SUMS match
canonical/LCL_Core_0.2.0/05_SEMANTICS/07_CONTEXT_MEMORY_AND_STATE.txt	ca00b2ec917b8dc76195be2afec184d46adfefe2	659	canonical-package-0.2.0	canonical package manifest/hash + normative contract review	reviewed-pass	SHA256SUMS match
canonical/LCL_Core_0.2.0/05_SEMANTICS/08_PHASE_SEQUENCE_STEP_BRANCH_LOOP_RETRY_AND_CONCURRENCY.txt	e3769065eb92d4db8f8af7151d56dd560da3e6c0	3934	canonical-package-0.2.0	canonical package manifest/hash + normative contract review	reviewed-pass	SHA256SUMS match
canonical/LCL_Core_0.2.0/05_SEMANTICS/09_VALIDATION_EXECUTION_FAILURE_AND_TERMINATION.txt	301a5a084c49e21c7005bbe6c65a560b99a7557e	8166	canonical-package-0.2.0	canonical package manifest/hash + normative contract review	reviewed-pass	SHA256SUMS match
canonical/LCL_Core_0.2.0/05_SEMANTICS/10_VERIFY_TEST_EVIDENCE_SUCCESS_FAILURE_AND_STATUS.txt	d1aee68b3dce8862754d7c0f263707446a0401fe	7384	canonical-package-0.2.0	canonical package manifest/hash + normative contract review	reviewed-pass	SHA256SUMS match
canonical/LCL_Core_0.2.0/05_SEMANTICS/11_DETERMINISM_EQUIVALENCE_AND_INTERPRETER_VARIATION.txt	68ee0c28c69bc065da0e7a67542932c8e05d26c6	11368	canonical-package-0.2.0	canonical package manifest/hash + normative contract review	reviewed-pass	SHA256SUMS match
canonical/LCL_Core_0.2.0/05_SEMANTICS/12_OPERATOR_FUNCTION_AND_SPECIAL_VALUE_SEMANTICS.txt	f94083c205e695545c428f0fda2a61ed1dcf5a68	9358	canonical-package-0.2.0	canonical package manifest/hash + normative contract review	reviewed-pass	SHA256SUMS match
canonical/LCL_Core_0.2.0/06_STANDARD_LIBRARY/01_READ_ONLY_AND_ANALYTICAL_OPERATIONS.txt	cf827bdf356a687590c1ca9729a741869a22a8b6	13435	canonical-package-0.2.0	canonical package manifest/hash + normative contract review	reviewed-pass	SHA256SUMS match
canonical/LCL_Core_0.2.0/06_STANDARD_LIBRARY/02_MUTATING_AND_EXTERNAL_OPERATIONS.txt	d0536b8be07d5f1c20fb94cce0004cbd1dbe8d91	18672	canonical-package-0.2.0	canonical package manifest/hash + normative contract review	reviewed-pass	SHA256SUMS match
canonical/LCL_Core_0.2.0/06_STANDARD_LIBRARY/03_CONTROL_OPERATIONS.txt	e65c582ebec8a6d318a2142c9e135472bcf806d2	9794	canonical-package-0.2.0	canonical package manifest/hash + normative contract review	reviewed-pass	SHA256SUMS match
canonical/LCL_Core_0.2.0/06_STANDARD_LIBRARY/04_BUILT_IN_FUNCTIONS.txt	aec7bcb1502f797d930f40347503392ef1e4a558	3399	canonical-package-0.2.0	canonical package manifest/hash + normative contract review	reviewed-pass	SHA256SUMS match
canonical/LCL_Core_0.2.0/06_STANDARD_LIBRARY/05_CORE_STATUS_IDENTIFIERS.txt	3b18ac0edc3880e3a4122e04c1016befe3155e95	2828	canonical-package-0.2.0	canonical package manifest/hash + normative contract review	reviewed-pass	SHA256SUMS match
canonical/LCL_Core_0.2.0/06_STANDARD_LIBRARY/06_CORE_ERROR_IDENTIFIERS_PART_1.txt	a7cd26b0665bb1f9fd4ddb6baaaf5c8e389fc463	4888	canonical-package-0.2.0	canonical package manifest/hash + normative contract review	reviewed-pass	SHA256SUMS match
canonical/LCL_Core_0.2.0/06_STANDARD_LIBRARY/07_CORE_ERROR_IDENTIFIERS_PART_2.txt	0fff56c5d5f8023bb0471a836e8e2479de07f770	8613	canonical-package-0.2.0	canonical package manifest/hash + normative contract review	reviewed-pass	SHA256SUMS match
canonical/LCL_Core_0.2.0/06_STANDARD_LIBRARY/08_BUILT_IN_IDENTIFIER_GROUPS.txt	23edbab0d1a84af5d95b0009c50b9ebb3f98a239	742	canonical-package-0.2.0	canonical package manifest/hash + normative contract review	reviewed-pass	SHA256SUMS match
canonical/LCL_Core_0.2.0/06_STANDARD_LIBRARY/09_BUILT_IN_RESOLUTION_RULES.txt	a117a9fef962eead526acb8abbe935809779b4b4	415	canonical-package-0.2.0	canonical package manifest/hash + normative contract review	reviewed-pass	SHA256SUMS match
canonical/LCL_Core_0.2.0/06_STANDARD_LIBRARY/10_CORE_OPERATION_PARAMETER_RULES.txt	d9ec06fa004654e766d3f1c4a73233e50bef0c07	24234	canonical-package-0.2.0	canonical package manifest/hash + normative contract review	reviewed-pass	SHA256SUMS match
canonical/LCL_Core_0.2.0/07_VERSIONING_AND_EXTENSIONS/01_LANGUAGE_AND_SPECIFICATION_VERSIONING.txt	423ebc9cbab2bec44d69314aa5b356a4d660744c	812	canonical-package-0.2.0	canonical package manifest/hash + normative contract review	reviewed-pass	SHA256SUMS match
canonical/LCL_Core_0.2.0/07_VERSIONING_AND_EXTENSIONS/02_IMPORT_VERSION_CHECKSUM_AND_NAMESPACE.txt	0809253b1160aeb685719605d0fca1df58c5c785	1687	canonical-package-0.2.0	canonical package manifest/hash + normative contract review	reviewed-pass	SHA256SUMS match
canonical/LCL_Core_0.2.0/07_VERSIONING_AND_EXTENSIONS/03_EXTENSION_CONTRACT.txt	565fedc694db23c59926369b703f523e491ae1a7	2525	canonical-package-0.2.0	canonical package manifest/hash + normative contract review	reviewed-pass	SHA256SUMS match
canonical/LCL_Core_0.2.0/07_VERSIONING_AND_EXTENSIONS/04_CONFORMANCE_LEVELS.txt	adc2ccd198dfabf4d8d44266e6bd16fde5bae7c2	713	canonical-package-0.2.0	canonical package manifest/hash + normative contract review	reviewed-pass	SHA256SUMS match
canonical/LCL_Core_0.2.0/07_VERSIONING_AND_EXTENSIONS/05_FORWARD_COMPATIBILITY_AND_UNKNOWN_FEATURES.txt	f9818e52d15f5553f4d4a3f1f4acb197358e4240	480	canonical-package-0.2.0	canonical package manifest/hash + normative contract review	reviewed-pass	SHA256SUMS match
canonical/LCL_Core_0.2.0/07_VERSIONING_AND_EXTENSIONS/06_NORMATIVE_SOURCE_PRECEDENCE.txt	988efbd8e30b845cbb813a591514461e14a6fe2f	901	canonical-package-0.2.0	canonical package manifest/hash + normative contract review	reviewed-pass	SHA256SUMS match
canonical/LCL_Core_0.2.0/08_EXAMPLES/INVALID/01_WRONG_KEYWORD_CASE.invalid.lcl	0bf070228b6167ca040f2bdf8c81e34c7b7e226a	26	canonical-package-0.2.0	canonical package manifest/hash + normative contract review	reviewed-pass	SHA256SUMS match
canonical/LCL_Core_0.2.0/08_EXAMPLES/INVALID/01_WRONG_KEYWORD_CASE.invalid.lcl.expected.txt	c9abf25aaf7a298d5e970e74a31557ac9d98d9ab	113	canonical-package-0.2.0	canonical package manifest/hash + normative contract review	reviewed-pass	SHA256SUMS match
canonical/LCL_Core_0.2.0/08_EXAMPLES/INVALID/02_TAB_INDENTATION.invalid.lcl	2d6b0a56c5a14912c59ffc90e0e199d4b83a94b9	23	canonical-package-0.2.0	canonical package manifest/hash + normative contract review	reviewed-pass	SHA256SUMS match
canonical/LCL_Core_0.2.0/08_EXAMPLES/INVALID/02_TAB_INDENTATION.invalid.lcl.expected.txt	afdb03fa82e44f5e50bc6ae2a0458a5fd7d286ed	111	canonical-package-0.2.0	canonical package manifest/hash + normative contract review	reviewed-pass	SHA256SUMS match
canonical/LCL_Core_0.2.0/08_EXAMPLES/INVALID/03_BARE_EQUALS.invalid.lcl	364f6a5add6f2fea762a24814b67a3866ade6df7	27	canonical-package-0.2.0	canonical package manifest/hash + normative contract review	reviewed-pass	SHA256SUMS match
canonical/LCL_Core_0.2.0/08_EXAMPLES/INVALID/03_BARE_EQUALS.invalid.lcl.expected.txt	a83def0d7f91cf71615001f768d1e26e45250fa3	115	canonical-package-0.2.0	canonical package manifest/hash + normative contract review	reviewed-pass	SHA256SUMS match
canonical/LCL_Core_0.2.0/08_EXAMPLES/INVALID/04_UNKNOWN_MODAL.invalid.lcl	f8407cb99afe6087bfabf576ebd531286c1326c1	155	canonical-package-0.2.0	canonical package manifest/hash + normative contract review	reviewed-pass	SHA256SUMS match
canonical/LCL_Core_0.2.0/08_EXAMPLES/INVALID/04_UNKNOWN_MODAL.invalid.lcl.expected.txt	970c1c40beb87c4f0bb104c948ca6f01d55c66f3	116	canonical-package-0.2.0	canonical package manifest/hash + normative contract review	reviewed-pass	SHA256SUMS match
canonical/LCL_Core_0.2.0/08_EXAMPLES/INVALID/05_DUPLICATE_ID.invalid.lcl	d6d02567296797cb504b88e230b847eea66cd1a9	243	canonical-package-0.2.0	canonical package manifest/hash + normative contract review	reviewed-pass	SHA256SUMS match
canonical/LCL_Core_0.2.0/08_EXAMPLES/INVALID/05_DUPLICATE_ID.invalid.lcl.expected.txt	d14b539de0b6e6c92211441f87c8294159a7a6c1	113	canonical-package-0.2.0	canonical package manifest/hash + normative contract review	reviewed-pass	SHA256SUMS match
canonical/LCL_Core_0.2.0/08_EXAMPLES/INVALID/06_UNRESOLVED_REFERENCE.invalid.lcl	9133b8f55f3556e0f31334d66867d79fbc18b470	175	canonical-package-0.2.0	canonical package manifest/hash + normative contract review	reviewed-pass	SHA256SUMS match
canonical/LCL_Core_0.2.0/08_EXAMPLES/INVALID/06_UNRESOLVED_REFERENCE.invalid.lcl.expected.txt	a5f3ece60724fcfbfa306bba28d2ea451f73ec6e	121	canonical-package-0.2.0	canonical package manifest/hash + normative contract review	reviewed-pass	SHA256SUMS match
canonical/LCL_Core_0.2.0/08_EXAMPLES/INVALID/07_TYPE_MISMATCH.invalid.lcl	41eb9cc7ecba7c8856cab5da457e49f51a0aa90e	193	canonical-package-0.2.0	canonical package manifest/hash + normative contract review	reviewed-pass	SHA256SUMS match
canonical/LCL_Core_0.2.0/08_EXAMPLES/INVALID/07_TYPE_MISMATCH.invalid.lcl.expected.txt	8a53d25cd981fbf7230568c5e6a1ecc73deabe17	114	canonical-package-0.2.0	canonical package manifest/hash + normative contract review	reviewed-pass	SHA256SUMS match
canonical/LCL_Core_0.2.0/08_EXAMPLES/INVALID/08_HARD_CONFLICT.invalid.lcl	10174c78eb07854299e40b519caca69336460e60	321	canonical-package-0.2.0	canonical package manifest/hash + normative contract review	reviewed-pass	SHA256SUMS match
canonical/LCL_Core_0.2.0/08_EXAMPLES/INVALID/08_HARD_CONFLICT.invalid.lcl.expected.txt	5aef903e5cc6e9d7a7f830516ac0566c96d19e5f	114	canonical-package-0.2.0	canonical package manifest/hash + normative contract review	reviewed-pass	SHA256SUMS match
canonical/LCL_Core_0.2.0/08_EXAMPLES/INVALID/09_UNBOUNDED_WHILE.invalid.lcl	5d42a0579637f883acf1d7538767481a1d000fc1	218	canonical-package-0.2.0	canonical package manifest/hash + normative contract review	reviewed-pass	SHA256SUMS match
canonical/LCL_Core_0.2.0/08_EXAMPLES/INVALID/09_UNBOUNDED_WHILE.invalid.lcl.expected.txt	970c1c40beb87c4f0bb104c948ca6f01d55c66f3	116	canonical-package-0.2.0	canonical package manifest/hash + normative contract review	reviewed-pass	SHA256SUMS match
canonical/LCL_Core_0.2.0/08_EXAMPLES/INVALID/10_CONTEXT_WITHOUT_SCOPE.invalid.lcl	9da8ca411e6d6977669b3e6151f37410a988cdb2	215	canonical-package-0.2.0	canonical package manifest/hash + normative contract review	reviewed-pass	SHA256SUMS match
canonical/LCL_Core_0.2.0/08_EXAMPLES/INVALID/10_CONTEXT_WITHOUT_SCOPE.invalid.lcl.expected.txt	c76ebc7254904d68a3c4f6ff1931774bdd9d774e	115	canonical-package-0.2.0	canonical package manifest/hash + normative contract review	reviewed-pass	SHA256SUMS match
canonical/LCL_Core_0.2.0/08_EXAMPLES/INVALID/11_DUPLICATE_FIELD.invalid.lcl	1c6096b087acd2bd67f979acf57f480ec1fe2527	154	canonical-package-0.2.0	canonical package manifest/hash + normative contract review	reviewed-pass	SHA256SUMS match
canonical/LCL_Core_0.2.0/08_EXAMPLES/INVALID/11_DUPLICATE_FIELD.invalid.lcl.expected.txt	650a85637a2e1e4befc285419bfc49c73a58d4ec	116	canonical-package-0.2.0	canonical package manifest/hash + normative contract review	reviewed-pass	SHA256SUMS match
canonical/LCL_Core_0.2.0/08_EXAMPLES/INVALID/12_FLOATING_VERSION.invalid.lcl	70950398dafc506974fd41c3892c4c57c1ecd8bd	137	canonical-package-0.2.0	canonical package manifest/hash + normative contract review	reviewed-pass	SHA256SUMS match
canonical/LCL_Core_0.2.0/08_EXAMPLES/INVALID/12_FLOATING_VERSION.invalid.lcl.expected.txt	a62dc957ed44bf9145a79e54c2cd6d033acc9778	120	canonical-package-0.2.0	canonical package manifest/hash + normative contract review	reviewed-pass	SHA256SUMS match
canonical/LCL_Core_0.2.0/08_EXAMPLES/INVALID/13_PERCENT_SYMBOL.invalid.lcl	514b6f4ab06724393a49f242214f1d0ba984f955	188	canonical-package-0.2.0	canonical package manifest/hash + normative contract review	reviewed-pass	SHA256SUMS match
canonical/LCL_Core_0.2.0/08_EXAMPLES/INVALID/13_PERCENT_SYMBOL.invalid.lcl.expected.txt	a83def0d7f91cf71615001f768d1e26e45250fa3	115	canonical-package-0.2.0	canonical package manifest/hash + normative contract review	reviewed-pass	SHA256SUMS match
canonical/LCL_Core_0.2.0/08_EXAMPLES/INVALID/14_SINGLE_QUOTED_STRING.invalid.lcl	681eb2041f98217747df928ceec7d31ba6fd3d5d	130	canonical-package-0.2.0	canonical package manifest/hash + normative contract review	reviewed-pass	SHA256SUMS match
canonical/LCL_Core_0.2.0/08_EXAMPLES/INVALID/14_SINGLE_QUOTED_STRING.invalid.lcl.expected.txt	a83def0d7f91cf71615001f768d1e26e45250fa3	115	canonical-package-0.2.0	canonical package manifest/hash + normative contract review	reviewed-pass	SHA256SUMS match
canonical/LCL_Core_0.2.0/08_EXAMPLES/INVALID/15_MISSING_TASK_STRUCTURE.invalid.lcl	a1cee231754e363d05f53a1bd9551a081107c90b	931	canonical-package-0.2.0	canonical package manifest/hash + normative contract review	reviewed-pass	SHA256SUMS match
canonical/LCL_Core_0.2.0/08_EXAMPLES/INVALID/15_MISSING_TASK_STRUCTURE.invalid.lcl.expected.txt	bb05afe74531bb869ea81bbcf9e374aae07af491	192	canonical-package-0.2.0	canonical package manifest/hash + normative contract review	reviewed-pass	SHA256SUMS match
canonical/LCL_Core_0.2.0/08_EXAMPLES/INVALID/16_ITEM_COLLECTION.invalid.lcl	f276a0dcf6e020a1ed4b706ef4027ae672a9b5df	245	canonical-package-0.2.0	canonical package manifest/hash + normative contract review	reviewed-pass	SHA256SUMS match
canonical/LCL_Core_0.2.0/08_EXAMPLES/INVALID/16_ITEM_COLLECTION.invalid.lcl.expected.txt	162095a3d1a54117b0a676600fd8c6ac30f319e7	147	canonical-package-0.2.0	canonical package manifest/hash + normative contract review	reviewed-pass	SHA256SUMS match
canonical/LCL_Core_0.2.0/08_EXAMPLES/INVALID/17_REGEX_FLAGS.invalid.lcl	4034e90081c2580e73ab1db1de29346741286c78	237	canonical-package-0.2.0	canonical package manifest/hash + normative contract review	reviewed-pass	SHA256SUMS match
canonical/LCL_Core_0.2.0/08_EXAMPLES/INVALID/17_REGEX_FLAGS.invalid.lcl.expected.txt	7d4c5d8f4c56aa7d907d4daee151e3f668e9eda6	148	canonical-package-0.2.0	canonical package manifest/hash + normative contract review	reviewed-pass	SHA256SUMS match
canonical/LCL_Core_0.2.0/08_EXAMPLES/INVALID/18_NON_TERMINATING_DIVISION.invalid.lcl	7a86ab05fcd74e6e72ee9e984c5ee8ae134ce02d	255	canonical-package-0.2.0	canonical package manifest/hash + normative contract review	reviewed-pass	SHA256SUMS match
canonical/LCL_Core_0.2.0/08_EXAMPLES/INVALID/18_NON_TERMINATING_DIVISION.invalid.lcl.expected.txt	5835f936275e0f630b71564739640b31b6984a04	179	canonical-package-0.2.0	canonical package manifest/hash + normative contract review	reviewed-pass	SHA256SUMS match
canonical/LCL_Core_0.2.0/08_EXAMPLES/INVALID/19_DIVISION_BY_ZERO.invalid.lcl	f18dcd29296c39b039a7ce738c6f735cdbc4bf65	253	canonical-package-0.2.0	canonical package manifest/hash + normative contract review	reviewed-pass	SHA256SUMS match
canonical/LCL_Core_0.2.0/08_EXAMPLES/INVALID/19_DIVISION_BY_ZERO.invalid.lcl.expected.txt	566b7c7fe919ceaf69d3645876b934b0d7410781	189	canonical-package-0.2.0	canonical package manifest/hash + normative contract review	reviewed-pass	SHA256SUMS match
canonical/LCL_Core_0.2.0/08_EXAMPLES/INVALID/20_UNORDERED_SET_DIRECT_ITERATION.invalid.lcl	eb2f5a0b7bf348ccabe47a5e9ec1668b1b0b1503	954	canonical-package-0.2.0	canonical package manifest/hash + normative contract review	reviewed-pass	SHA256SUMS match
canonical/LCL_Core_0.2.0/08_EXAMPLES/INVALID/20_UNORDERED_SET_DIRECT_ITERATION.invalid.lcl.expected.txt	ba3882e4131f784fcb3c9af98067f059da978af0	254	canonical-package-0.2.0	canonical package manifest/hash + normative contract review	reviewed-pass	SHA256SUMS match
canonical/LCL_Core_0.2.0/08_EXAMPLES/INVALID/21_SORT_STABLE_PARAMETER.invalid.lcl	9c8a6e3f205e6ae240a45fafeb8c2cdd3c23ef5a	990	canonical-package-0.2.0	canonical package manifest/hash + normative contract review	reviewed-pass	SHA256SUMS match
canonical/LCL_Core_0.2.0/08_EXAMPLES/INVALID/21_SORT_STABLE_PARAMETER.invalid.lcl.expected.txt	216f59c7053df64b488e6ddb96754a5dcbcc9e38	248	canonical-package-0.2.0	canonical package manifest/hash + normative contract review	reviewed-pass	SHA256SUMS match
canonical/LCL_Core_0.2.0/08_EXAMPLES/VALID/01_MINIMAL_TASK.lcl	a9f21f60680b42305f280d4e64031ae4a11f83c5	955	canonical-package-0.2.0	canonical package manifest/hash + normative contract review	reviewed-pass	SHA256SUMS match
canonical/LCL_Core_0.2.0/08_EXAMPLES/VALID/02_IMPORT_LIBRARY.lcl	2694c37b695b78d2ea08956c8aca16d5486f3c60	340	canonical-package-0.2.0	canonical package manifest/hash + normative contract review	reviewed-pass	SHA256SUMS match
canonical/LCL_Core_0.2.0/08_EXAMPLES/VALID/03_IMPORTING_TASK.lcl	44296566463e559623ab21aa109b83d5bb334ead	1212	canonical-package-0.2.0	canonical package manifest/hash + normative contract review	reviewed-pass	SHA256SUMS match
canonical/LCL_Core_0.2.0/08_EXAMPLES/VALID/04_AUTOMATED_CODING_TASK.lcl	5679bc369003aceb30e780d326a0e586f3a52a08	2670	canonical-package-0.2.0	canonical package manifest/hash + normative contract review	reviewed-pass	SHA256SUMS match
canonical/LCL_Core_0.2.0/08_EXAMPLES/VALID/05_CONDITION_AND_ITERATION.lcl	134f1d801e92c01c6a2aee1495a233bd6026af96	928	canonical-package-0.2.0	canonical package manifest/hash + normative contract review	reviewed-pass	SHA256SUMS match
canonical/LCL_Core_0.2.0/08_EXAMPLES/VALID/06_EXPLICIT_CONTEXT_MEMORY_AND_STATE.lcl	5af2569a6692b32f804798c7eff454608a653fba	1463	canonical-package-0.2.0	canonical package manifest/hash + normative contract review	reviewed-pass	SHA256SUMS match
canonical/LCL_Core_0.2.0/08_EXAMPLES/VALID/07_DOMAIN_EXTENSION_OPERATION.lcl	8a2aa6ef895f4f2afa761c490928a2575b348fca	2374	canonical-package-0.2.0	canonical package manifest/hash + normative contract review	reviewed-pass	SHA256SUMS match
canonical/LCL_Core_0.2.0/08_EXAMPLES/VALID/08_AUTHORITY_OVERRIDE_HANDLER_AND_RETRY.lcl	a749f36521cfbbb65bd5e98c573a3729d1b39370	1790	canonical-package-0.2.0	canonical package manifest/hash + normative contract review	reviewed-pass	SHA256SUMS match
canonical/LCL_Core_0.2.0/08_EXAMPLES/VALID/09_EXPLICIT_ASSUMPTION_AND_EVIDENCE.lcl	fb8035c51e0aae244d85f8b4a0cfcdbff570411c	1275	canonical-package-0.2.0	canonical package manifest/hash + normative contract review	reviewed-pass	SHA256SUMS match
canonical/LCL_Core_0.2.0/08_EXAMPLES/VALID/10_ACCEPTED_CORE_PROFILES.lcl	217e14872164e8eaf8ad4bb51afae296b00c55df	1072	canonical-package-0.2.0	canonical package manifest/hash + normative contract review	reviewed-pass	SHA256SUMS match
canonical/LCL_Core_0.2.0/08_EXAMPLES/VALID/11_EXACT_DIVISION_AND_ROUNDING.lcl	548b49c9a709a994bf468ca9a9aa25059e191d6a	733	canonical-package-0.2.0	canonical package manifest/hash + normative contract review	reviewed-pass	SHA256SUMS match
canonical/LCL_Core_0.2.0/08_EXAMPLES/VALID/12_SET_SORTING.lcl	7198e981a6f503d1e1997597a19dd8c5c47a5ca7	1802	canonical-package-0.2.0	canonical package manifest/hash + normative contract review	reviewed-pass	SHA256SUMS match
canonical/LCL_Core_0.2.0/08_EXAMPLES/VALID/13_TYPES_AND_REFERENCE_VALUES.lcl	88c120eb0777e5c9770407d76cc1f746b71ade34	1178	canonical-package-0.2.0	canonical package manifest/hash + normative contract review	reviewed-pass	SHA256SUMS match
canonical/LCL_Core_0.2.0/09_CONFORMANCE/01_CONFORMANCE_REQUIREMENTS.txt	cdda58c88b92fe5ac9ca2b6b941301e85af0fbce	4689	canonical-package-0.2.0	canonical package manifest/hash + normative contract review	reviewed-pass	SHA256SUMS match
canonical/LCL_Core_0.2.0/09_CONFORMANCE/CASES/core_conformance_cases_v0.2.0.json	f737d5b33885aa213f33fa90efc408f398d13f3e	301957	canonical-package-0.2.0	canonical package manifest/hash + normative contract review	reviewed-pass	SHA256SUMS match; json parse ok
canonical/LCL_Core_0.2.0/09_CONFORMANCE/CASES/language_decision_cases_v0.2.0.json	029872e8637eb47064c10d85a1fa5452c07907a6	16717	canonical-package-0.2.0	canonical package manifest/hash + normative contract review	reviewed-pass	SHA256SUMS match; json parse ok
canonical/LCL_Core_0.2.0/09_CONFORMANCE/LOCALIZATION_FIXTURES/expected_results.json	04d48a610ef26ee22c25f2c8800cf6796a61aeab	7792	canonical-package-0.2.0	canonical package manifest/hash + normative contract review	reviewed-pass	SHA256SUMS match; json parse ok
canonical/LCL_Core_0.2.0/09_CONFORMANCE/LOCALIZATION_FIXTURES/profiles/lv-LV.json	5099c7d09cfef8ab1488987b21126cf4f334c25a	3395	canonical-package-0.2.0	canonical package manifest/hash + normative contract review	reviewed-pass	SHA256SUMS match; json parse ok
canonical/LCL_Core_0.2.0/09_CONFORMANCE/LOCALIZATION_FIXTURES/profiles/nl-NL.json	246391f2ec10259acb921025f8c2bdaaef54d3d8	3299	canonical-package-0.2.0	canonical package manifest/hash + normative contract review	reviewed-pass	SHA256SUMS match; json parse ok
canonical/LCL_Core_0.2.0/09_CONFORMANCE/LOCALIZATION_FIXTURES/profiles/ru-RU.json	1c7c379fe5363d5d7989814af789e2ac83adcaa5	4261	canonical-package-0.2.0	canonical package manifest/hash + normative contract review	reviewed-pass	SHA256SUMS match; json parse ok
canonical/LCL_Core_0.2.0/09_CONFORMANCE/LOCALIZATION_FIXTURES/profiles/zh-CN.json	3e1d0bfd9fed939d4efc8cd2ddaa380233110934	3264	canonical-package-0.2.0	canonical package manifest/hash + normative contract review	reviewed-pass	SHA256SUMS match; json parse ok
canonical/LCL_Core_0.2.0/09_CONFORMANCE/LOCALIZATION_FIXTURES/sources/ambiguous_mixed_lv_nl.lcl	a6ab4606d92b4604456edd86ead3e8b1b23b08d5	218	canonical-package-0.2.0	canonical package manifest/hash + normative contract review	reviewed-pass	SHA256SUMS match
canonical/LCL_Core_0.2.0/09_CONFORMANCE/LOCALIZATION_FIXTURES/sources/auto_lv.lcl	be272777fa8ab397a7c52adb8b9ac85e916d4966	214	canonical-package-0.2.0	canonical package manifest/hash + normative contract review	reviewed-pass	SHA256SUMS match
canonical/LCL_Core_0.2.0/09_CONFORMANCE/LOCALIZATION_FIXTURES/sources/auto_nl.lcl	a59dcf9874e24dede14a22a6cdcdfdbc0f145796	212	canonical-package-0.2.0	canonical package manifest/hash + normative contract review	reviewed-pass	SHA256SUMS match
canonical/LCL_Core_0.2.0/09_CONFORMANCE/LOCALIZATION_FIXTURES/sources/auto_ru.lcl	15ee73efa4bd7a909be3eee1cc912399b34cd221	257	canonical-package-0.2.0	canonical package manifest/hash + normative contract review	reviewed-pass	SHA256SUMS match
canonical/LCL_Core_0.2.0/09_CONFORMANCE/LOCALIZATION_FIXTURES/sources/auto_zh.lcl	661c10b794ab1f17502cf263ad2ceaebec8b7c84	208	canonical-package-0.2.0	canonical package manifest/hash + normative contract review	reviewed-pass	SHA256SUMS match
canonical/LCL_Core_0.2.0/09_CONFORMANCE/LOCALIZATION_FIXTURES/sources/canonical_en.lcl	253c8487c02995eacf0bebb00a90c473162f55d9	204	canonical-package-0.2.0	canonical package manifest/hash + normative contract review	reviewed-pass	SHA256SUMS match
canonical/LCL_Core_0.2.0/09_CONFORMANCE/LOCALIZATION_FIXTURES/sources/canonical_unknown_word_without_profiles.lcl	44ea74e908482aebd9db5ae0729adcb9b86d6fed	206	canonical-package-0.2.0	canonical package manifest/hash + normative contract review	reviewed-pass	SHA256SUMS match
canonical/LCL_Core_0.2.0/09_CONFORMANCE/LOCALIZATION_FIXTURES/sources/canonical_with_foreign_string.lcl	6ab791d6dce55bfcfefe0b920d1cab0b89d84b89	220	canonical-package-0.2.0	canonical package manifest/hash + normative contract review	reviewed-pass	SHA256SUMS match
canonical/LCL_Core_0.2.0/09_CONFORMANCE/LOCALIZATION_FIXTURES/sources/confusable_mixed_script_word.lcl	6d8e1f95f18c41396d5530528ed6550163576649	270	canonical-package-0.2.0	canonical package manifest/hash + normative contract review	reviewed-pass	SHA256SUMS match
canonical/LCL_Core_0.2.0/09_CONFORMANCE/LOCALIZATION_FIXTURES/sources/confusable_skeleton_word.lcl	5b0e8e6d574c80ab906c90a296efe49667d40750	273	canonical-package-0.2.0	canonical package manifest/hash + normative contract review	reviewed-pass	SHA256SUMS match
canonical/LCL_Core_0.2.0/09_CONFORMANCE/LOCALIZATION_FIXTURES/sources/detection_failed_unknown_word.lcl	a485a0cb51fe5c17cfa38b799594cdacee93c62a	208	canonical-package-0.2.0	canonical package manifest/hash + normative contract review	reviewed-pass	SHA256SUMS match
canonical/LCL_Core_0.2.0/09_CONFORMANCE/LOCALIZATION_FIXTURES/sources/directive_malformed_spacing.lcl	22ba02442f0aa93cb4672cbda8c74fb25f37b838	229	canonical-package-0.2.0	canonical package manifest/hash + normative contract review	reviewed-pass	SHA256SUMS match
canonical/LCL_Core_0.2.0/09_CONFORMANCE/LOCALIZATION_FIXTURES/sources/directive_repeated.lcl	5f9d1d198bb0577bb6b8fc2291c74b50a419e49c	242	canonical-package-0.2.0	canonical package manifest/hash + normative contract review	reviewed-pass	SHA256SUMS match
canonical/LCL_Core_0.2.0/09_CONFORMANCE/LOCALIZATION_FIXTURES/sources/directive_second_line.lcl	4b3c0b5db5f266aff3a753ec2f9be69252b8bcfb	228	canonical-package-0.2.0	canonical package manifest/hash + normative contract review	reviewed-pass	SHA256SUMS match
canonical/LCL_Core_0.2.0/09_CONFORMANCE/LOCALIZATION_FIXTURES/sources/explicit_conflicts_with_pin.lcl	8159fe9b2165427a962a07f307f8be5493505b27	226	canonical-package-0.2.0	canonical package manifest/hash + normative contract review	reviewed-pass	SHA256SUMS match
canonical/LCL_Core_0.2.0/09_CONFORMANCE/LOCALIZATION_FIXTURES/sources/explicit_lv.lcl	4fddb8d7238756ddc941dea47b0f47f3eb4c6ed8	228	canonical-package-0.2.0	canonical package manifest/hash + normative contract review	reviewed-pass	SHA256SUMS match
canonical/LCL_Core_0.2.0/09_CONFORMANCE/LOCALIZATION_FIXTURES/sources/explicit_nl.lcl	8159fe9b2165427a962a07f307f8be5493505b27	226	canonical-package-0.2.0	canonical package manifest/hash + normative contract review	reviewed-pass	SHA256SUMS match
canonical/LCL_Core_0.2.0/09_CONFORMANCE/LOCALIZATION_FIXTURES/sources/explicit_ru.lcl	f870eee34ac465dd995d2c62f15a03aad650d548	271	canonical-package-0.2.0	canonical package manifest/hash + normative contract review	reviewed-pass	SHA256SUMS match
canonical/LCL_Core_0.2.0/09_CONFORMANCE/LOCALIZATION_FIXTURES/sources/explicit_tag_case_insensitive.lcl	06ce8cc6bdf8a5042505cccf2a11bc8e23a98065	228	canonical-package-0.2.0	canonical package manifest/hash + normative contract review	reviewed-pass	SHA256SUMS match
canonical/LCL_Core_0.2.0/09_CONFORMANCE/LOCALIZATION_FIXTURES/sources/explicit_zh.lcl	d0cf0634e7da113c25fa95c519f2ed8610d8dd66	222	canonical-package-0.2.0	canonical package manifest/hash + normative contract review	reviewed-pass	SHA256SUMS match
canonical/LCL_Core_0.2.0/09_CONFORMANCE/LOCALIZATION_FIXTURES/sources/locale_tag_malformed.lcl	c877fd98c894e54db94b1fad0f18d43d1dae65c7	228	canonical-package-0.2.0	canonical package manifest/hash + normative contract review	reviewed-pass	SHA256SUMS match
canonical/LCL_Core_0.2.0/09_CONFORMANCE/LOCALIZATION_FIXTURES/sources/mixed_canonical_word_auto.lcl	2e054d972f621e7612a86ddeb96115ea324728ae	214	canonical-package-0.2.0	canonical package manifest/hash + normative contract review	reviewed-pass	SHA256SUMS match
canonical/LCL_Core_0.2.0/09_CONFORMANCE/LOCALIZATION_FIXTURES/sources/mixed_canonical_word_explicit.lcl	6cdd22cf53cd5c9d90ec366344c22f3bb1e1b5c2	228	canonical-package-0.2.0	canonical package manifest/hash + normative contract review	reviewed-pass	SHA256SUMS match
canonical/LCL_Core_0.2.0/09_CONFORMANCE/LOCALIZATION_FIXTURES/sources/multibyte_offset_unknown_word.lcl	550ed9372d088915971aedb9994bb0e34db233c1	230	canonical-package-0.2.0	canonical package manifest/hash + normative contract review	reviewed-pass	SHA256SUMS match
canonical/LCL_Core_0.2.0/09_CONFORMANCE/LOCALIZATION_FIXTURES/sources/pinned_identity_drift.lcl	be272777fa8ab397a7c52adb8b9ac85e916d4966	214	canonical-package-0.2.0	canonical package manifest/hash + normative contract review	reviewed-pass	SHA256SUMS match
canonical/LCL_Core_0.2.0/09_CONFORMANCE/LOCALIZATION_FIXTURES/sources/pinned_matching_identity.lcl	be272777fa8ab397a7c52adb8b9ac85e916d4966	214	canonical-package-0.2.0	canonical package manifest/hash + normative contract review	reviewed-pass	SHA256SUMS match
canonical/LCL_Core_0.2.0/09_CONFORMANCE/LOCALIZATION_FIXTURES/sources/strings_in_other_languages_auto.lcl	9ad60e1bc9a99904b481de7cd6b93cf0d08a855b	230	canonical-package-0.2.0	canonical package manifest/hash + normative contract review	reviewed-pass	SHA256SUMS match
canonical/LCL_Core_0.2.0/09_CONFORMANCE/LOCALIZATION_FIXTURES/sources/strings_in_other_languages_explicit.lcl	b50d4f20d1070f12fc1453df0f0afacc0bcad439	244	canonical-package-0.2.0	canonical package manifest/hash + normative contract review	reviewed-pass	SHA256SUMS match
canonical/LCL_Core_0.2.0/09_CONFORMANCE/LOCALIZATION_FIXTURES/sources/unavailable_explicit_locale.lcl	9101b91d9099a26508b6c2d00ce923f07e3f6ca9	228	canonical-package-0.2.0	canonical package manifest/hash + normative contract review	reviewed-pass	SHA256SUMS match
canonical/LCL_Core_0.2.0/09_CONFORMANCE/LOCALIZATION_FIXTURES/sources/unavailable_resolver.lcl	be272777fa8ab397a7c52adb8b9ac85e916d4966	214	canonical-package-0.2.0	canonical package manifest/hash + normative contract review	reviewed-pass	SHA256SUMS match
canonical/LCL_Core_0.2.0/09_CONFORMANCE/LOCALIZATION_FIXTURES/sources/unknown_word_under_profile.lcl	d92033d6eca0844db8b8aa423f2a35de8854d89e	235	canonical-package-0.2.0	canonical package manifest/hash + normative contract review	reviewed-pass	SHA256SUMS match
canonical/LCL_Core_0.2.0/09_CONFORMANCE/SOURCE_FIXTURES/expected_results.json	fe892c48c044fab2cd724df71f79982a56697293	786	canonical-package-0.2.0	canonical package manifest/hash + normative contract review	reviewed-pass	SHA256SUMS match; json parse ok
canonical/LCL_Core_0.2.0/09_CONFORMANCE/SOURCE_FIXTURES/invalid_bom.lcl	ebe2e2f0f95e94c0fa24f184be1b0622a643c5b2	139	canonical-package-0.2.0	canonical package manifest/hash + normative contract review	reviewed-pass	SHA256SUMS match
canonical/LCL_Core_0.2.0/09_CONFORMANCE/SOURCE_FIXTURES/invalid_control.lcl	d791a279a26c10aaeec5324b2199a71ff0a74899	137	canonical-package-0.2.0	canonical package manifest/hash + normative contract review	reviewed-pass	SHA256SUMS match
canonical/LCL_Core_0.2.0/09_CONFORMANCE/SOURCE_FIXTURES/invalid_crlf.lcl	4634872c792eaf971dc93b69d07f5b8c03eda870	144	canonical-package-0.2.0	canonical package manifest/hash + normative contract review	reviewed-pass	SHA256SUMS match
canonical/LCL_Core_0.2.0/09_CONFORMANCE/SOURCE_FIXTURES/invalid_hash.lcl	ad2fe5fcf839b5ae23f7abe23f30af2e25254ff2	146	canonical-package-0.2.0	canonical package manifest/hash + normative contract review	reviewed-pass	SHA256SUMS match
canonical/LCL_Core_0.2.0/09_CONFORMANCE/SOURCE_FIXTURES/invalid_indent_jump.lcl	a44a6dd46f2bc2bdf79c3f56ce90bc308aa5ffa4	140	canonical-package-0.2.0	canonical package manifest/hash + normative contract review	reviewed-pass	SHA256SUMS match
canonical/LCL_Core_0.2.0/09_CONFORMANCE/SOURCE_FIXTURES/invalid_indent_width.lcl	57a2291e67ec594ef62e4c045fa605ce9595d82b	134	canonical-package-0.2.0	canonical package manifest/hash + normative contract review	reviewed-pass	SHA256SUMS match
canonical/LCL_Core_0.2.0/09_CONFORMANCE/SOURCE_FIXTURES/invalid_no_final_lf.lcl	5b6c8c1d569c806c3b9220997cd41b23fdc1f533	135	canonical-package-0.2.0	canonical package manifest/hash + normative contract review	reviewed-pass	SHA256SUMS match
canonical/LCL_Core_0.2.0/09_CONFORMANCE/SOURCE_FIXTURES/invalid_semicolon.lcl	9d0066cfa536ed915530065f5768b98e5cc18fef	137	canonical-package-0.2.0	canonical package manifest/hash + normative contract review	reviewed-pass	SHA256SUMS match
canonical/LCL_Core_0.2.0/09_CONFORMANCE/SOURCE_FIXTURES/invalid_single_quote.lcl	a37ce379d04f1d4b48f81e421614c009b3ee1065	136	canonical-package-0.2.0	canonical package manifest/hash + normative contract review	reviewed-pass	SHA256SUMS match
canonical/LCL_Core_0.2.0/09_CONFORMANCE/SOURCE_FIXTURES/invalid_tab.lcl	d23b0cab4a2bc072ad33fb5451d2ca960f7a95dd	133	canonical-package-0.2.0	canonical package manifest/hash + normative contract review	reviewed-pass	SHA256SUMS match
canonical/LCL_Core_0.2.0/09_CONFORMANCE/SOURCE_FIXTURES/invalid_trailing_space.lcl	6750665cf0f6aae7e113df1c6cea15689ca874a6	137	canonical-package-0.2.0	canonical package manifest/hash + normative contract review	reviewed-pass	SHA256SUMS match
canonical/LCL_Core_0.2.0/09_CONFORMANCE/SOURCE_FIXTURES/invalid_typographic_quote.lcl	3f0e4c60c13ddc4c1395a7d69047b8fc1f59ce3f	140	canonical-package-0.2.0	canonical package manifest/hash + normative contract review	reviewed-pass	SHA256SUMS match
canonical/LCL_Core_0.2.0/09_CONFORMANCE/SOURCE_FIXTURES/invalid_unclosed_string.lcl	50677b7860524552d6376fe57df95262a2476ce6	135	canonical-package-0.2.0	canonical package manifest/hash + normative contract review	reviewed-pass	SHA256SUMS match
canonical/LCL_Core_0.2.0/09_CONFORMANCE/SOURCE_FIXTURES/valid_minimum.lcl	1243247ca77a0adbd29dca66452b40b6f080354a	145	canonical-package-0.2.0	canonical package manifest/hash + normative contract review	reviewed-pass	SHA256SUMS match
canonical/LCL_Core_0.2.0/09_CONFORMANCE/SOURCE_FIXTURES/valid_unicode_string.lcl	dd0537969783c1acca726248d2d7714d0b5ae1d5	152	canonical-package-0.2.0	canonical package manifest/hash + normative contract review	reviewed-pass	SHA256SUMS match
canonical/LCL_Core_0.2.0/09_CONFORMANCE/TOOLS/generate_integrity.py	74a5de1d9bc8a212bd99ca3e78f1e7574df7e34c	8305	canonical-package-0.2.0	canonical package manifest/hash + normative contract review	reviewed-pass	SHA256SUMS match
canonical/LCL_Core_0.2.0/09_CONFORMANCE/TOOLS/validate_ebnf.py	74096365eb174cfc71b4d35338a9a210328bb969	10147	canonical-package-0.2.0	canonical package manifest/hash + normative contract review	reviewed-pass	SHA256SUMS match
canonical/LCL_Core_0.2.0/09_CONFORMANCE/TOOLS/validate_language_contracts.py	692b58789b80c59670b034f0e46ae327694790d3	18803	canonical-package-0.2.0	canonical package manifest/hash + normative contract review	reviewed-pass	SHA256SUMS match
canonical/LCL_Core_0.2.0/09_CONFORMANCE/TOOLS/validate_localization.py	efbd86082f4869442280674b66b9dd7cf720fef4	35679	canonical-package-0.2.0	canonical package manifest/hash + normative contract review	reviewed-pass	SHA256SUMS match
canonical/LCL_Core_0.2.0/09_CONFORMANCE/TOOLS/validate_release.py	a26e226aade26f6bd0f2d2120e6347fc6804aa61	383992	canonical-package-0.2.0	canonical package manifest/hash + normative contract review	reviewed-pass	SHA256SUMS match
canonical/LCL_Core_0.2.0/09_CONFORMANCE/TOOLS/validate_source_fixtures.py	874022775c2123d52f3d617b430c58f4be53d418	7388	canonical-package-0.2.0	canonical package manifest/hash + normative contract review	reviewed-pass	SHA256SUMS match
canonical/LCL_Core_0.2.0/10_REGISTRIES/ambiguous_replacements_v0.2.0.json	af9d6193a56ae6f9f6e932ba93e98c05d37b69c0	1152	canonical-package-0.2.0	canonical package manifest/hash + normative contract review	reviewed-pass	SHA256SUMS match; json parse ok
canonical/LCL_Core_0.2.0/10_REGISTRIES/block_schemas_v0.2.0.json	c45ab2d48568878748844ae7b1074132cafc9bd7	27113	canonical-package-0.2.0	canonical package manifest/hash + normative contract review	reviewed-pass	SHA256SUMS match; json parse ok
canonical/LCL_Core_0.2.0/10_REGISTRIES/built_in_groups_and_results_v0.2.0.json	12e5297c9f7043b7afed55580aa3dc08ad46f552	27648	canonical-package-0.2.0	canonical package manifest/hash + normative contract review	reviewed-pass	SHA256SUMS match; json parse ok
canonical/LCL_Core_0.2.0/10_REGISTRIES/field_signatures_v0.2.0.json	5a4c02bd11b75f56fc7ed65951dd61e0b8c633e2	95843	canonical-package-0.2.0	canonical package manifest/hash + normative contract review	reviewed-pass	SHA256SUMS match; json parse ok
canonical/LCL_Core_0.2.0/10_REGISTRIES/formats_encodings_units_v0.2.0.json	eed2f7ecff91664b8f468f428ee6eb60a8dec8a9	3498	canonical-package-0.2.0	canonical package manifest/hash + normative contract review	reviewed-pass	SHA256SUMS match; json parse ok
canonical/LCL_Core_0.2.0/10_REGISTRIES/keywords_v0.2.0.json	038ae1d77e741e73386d35d996254994347fc2a4	34009	canonical-package-0.2.0	canonical package manifest/hash + normative contract review	reviewed-pass	SHA256SUMS match; json parse ok
canonical/LCL_Core_0.2.0/10_REGISTRIES/locale_profile_schema_v0.2.0.json	79678fc71d099b509bdf05bf08c5e3d3cb3732dd	12988	canonical-package-0.2.0	canonical package manifest/hash + normative contract review	reviewed-pass	SHA256SUMS match; json parse ok
canonical/LCL_Core_0.2.0/10_REGISTRIES/localization_surface_v0.2.0.json	c9313cc1e62f1985c3daa56ba9d4034d27eaa972	41704	canonical-package-0.2.0	canonical package manifest/hash + normative contract review	reviewed-pass	SHA256SUMS match; json parse ok
canonical/LCL_Core_0.2.0/10_REGISTRIES/operations_v0.2.0.json	e03f659a633ba596484365e4c3a95fa9def8b939	119015	canonical-package-0.2.0	canonical package manifest/hash + normative contract review	reviewed-pass	SHA256SUMS match; json parse ok
canonical/LCL_Core_0.2.0/10_REGISTRIES/operators_and_functions_v0.2.0.json	8e1a0d255d3b9d9bf76231433dd0d6568fce0daa	30359	canonical-package-0.2.0	canonical package manifest/hash + normative contract review	reviewed-pass	SHA256SUMS match; json parse ok
canonical/LCL_Core_0.2.0/10_REGISTRIES/semantic_meta_types_v0.2.0.json	d2878358b6103b7e22bff246c76eb02916dab025	1416	canonical-package-0.2.0	canonical package manifest/hash + normative contract review	reviewed-pass	SHA256SUMS match; json parse ok
canonical/LCL_Core_0.2.0/10_REGISTRIES/statuses_and_errors_v0.2.0.json	6d58f9be3d23a8b54793081a5c18a4ff849dab88	66664	canonical-package-0.2.0	canonical package manifest/hash + normative contract review	reviewed-pass	SHA256SUMS match; json parse ok
canonical/LCL_Core_0.2.0/10_REGISTRIES/symbols_v0.2.0.json	b2e9cfde8b77df50d085cc454b0d5d662fe98684	3105	canonical-package-0.2.0	canonical package manifest/hash + normative contract review	reviewed-pass	SHA256SUMS match; json parse ok
canonical/LCL_Core_0.2.0/10_REGISTRIES/types_v0.2.0.json	d231614c01bc10c52e43ad9d39492dea59aeaf24	22663	canonical-package-0.2.0	canonical package manifest/hash + normative contract review	reviewed-pass	SHA256SUMS match; json parse ok
canonical/LCL_Core_0.2.0/11_RESEARCH_BASIS/01_DOCUMENTATION_BASIS.txt	13f8a5d1f825c927c8170972a2a40889f725b15f	564	canonical-package-0.2.0	canonical package manifest/hash + normative contract review	reviewed-pass	SHA256SUMS match
canonical/LCL_Core_0.2.0/11_RESEARCH_BASIS/02_FROZEN_DESIGN_DECISIONS.txt	5a880bb942c4a7c157cce66fd54b3c9a2f4440ed	1072	canonical-package-0.2.0	canonical package manifest/hash + normative contract review	reviewed-pass	SHA256SUMS match
canonical/LCL_Core_0.2.0/11_RESEARCH_BASIS/03_INTENTIONALLY_EXCLUDED_FROM_CORE.txt	5dd35b784c8f49c1c2796db1db6f8ea314c540ec	578	canonical-package-0.2.0	canonical package manifest/hash + normative contract review	reviewed-pass	SHA256SUMS match
canonical/LCL_Core_0.2.0/11_RESEARCH_BASIS/04_RELATION_TO_EXISTING_LANGUAGES.txt	e624d864b1108b3c23c847838d56c245f5f20112	598	canonical-package-0.2.0	canonical package manifest/hash + normative contract review	reviewed-pass	SHA256SUMS match
canonical/LCL_Core_0.2.0/CHANGELOG.txt	0a50b41b6c33aa984e3b3363e393168176b8737b	11952	canonical-package-0.2.0	canonical package manifest/hash + normative contract review	reviewed-pass	SHA256SUMS match; changed in PRETEST-03 (F11); diff reviewed
canonical/LCL_Core_0.2.0/INDEX.txt	eda8bbaf2e13895d803521d6ba85b78b2ec6320a	10131	canonical-package-0.2.0	canonical package manifest/hash + normative contract review	reviewed-pass	SHA256SUMS match
canonical/LCL_Core_0.2.0/MANIFEST.json	386ed67ef1b4118754d753aa808b7af7a7faef6c	42172	canonical-package-0.2.0	canonical package manifest/hash + normative contract review	reviewed-pass	SHA256SUMS match; json parse ok; changed in PRETEST-03 (F11); diff reviewed
canonical/LCL_Core_0.2.0/README.txt	3a9f3c13f28654b2af7e2dbb7cfa342ca8d76885	4160	canonical-package-0.2.0	canonical package manifest/hash + normative contract review	reviewed-pass	SHA256SUMS match
canonical/LCL_Core_0.2.0/SHA256SUMS.txt	35b4198cd8a82d1b95169156b6630b07dfd71187	26168	canonical-package-0.2.0	canonical package manifest/hash + normative contract review	reviewed-pass	checksum list itself (verified by sha256sum -c gate); changed in PRETEST-03 (F11); diff reviewed
canonical/LCL_Core_0.2.0/VALIDATION_REPORT.txt	eb9339130f9567ad76afb7ead3be00dc4c17c07b	3634	canonical-package-0.2.0	canonical package manifest/hash + normative contract review	reviewed-pass	SHA256SUMS match; changed in PRETEST-03 (F11); diff reviewed
canonical/LCL_Core_0.2.0/VERSION.txt	c488e7d35c7b5d16ffcf28d66564f9f1c57cdce3	892	canonical-package-0.2.0	canonical package manifest/hash + normative contract review	reviewed-pass	SHA256SUMS match
impl/.gitignore	2f7896d1d1365eafb0da03d9fe456fac81408487	8	text-asset	source/content review	reviewed-pass	
impl/Cargo.lock	115e8b25ee617e755a0f697c3ec9c4fceb1c6745	3176	structured-config	structured JSON/TOML/XML parse + semantic review	reviewed-pass	toml parse ok
impl/Cargo.toml	3b309529a2eeb1d1008c48544c22555e13d3bc13	5347	structured-config	structured JSON/TOML/XML parse + semantic review	reviewed-pass	toml parse ok
impl/README.md	099d041eef50ec42b57e5d917744e2de02d59083	74938	documentation	source/content review	reviewed-pass	
impl/crates/lcl-capabilities/Cargo.toml	5d45bd313b10ad2fc5fc45cca8cf73888796f42e	471	structured-config	structured JSON/TOML/XML parse + semantic review	reviewed-pass	toml parse ok
impl/crates/lcl-capabilities/src/address.rs	2b81c4ee2e10f3b6d0ab02a6e64425e44eecbdb9	14582	rust-source	source/content review (static scan) + compile/clippy -D warnings/test gate	reviewed-pass	
impl/crates/lcl-capabilities/src/bounds.rs	e30e93e2b0a0ab4d5c578987bd3377e9b6ab7e50	5573	rust-source	source/content review (static scan) + compile/clippy -D warnings/test gate	reviewed-pass	
impl/crates/lcl-capabilities/src/fs.rs	6bcea255de8a356e7fbf10b3b9f1c98249495455	24082	rust-source	source/content review (static scan) + compile/clippy -D warnings/test gate	reviewed-pass	
impl/crates/lcl-capabilities/src/grant.rs	1987887c4eaa4c3553052a5034c419667ae52103	11861	rust-source	source/content review (static scan) + compile/clippy -D warnings/test gate	reviewed-pass	
impl/crates/lcl-capabilities/src/lib.rs	14097f98d83b57962aac06f5d38377eb588cfa2c	2381	rust-source	source/content review (static scan) + compile/clippy -D warnings/test gate	reviewed-pass	
impl/crates/lcl-capabilities/src/net.rs	2d94b2516fea200f9ce47ed1a12c656f7fb12f1a	21242	rust-source	source/content review (static scan) + compile/clippy -D warnings/test gate	reviewed-pass	
impl/crates/lcl-capabilities/src/process.rs	17d82921d6272ee2486633e069d840fb289f976b	14071	rust-source	source/content review (static scan) + compile/clippy -D warnings/test gate	reviewed-pass	
impl/crates/lcl-capabilities/src/process/linux.rs	0630c1d0cc5c7c217ace81aa9bfe4c04e8c587f8	16503	rust-source	source/content review (PRETEST diff read) + compile/clippy/test gate + static scan	reviewed-finding	scan: std::fs::read present (see P5 bounded-read sweep); scan hits: unsafe,unbounded_read; B5 product half: `vanished` accepts ENOENT or ESRCH during the group scan; /proc stat reads and libc process-group calls are pre-existing
impl/crates/lcl-capabilities/src/profile.rs	44cb5a60eb691e9eca17b30d3b4b1079ebecd180	27644	rust-source	source/content review (static scan) + compile/clippy -D warnings/test gate	reviewed-pass	
impl/crates/lcl-capabilities/tests/address_classes.rs	f03e67585b5dd09fcd51c90ed3f8963224233569	6038	rust-test	source/content review (static scan) + compile/clippy -D warnings/test gate	reviewed-pass	
impl/crates/lcl-capabilities/tests/common/mod.rs	0ce1eb67cd188f47a33b535c33c1cdac0f7a0b97	590	rust-test	source/content review (static scan) + compile/clippy -D warnings/test gate	reviewed-pass	
impl/crates/lcl-capabilities/tests/grants.rs	d249c16f04d83de892cc7eed9a5e4202603da478	7656	rust-test	source/content review (static scan) + compile/clippy -D warnings/test gate	reviewed-pass	
impl/crates/lcl-capabilities/tests/profiles.rs	e610a7f0c6ae1818b1ac5dad1671422042967aee	13067	rust-test	source/content review (static scan) + compile/clippy -D warnings/test gate	reviewed-pass	
impl/crates/lcl-capabilities/tests/real_filesystem.rs	1010fbf050eee2035db1a4cfc23171c2e4dae5d8	22744	rust-test	source/content review (static scan) + compile/clippy -D warnings/test gate	reviewed-pass	scan hits: unbounded_read
impl/crates/lcl-capabilities/tests/real_process.rs	55a3d955c17446a8a1b1f23cc9bb7e6dbf082ae6	15057	rust-test	source/content review (PRETEST diff read) + compile/clippy/test gate + static scan	reviewed-finding	scan hits: unbounded_read; B5 closed: the zombie-count assertion is unchanged and now runs in a process of its own; 68/68 repeats and stress runs green here
impl/crates/lcl-capabilities/tests/transport.rs	a66f4341e6afee68744b7dbc4abe6c958bafa7f4	14934	rust-test	source/content review (static scan) + compile/clippy -D warnings/test gate	reviewed-pass	
impl/crates/lcl-checker/Cargo.toml	d3a2c908cf3fb55e095aab3cf3ea68f620e37715	581	structured-config	structured JSON/TOML/XML parse + semantic review	reviewed-pass	toml parse ok
impl/crates/lcl-checker/examples/m4_report.rs	fda68a5ebcb096f08f9490b7518fcc695a01dee4	9211	rust-example	source/content review (static scan) + compile/clippy -D warnings/test gate	reviewed-pass	scan hits: unbounded_read
impl/crates/lcl-checker/src/contracts.rs	f30f79bc55358270f4ec4fc00627c5747429f56c	48423	rust-source	source/content review (PRETEST diff read) + compile/clippy/test gate + static scan	reviewed-pass	
impl/crates/lcl-checker/src/declarations.rs	c1fcb4edf2898b99622e0e15ed77f99918808295	47449	rust-source	source/content review (static scan) + compile/clippy -D warnings/test gate	reviewed-pass	
impl/crates/lcl-checker/src/diagnostic.rs	5a5f27ef78de4dd372d07dac3bea8456cb0ffc84	11415	rust-source	source/content review (static scan) + compile/clippy -D warnings/test gate	reviewed-pass	
impl/crates/lcl-checker/src/expr.rs	1ac9bd6efbe3886f56206e72a496f7dd9f467eb7	104802	rust-source	source/content review (static scan) + compile/clippy -D warnings/test gate	reviewed-pass	
impl/crates/lcl-checker/src/lib.rs	1f7902976252983e8524d8c70472e4e5de26a649	24657	rust-source	source/content review (PRETEST diff read) + compile/clippy/test gate + static scan	reviewed-pass	
impl/crates/lcl-checker/src/numeric.rs	105bb6afecbb64922668c96a175eb3302755f0e9	27006	rust-source	source/content review (static scan) + compile/clippy -D warnings/test gate	reviewed-pass	
impl/crates/lcl-checker/src/operation.rs	442fcd5be3806eb2399b21fb35bc33a58d48a086	29377	rust-source	source/content review (PRETEST diff read) + compile/clippy/test gate + static scan	reviewed-finding	F27 FALLBACK half closed in FINAL-01: fallback() checks the operation identifier against the registry contract; reproduced here through the installed candidate
impl/crates/lcl-checker/src/pattern.rs	0788867d758f8d7e92489fb36d4c7dd5e5364820	37722	rust-source	source/content review (static scan) + compile/clippy -D warnings/test gate	reviewed-pass	
impl/crates/lcl-checker/src/schema.rs	5d54115c6a6d698cd5aceb90348cba1720d15ad5	7894	rust-source	source/content review (static scan) + compile/clippy -D warnings/test gate	reviewed-pass	
impl/crates/lcl-checker/src/ty.rs	b6bc7d2017f9a911afe533e58a4564a1f01b1290	10271	rust-source	source/content review (static scan) + compile/clippy -D warnings/test gate	reviewed-pass	
impl/crates/lcl-checker/src/types.rs	60ca4c926612bc946f3d820715c958bfae34130d	22197	rust-source	source/content review (static scan) + compile/clippy -D warnings/test gate	reviewed-pass	
impl/crates/lcl-checker/tests/common/mod.rs	d7ffae946fd7d0b1a434d8acb5173c79d3fbda17	4203	rust-test	source/content review (static scan) + compile/clippy -D warnings/test gate	reviewed-pass	
impl/crates/lcl-checker/tests/constructors_and_operations.rs	e2bdd63c63d68bff2e6325fea356c40d9b99d2d1	28398	rust-test	source/content review (PRETEST diff read) + compile/clippy/test gate + static scan	reviewed-pass	
impl/crates/lcl-checker/tests/contracts_authority.rs	3de2fe708126d19612837da2c9509a71ccbd237c	11871	rust-test	source/content review (static scan) + compile/clippy -D warnings/test gate	reviewed-pass	
impl/crates/lcl-checker/tests/expressions.rs	8d959da2b5a7a02d26120a44fd9f0cde6c6553bd	13236	rust-test	source/content review (static scan) + compile/clippy -D warnings/test gate	reviewed-pass	
impl/crates/lcl-checker/tests/identifier_coverage.rs	26c56686e724f0937a2079be18ffb45837b91ff0	5627	rust-test	source/content review (static scan) + compile/clippy -D warnings/test gate	reviewed-pass	
impl/crates/lcl-checker/tests/object_constraints.rs	498f0429bfca76857001b46798ebac8874ce2141	6625	rust-test	source/content review (static scan) + compile/clippy -D warnings/test gate	reviewed-pass	
impl/crates/lcl-checker/tests/references_and_special_values.rs	77a8482f1a6e7f77e3d52f64f9ef42a769a90c0d	10279	rust-test	source/content review (static scan) + compile/clippy -D warnings/test gate	reviewed-pass	
impl/crates/lcl-checker/tests/robustness.rs	a4033f8c072955445b0dc052103f88f4909b5d38	7895	rust-test	source/content review (static scan) + compile/clippy -D warnings/test gate	reviewed-pass	scan hits: unbounded_read
impl/crates/lcl-checker/tests/static_matrix.rs	189d1e33eb5ba282301ad7eed51c231c3aa1c038	9743	rust-test	source/content review (static scan) + compile/clippy -D warnings/test gate	reviewed-pass	scan hits: unbounded_read
impl/crates/lcl-checker/tests/types_and_schemas.rs	0471b891ce03c624708cf64cae841d898dae533b	10666	rust-test	source/content review (static scan) + compile/clippy -D warnings/test gate	reviewed-pass	
impl/crates/lcl-cli/Cargo.toml	d4c48ed1ca7d14db937274ae3258ac80d65f74d9	809	structured-config	structured JSON/TOML/XML parse + semantic review	reviewed-pass	toml parse ok
impl/crates/lcl-cli/src/args.rs	75db1f281b24e7838804c8336760539460bb7dd8	14894	rust-source	source/content review (static scan) + compile/clippy -D warnings/test gate	reviewed-pass	
impl/crates/lcl-cli/src/exit.rs	2f1a8558ab74d8ae70dc683f7d1089df21fe465e	3076	rust-source	source/content review (static scan) + compile/clippy -D warnings/test gate	reviewed-pass	
impl/crates/lcl-cli/src/main.rs	6cb8f35b932a7cca511e52b68b29ace9b0f688a7	24492	rust-source	source/content review (static scan) + compile/clippy -D warnings/test gate	reviewed-pass	
impl/crates/lcl-cli/src/render.rs	ae2696ed4513d3f682d4432c40b6fe5541816d6f	7185	rust-source	source/content review (static scan) + compile/clippy -D warnings/test gate	reviewed-pass	
impl/crates/lcl-cli/src/syntax.rs	91b2f61519b6cf5aa3e8ec4a529da20d267fa8e0	7062	rust-source	source/content review (static scan) + compile/clippy -D warnings/test gate	reviewed-pass	
impl/crates/lcl-cli/tests/clean_environment.rs	27a2ff754546850bda67bb6f5266c3c70c3860e7	10868	rust-test	source/content review (static scan) + compile/clippy -D warnings/test gate	reviewed-pass	scan hits: unbounded_read
impl/crates/lcl-cli/tests/commands_and_exit_codes.rs	91c4077d44a657af20471b189b069785c2020eb5	11117	rust-test	source/content review (static scan) + compile/clippy -D warnings/test gate	reviewed-pass	
impl/crates/lcl-cli/tests/common/mod.rs	bcd94d6fd838de85c0fbf70d48c523cdbe93dc7d	3333	rust-test	source/content review (static scan) + compile/clippy -D warnings/test gate	reviewed-pass	scan hits: unbounded_read
impl/crates/lcl-cli/tests/lcl_integration.rs	a373ca7c266318fed1a3f8f6c2aa79fc7e14b68a	8365	rust-test	source/content review (static scan) + compile/clippy -D warnings/test gate	reviewed-pass	scan hits: unbounded_read
impl/crates/lcl-cli/tests/localized_cli.rs	10ba1bb940b7dc7c8f63540af6fed917e8ce2c95	7279	rust-test	source/content review (static scan) + compile/clippy -D warnings/test gate	reviewed-pass	scan hits: unbounded_read
impl/crates/lcl-cli/tests/machine_output.rs	fa2b003e2d1b5d1d7db456799d1ffc99a49e7f3b	13590	rust-test	source/content review (static scan) + compile/clippy -D warnings/test gate	reviewed-pass	
impl/crates/lcl-cli/tests/projects_and_capabilities.rs	8abecc69a6a831514ed1fa68e2c4948f97a1531c	19592	rust-test	source/content review (static scan) + compile/clippy -D warnings/test gate	reviewed-pass	scan hits: unbounded_read
impl/crates/lcl-completion/Cargo.toml	0a3a1e792e5476f6233669d650e190b44a5d04cc	1200	structured-config	structured JSON/TOML/XML parse + semantic review	reviewed-pass	toml parse ok
impl/crates/lcl-completion/examples/m8_report.rs	506485f116e79a743569609e1f271e7544c427f5	8134	rust-example	source/content review (static scan) + compile/clippy -D warnings/test gate	reviewed-pass	scan hits: unbounded_read
impl/crates/lcl-completion/src/check.rs	8439d67d8e9edf7517e37a00f0e956acf847c094	30646	rust-source	source/content review (static scan) + compile/clippy -D warnings/test gate	reviewed-pass	
impl/crates/lcl-completion/src/complete.rs	df3d7557cf2401235686ace14c5dfbf9a130a3e0	5885	rust-source	source/content review (static scan) + compile/clippy -D warnings/test gate	reviewed-pass	
impl/crates/lcl-completion/src/contracts.rs	67bf0970e88c5b40c234c77d083dc75a9ed14dd4	13695	rust-source	source/content review (static scan) + compile/clippy -D warnings/test gate	reviewed-pass	
impl/crates/lcl-completion/src/diagnostic.rs	c36f48e39631b12eb007d7afa6d70d5d3e8d110a	13410	rust-source	source/content review (PRETEST diff read) + compile/clippy/test gate + static scan	reviewed-pass	
impl/crates/lcl-completion/src/engine.rs	c95cde7e1bc311329bd4af25b77be70571daa7c8	8841	rust-source	source/content review (static scan) + compile/clippy -D warnings/test gate	reviewed-pass	
impl/crates/lcl-completion/src/evidence.rs	87fe879f3bd43f286e770438b2d83263e4291b34	12532	rust-source	source/content review (PRETEST diff read) + compile/clippy/test gate + static scan	reviewed-pass	
impl/crates/lcl-completion/src/lib.rs	3270fc22bfff50edc67ac966cd453b5083fe14fa	3517	rust-source	source/content review (static scan) + compile/clippy -D warnings/test gate	reviewed-pass	
impl/crates/lcl-completion/src/observe.rs	ad52015dff1a3e9669a85c04dd5fd226f6ba0df4	7267	rust-source	source/content review (static scan) + compile/clippy -D warnings/test gate	reviewed-pass	
impl/crates/lcl-completion/src/outputs.rs	8bc6cbc43a6bd1fc53c25adf9c481a9e88131f92	7638	rust-source	source/content review (static scan) + compile/clippy -D warnings/test gate	reviewed-pass	
impl/crates/lcl-completion/src/success.rs	5d2c1c86e9c51eb175a6ee5ed000ca7defc01a5a	15223	rust-source	source/content review (static scan) + compile/clippy -D warnings/test gate	reviewed-pass	
impl/crates/lcl-completion/src/syntax.rs	c0524c29628081a46f96d02de878009786f97cbc	4500	rust-source	source/content review (static scan) + compile/clippy -D warnings/test gate	reviewed-pass	
impl/crates/lcl-completion/src/terminal.rs	2d8e795c4877ec88103607d09ff1865ba0edf197	14264	rust-source	source/content review (PRETEST diff read) + compile/clippy/test gate + static scan	reviewed-pass	
impl/crates/lcl-completion/src/test_root.rs	da4ff74460701c24b99559f7e0e3708547cfded2	6135	rust-source	source/content review (static scan) + compile/clippy -D warnings/test gate	reviewed-pass	
impl/crates/lcl-completion/tests/common/mod.rs	c993a13655c1131d63d3a9d4f21e33893c874577	9334	rust-test	source/content review (static scan) + compile/clippy -D warnings/test gate	reviewed-pass	scan hits: unbounded_read
impl/crates/lcl-completion/tests/completion_matrix.rs	86bdc8c38ea4ec215bd143c5c211fbd817b0e3a1	6397	rust-test	source/content review (static scan) + compile/clippy -D warnings/test gate	reviewed-pass	scan hits: unbounded_read
impl/crates/lcl-completion/tests/contracts_authority.rs	0434a09b57ada3a6a8e65f35350a8e20281037c6	6038	rust-test	source/content review (static scan) + compile/clippy -D warnings/test gate	reviewed-pass	
impl/crates/lcl-completion/tests/observation.rs	d1effcd15e644085420db9be8eae02f29b2d574a	4484	rust-test	source/content review (static scan) + compile/clippy -D warnings/test gate	reviewed-pass	scan hits: unbounded_read
impl/crates/lcl-completion/tests/robustness.rs	b57ceb14e6f5e4a0b1bde842e598f1ea7eeae75b	5151	rust-test	source/content review (static scan) + compile/clippy -D warnings/test gate	reviewed-pass	scan hits: unbounded_read
impl/crates/lcl-completion/tests/success_and_failure.rs	69bb51a13b1622aa5faa01c25e04ae817b8d6db5	16519	rust-test	source/content review (PRETEST diff read) + compile/clippy/test gate + static scan	reviewed-pass	
impl/crates/lcl-completion/tests/terminal_and_outputs.rs	ce3bc9f4392912ffc8c93a8f879f7308fe1b94fd	9404	rust-test	source/content review (static scan) + compile/clippy -D warnings/test gate	reviewed-pass	
impl/crates/lcl-completion/tests/verify_and_test.rs	75cde725b319b5c5c43f8fba784001cfaa04b86a	20105	rust-test	source/content review (PRETEST diff read) + compile/clippy/test gate + static scan	reviewed-pass	
impl/crates/lcl-conformance/Cargo.toml	b9eddd93406526e0e559dbcb116d17ef556047da	933	structured-config	structured JSON/TOML/XML parse + semantic review	reviewed-pass	toml parse ok
impl/crates/lcl-conformance/examples/m0_report.rs	7daed767204ffda568428541821a3eaba9c5f775	4206	rust-example	source/content review (static scan) + compile/clippy -D warnings/test gate	reviewed-pass	
impl/crates/lcl-conformance/examples/m8_conformance_report.rs	80429ab7a448c84d7bce4c229e4a6a9a2d9d7c23	1219	rust-example	source/content review (static scan) + compile/clippy -D warnings/test gate	reviewed-pass	
impl/crates/lcl-conformance/src/fixtures.rs	f022fc807ca594f0e87643a1fdc5808bb24562aa	3177	rust-source	source/content review (static scan) + compile/clippy -D warnings/test gate	reviewed-pass	
impl/crates/lcl-conformance/src/lib.rs	b7e1ae23af2a3a792825f243a9aefbd067dd9cf9	13730	rust-source	source/content review (PRETEST diff read) + compile/clippy/test gate + static scan	reviewed-pass	
impl/crates/lcl-conformance/src/lifecycle_cases.rs	dc068a72562907dd70b5688b899d8755a41c5029	53673	rust-source	source/content review (PRETEST diff read) + compile/clippy/test gate + static scan	reviewed-pass	
impl/crates/lcl-conformance/src/obligations.rs	e22e2c6ce656ac38eff3899a47147543dd558b43	31799	rust-source	source/content review (PRETEST diff read) + compile/clippy/test gate + static scan	reviewed-pass	
impl/crates/lcl-conformance/src/obligations_v0.1.0_r2.json	1659567c92a93e252ea6a011b9e0cdbbb1a2c4b3	447105	structured-config	structured JSON/TOML/XML parse + semantic review	reviewed-finding	json parse ok; changed since baseline; diff reviewed; F5-B1 (F27): pinned inventory; MAPPING_DIGEST 9b32a28b… recomputed from these bytes
impl/crates/lcl-conformance/src/operation_cases.rs	d2167dd9c4859a672826d6d06a9ba50e0e9a89ae	42943	rust-source	source/content review (PRETEST diff read) + compile/clippy/test gate + static scan	reviewed-pass	
impl/crates/lcl-conformance/src/operation_cases/clauses.rs	9a66081b2cea5027fe234d8363dbc238d80f483f	251766	rust-source	source/content review (PRETEST diff read) + compile/clippy/test gate + static scan	reviewed-pass	scan hits: unsafe
impl/crates/lcl-conformance/src/production.rs	3e0d0daa10380cfe4c62079eda8323043388a77f	3442	rust-source	source/content review (PRETEST diff read) + compile/clippy/test gate + static scan	reviewed-pass	
impl/crates/lcl-conformance/src/report.rs	0ca42109c45b3ec6fb04b5bb398f00c8cdf50c50	68320	rust-source	source/content review (static scan) + compile/clippy -D warnings/test gate	reviewed-pass	
impl/crates/lcl-conformance/src/result_cases.rs	74d2f27c7cfc3bb067a7c2fbf90b3ee8bf210f6f	22273	rust-source	source/content review (PRETEST diff read) + compile/clippy/test gate + static scan	reviewed-pass	
impl/crates/lcl-conformance/src/result_cases/engine.rs	a6923b81e4ae64cacf2b2c4b93349ff4f05c99d7	42767	rust-source	source/content review (PRETEST diff read) + compile/clippy/test gate + static scan	reviewed-pass	
impl/crates/lcl-conformance/src/runner.rs	1f85d832dabb793b5d4e93341870c3c68d081728	38600	rust-source	source/content review (PRETEST diff read) + compile/clippy/test gate + static scan	reviewed-pass	
impl/crates/lcl-conformance/src/semantic_cases.rs	a515707a4daa1bac0e0db9def25f0b24a278eb83	80392	rust-source	source/content review (PRETEST diff read) + compile/clippy/test gate + static scan	reviewed-pass	
impl/crates/lcl-conformance/src/semantic_cases/behaviors.rs	463b4bf0ad82b11763e4fff14db2063f52c4cbf1	23945	rust-source	source/content review (PRETEST diff read) + compile/clippy/test gate + static scan	reviewed-pass	
impl/crates/lcl-conformance/src/source_cases.rs	12da822f80167f5b75d53108aab99b0e9922bf74	32117	rust-source	source/content review (static scan) + compile/clippy -D warnings/test gate	reviewed-pass	scan: std::fs::read present (see P5 bounded-read sweep); scan hits: unbounded_read
impl/crates/lcl-conformance/src/witness_cases.rs	a73d5457140959b8c7044a62cbab9a1b9f7e7325	70004	rust-source	source/content review (static scan) + compile/clippy -D warnings/test gate	reviewed-pass	
impl/crates/lcl-conformance/tests/common/mod.rs	dca7038ba4e805ba2ba7ea726544b0ff9669cc66	260	rust-test	source/content review (static scan) + compile/clippy -D warnings/test gate	reviewed-pass	
impl/crates/lcl-conformance/tests/decision_witnesses.rs	1a005f48a6c78c4fc0de7496a36de5c5136a174a	7430	rust-test	source/content review (static scan) + compile/clippy -D warnings/test gate	reviewed-pass	
impl/crates/lcl-conformance/tests/descriptive_index.rs	5477bea009e3856978053b396eae04e4c6c3e636	6209	rust-test	source/content review (static scan) + compile/clippy -D warnings/test gate	reviewed-pass	
impl/crates/lcl-conformance/tests/operation_cases.rs	a881606446671aa9a4b16053731fc00b9be4a3b6	1489	rust-test	source/content review (static scan) + compile/clippy -D warnings/test gate	reviewed-pass	
impl/crates/lcl-conformance/tests/production_report.rs	9e8eca2fa4f19541c47b24ce576fbefec8dd8b3f	8079	rust-test	source/content review (PRETEST diff read) + compile/clippy/test gate + static scan	reviewed-finding	F5-B1 (F27): claim is source_conforming; 45 semantic probes invalid, each only awaiting pinned sub-runs; KNOWN_FAILED and UNPOPULATED are both empty
impl/crates/lcl-conformance/tests/result_cases.rs	ada116855c792c1288d44f264ec5136b4a9f2dce	1351	rust-test	source/content review (static scan) + compile/clippy -D warnings/test gate	reviewed-pass	
impl/crates/lcl-conformance/tests/runner_seam.rs	79973709e7d488a217edd78bd05c4f0f5da649a0	11896	rust-test	source/content review (static scan) + compile/clippy -D warnings/test gate	reviewed-pass	scan hits: unbounded_read
impl/crates/lcl-conformance/tests/semantic_cases.rs	2d30cfcaebde1158a347bc854b8ce885284d4425	2624	rust-test	source/content review (static scan) + compile/clippy -D warnings/test gate	reviewed-pass	
impl/crates/lcl-conformance/tests/witness_cases/mod.rs	28d27d6deaeb2fd1898068d3e5233a9736893ce5	255	rust-test	source/content review (static scan) + compile/clippy -D warnings/test gate	reviewed-pass	
impl/crates/lcl-diagnostics/Cargo.toml	845805683113ef1c4dcea6a9e0e2432c82d910ec	321	structured-config	structured JSON/TOML/XML parse + semantic review	reviewed-pass	toml parse ok
impl/crates/lcl-diagnostics/src/lib.rs	11a7ce551d2752a1c6a28f1b7c0a6702072cc999	16272	rust-source	source/content review (static scan) + compile/clippy -D warnings/test gate	reviewed-pass	
impl/crates/lcl-diagnostics/tests/registered_model.rs	41dbeccc5f24eb6c364396e2036560e6ac591d09	6791	rust-test	source/content review (static scan) + compile/clippy -D warnings/test gate	reviewed-pass	
impl/crates/lcl-hardening/Cargo.toml	6810e76a8318f3ddd4cc77a126559b91f741c9d7	1104	structured-config	structured JSON/TOML/XML parse + semantic review	reviewed-pass	toml parse ok
impl/crates/lcl-hardening/src/corpus.rs	6bd085e80983b6a04786739d54310179ac1d21ff	6011	rust-source	source/content review (static scan) + compile/clippy -D warnings/test gate	reviewed-pass	scan: std::fs::read present (see P5 bounded-read sweep); scan hits: unbounded_read
impl/crates/lcl-hardening/src/invariant.rs	48763d86b17a476aca49fe224b1dfe894f0af5a7	6574	rust-source	source/content review (static scan) + compile/clippy -D warnings/test gate	reviewed-pass	
impl/crates/lcl-hardening/src/lib.rs	5d603993797801da89ce118f0a8d6af8dd9a7d5c	2774	rust-source	source/content review (static scan) + compile/clippy -D warnings/test gate	reviewed-pass	
impl/crates/lcl-hardening/src/rng.rs	d88c7e2d7a7e9ce973355f4286af195b38e0accd	1472	rust-source	source/content review (static scan) + compile/clippy -D warnings/test gate	reviewed-pass	
impl/crates/lcl-hardening/tests/adversarial_inputs.rs	d120566c2e391e5235a4902c5f232d9e4e692870	18132	rust-test	source/content review (static scan) + compile/clippy -D warnings/test gate	reviewed-pass	scan hits: unbounded_read
impl/crates/lcl-hardening/tests/applications.rs	9200f938279e5fa85483da29d6229369e43e087f	16834	rust-test	source/content review (static scan) + compile/clippy -D warnings/test gate	reviewed-pass	scan hits: unbounded_read
impl/crates/lcl-hardening/tests/fuzz_stages.rs	45288d0247c4a4864ae8d124a6160354b234d5a0	6609	rust-test	source/content review (static scan) + compile/clippy -D warnings/test gate	reviewed-pass	
impl/crates/lcl-hardening/tests/installed_launcher.rs	b19cf763e4d0c83a02bbbafcf8083cc603d97546	51842	rust-test	source/content review (static scan) + compile/clippy -D warnings/test gate	reviewed-pass	scan hits: unbounded_read
impl/crates/lcl-hardening/tests/packaging_smoke.rs	7059c38f4b747ccbd101ba24490e0b71ca3ebc7c	7884	rust-test	source/content review (static scan) + compile/clippy -D warnings/test gate	reviewed-pass	scan hits: unbounded_read
impl/crates/lcl-hardening/tests/performance.rs	c3795e199617a3c578d6c298dd9588154ecef166	5303	rust-test	source/content review (static scan) + compile/clippy -D warnings/test gate	reviewed-pass	
impl/crates/lcl-hardening/tests/protocol_and_tooling.rs	98f87f0db21da3593fa665d43ef6b1fbcc52bace	6859	rust-test	source/content review (static scan) + compile/clippy -D warnings/test gate	reviewed-pass	
impl/crates/lcl-hardening/tests/release_build.rs	7ead66d764b7abc38cfb39da97fb20b006d665b7	32612	rust-test	source/content review (static scan) + compile/clippy -D warnings/test gate	reviewed-pass	scan hits: unbounded_read
impl/crates/lcl-hardening/tests/repeatability.rs	abe725e8608f985dc54d8f626667c819b305c8d9	5080	rust-test	source/content review (static scan) + compile/clippy -D warnings/test gate	reviewed-pass	
impl/crates/lcl-hardening/tests/security_matrix.rs	e3a47a2cc5428e9a0ae513dfcb2bf46590d4f601	7149	rust-test	source/content review (static scan) + compile/clippy -D warnings/test gate	reviewed-pass	
impl/crates/lcl-lexer/Cargo.toml	f29a4f5fc4ebe7b3fd3776441e1b55d2ef43273b	466	structured-config	structured JSON/TOML/XML parse + semantic review	reviewed-pass	toml parse ok
impl/crates/lcl-lexer/examples/m1_report.rs	a2d9a96c1549d2a86e976555016baf313f57abd1	7614	rust-example	source/content review (static scan) + compile/clippy -D warnings/test gate	reviewed-pass	scan hits: unbounded_read
impl/crates/lcl-lexer/src/diagnostic.rs	9eb7db10ab8d6e5eeb74f18131c8346e20ecaa5b	10410	rust-source	source/content review (static scan) + compile/clippy -D warnings/test gate	reviewed-pass	
impl/crates/lcl-lexer/src/lexicon.rs	f0cf3876970a4cff5768c4d6bd9f0fcda08d161d	36124	rust-source	source/content review (static scan) + compile/clippy -D warnings/test gate	reviewed-pass	
impl/crates/lcl-lexer/src/lib.rs	f5cb9e82156fca492bb08e1f9fe9992a8ccc18df	10721	rust-source	source/content review (static scan) + compile/clippy -D warnings/test gate	reviewed-pass	
impl/crates/lcl-lexer/src/literal.rs	f12bc55e8ae8c9a15dc06034068a86844cb1a2fc	31521	rust-source	source/content review (static scan) + compile/clippy -D warnings/test gate	reviewed-pass	
impl/crates/lcl-lexer/src/scan.rs	89db627987a19a20fc6755566c3110ad491598d0	77697	rust-source	source/content review (static scan) + compile/clippy -D warnings/test gate	reviewed-pass	
impl/crates/lcl-lexer/src/span.rs	565bc91648704b87f31f9efacd30ad45dc7ef9e5	3931	rust-source	source/content review (static scan) + compile/clippy -D warnings/test gate	reviewed-pass	
impl/crates/lcl-lexer/src/token.rs	1fc1aab05f4ed3efc79634bc50a3492a5c3c1471	5463	rust-source	source/content review (static scan) + compile/clippy -D warnings/test gate	reviewed-pass	
impl/crates/lcl-lexer/tests/canonical_examples.rs	a18c403360f5260d06a02b56fb7dd59533eb0e1f	7618	rust-test	source/content review (static scan) + compile/clippy -D warnings/test gate	reviewed-pass	scan hits: unbounded_read
impl/crates/lcl-lexer/tests/common/mod.rs	4d7858142a6d92672a2d8f28f47248555224fcbb	6181	rust-test	source/content review (static scan) + compile/clippy -D warnings/test gate	reviewed-pass	
impl/crates/lcl-lexer/tests/constructor_literals.rs	6602eaef1b9290fa7a22bc90d8c274ea065c582f	25790	rust-test	source/content review (static scan) + compile/clippy -D warnings/test gate	reviewed-pass	scan hits: unbounded_read
impl/crates/lcl-lexer/tests/lexical_rules.rs	dd391fe0341af97379fe0b54e01e3f369e6ba01c	48610	rust-test	source/content review (static scan) + compile/clippy -D warnings/test gate	reviewed-pass	
impl/crates/lcl-lexer/tests/lexicon_authority.rs	05f83b1a13c1bc4b148ed6997b4ce348a96da076	13439	rust-test	source/content review (static scan) + compile/clippy -D warnings/test gate	reviewed-pass	scan hits: unbounded_read
impl/crates/lcl-lexer/tests/localized_words.rs	c695710fca561d32b0449a099ba453d6f76f7597	7238	rust-test	source/content review (static scan) + compile/clippy -D warnings/test gate	reviewed-pass	scan hits: unbounded_read
impl/crates/lcl-lexer/tests/robustness.rs	ea982c7abea4b88770559572b77b9606abddb144	6979	rust-test	source/content review (static scan) + compile/clippy -D warnings/test gate	reviewed-pass	scan hits: unbounded_read
impl/crates/lcl-lexer/tests/source_fixtures.rs	80d94cf1a55ee9c203cbe264f7f644fc9bc0869d	11024	rust-test	source/content review (static scan) + compile/clippy -D warnings/test gate	reviewed-pass	scan hits: unbounded_read
impl/crates/lcl-localization/Cargo.toml	a7538666e729b833b2978c91481ae473a93256fe	387	structured-config	structured JSON/TOML/XML parse + semantic review	reviewed-pass	toml parse ok
impl/crates/lcl-localization/src/lib.rs	64304eaa05ac4bae6982db5171cfd0769897fbb2	58847	rust-source	source/content review (static scan) + compile/clippy -D warnings/test gate	reviewed-pass	
impl/crates/lcl-localization/tests/fixtures.rs	4f0f1621384b064d595f9d7e59021d3364ab9ff3	14388	rust-test	source/content review (static scan) + compile/clippy -D warnings/test gate	reviewed-pass	scan hits: unbounded_read
impl/crates/lcl-parser/Cargo.toml	7b65e734cb64c364e30727fa1d8d7e76eb824dbe	526	structured-config	structured JSON/TOML/XML parse + semantic review	reviewed-pass	toml parse ok
impl/crates/lcl-parser/examples/m2_report.rs	7ad215c19b10089f1a63f08be377347eb9f02414	10266	rust-example	source/content review (static scan) + compile/clippy -D warnings/test gate	reviewed-pass	scan hits: unbounded_read
impl/crates/lcl-parser/src/block.rs	7a1859334b74dc1b1026c2a029e10b514b68609d	30467	rust-source	source/content review (static scan) + compile/clippy -D warnings/test gate	reviewed-pass	
impl/crates/lcl-parser/src/conditional.rs	e750683f0bf0b0aa08c6de8211c738ddb62183d6	15856	rust-source	source/content review (PRETEST diff read) + compile/clippy/test gate + static scan	reviewed-pass	
impl/crates/lcl-parser/src/diagnostic.rs	36664dc21c9262277ee7d19135be5b7ced81bf29	9467	rust-source	source/content review (static scan) + compile/clippy -D warnings/test gate	reviewed-pass	
impl/crates/lcl-parser/src/expr.rs	f3358c97286547c1327c6bbbb336e78d86adcbe4	37719	rust-source	source/content review (static scan) + compile/clippy -D warnings/test gate	reviewed-pass	
impl/crates/lcl-parser/src/grammar.rs	af3f245dc732c134e0d14660194a30a3755492b6	37426	rust-source	source/content review (static scan) + compile/clippy -D warnings/test gate	reviewed-pass	
impl/crates/lcl-parser/src/lib.rs	900582d9a53f3bc595c832506c97110254bb994a	13978	rust-source	source/content review (static scan) + compile/clippy -D warnings/test gate	reviewed-pass	
impl/crates/lcl-parser/src/parse.rs	b2398197f526b47e0d96d7d4f7691d3b89b3b37b	9101	rust-source	source/content review (static scan) + compile/clippy -D warnings/test gate	reviewed-pass	
impl/crates/lcl-parser/src/schema.rs	aca9dff286c9fd3582db88ff4b6401cd3a1d2e0b	31772	rust-source	source/content review (static scan) + compile/clippy -D warnings/test gate	reviewed-pass	
impl/crates/lcl-parser/src/syntax.rs	b263b302682a629181cb0dc2e054b137ffe837ad	42723	rust-source	source/content review (static scan) + compile/clippy -D warnings/test gate	reviewed-pass	
impl/crates/lcl-parser/tests/common/mod.rs	10bcc48767c4cf8c0805c225db94af64cd3972ab	5929	rust-test	source/content review (static scan) + compile/clippy -D warnings/test gate	reviewed-pass	
impl/crates/lcl-parser/tests/control_forms.rs	7c3518745cd85a93ec48c846f46d9863e6dfb70a	12973	rust-test	source/content review (PRETEST diff read) + compile/clippy/test gate + static scan	reviewed-pass	
impl/crates/lcl-parser/tests/diagnostics.rs	7a5ed51bc1241b8eb9c1337afde7116b4d8733b4	7319	rust-test	source/content review (static scan) + compile/clippy -D warnings/test gate	reviewed-pass	
impl/crates/lcl-parser/tests/document_structure.rs	0d6b81f6f72b383f8e86374153bd7c41d7c2e329	7930	rust-test	source/content review (static scan) + compile/clippy -D warnings/test gate	reviewed-pass	
impl/crates/lcl-parser/tests/ebnf_authority.rs	748a09a913f65683fc33764cb51a100b7b0b18d5	5280	rust-test	source/content review (static scan) + compile/clippy -D warnings/test gate	reviewed-pass	scan hits: unbounded_read
impl/crates/lcl-parser/tests/expressions.rs	4dfbae6997e548fd2f37f81d6fb2255544d08798	13274	rust-test	source/content review (static scan) + compile/clippy -D warnings/test gate	reviewed-pass	
impl/crates/lcl-parser/tests/grammar_authority.rs	ce974880e39f7597c5e32358090c30c82d6d4379	14643	rust-test	source/content review (static scan) + compile/clippy -D warnings/test gate	reviewed-pass	
impl/crates/lcl-parser/tests/localized_ast.rs	a82eb4f348db896c0e90ed5bf6bd0394357ff2b0	7460	rust-test	source/content review (static scan) + compile/clippy -D warnings/test gate	reviewed-pass	scan hits: unbounded_read
impl/crates/lcl-parser/tests/parse_matrix.rs	659f2957c940c95e5c00857dae30daaa894a9288	18309	rust-test	source/content review (static scan) + compile/clippy -D warnings/test gate	reviewed-pass	scan hits: unbounded_read
impl/crates/lcl-parser/tests/robustness.rs	7d72f917c38fca057ea64a2d5455dc4e8e922aa8	15449	rust-test	source/content review (static scan) + compile/clippy -D warnings/test gate	reviewed-pass	scan hits: unbounded_read
impl/crates/lcl-project/Cargo.toml	fc7d44b9f1cf9d85e52a9ba029145cb40898c0a2	931	structured-config	structured JSON/TOML/XML parse + semantic review	reviewed-pass	toml parse ok
impl/crates/lcl-project/src/cache.rs	e72de59136513d5970083214b5326435438ea702	10179	rust-source	source/content review (static scan) + compile/clippy -D warnings/test gate	reviewed-pass	
impl/crates/lcl-project/src/lib.rs	74a85eae44165f7b68bb06d3c6bab295344c2ed6	12526	rust-source	source/content review (static scan) + compile/clippy -D warnings/test gate	reviewed-pass	
impl/crates/lcl-project/src/lock.rs	fc73560e274dbdd475227b93525a440580967e4c	16129	rust-source	source/content review (static scan) + compile/clippy -D warnings/test gate	reviewed-pass	
impl/crates/lcl-project/src/manifest.rs	ef2e36cccb8e0bd1af4029d430ae220d2b3ec037	6085	rust-source	source/content review (static scan) + compile/clippy -D warnings/test gate	reviewed-pass	
impl/crates/lcl-project/src/naming.rs	37a03b4037bc53801ed5b245cecea9e05f7c12b9	5480	rust-source	source/content review (static scan) + compile/clippy -D warnings/test gate	reviewed-pass	
impl/crates/lcl-project/src/provider.rs	38f5757006626ca25ef729a25f2d51e6ddf016f8	10765	rust-source	source/content review (static scan) + compile/clippy -D warnings/test gate	reviewed-pass	
impl/crates/lcl-project/tests/common/mod.rs	d3ad841413e044c84fb272ceaa1863e9be3bda11	1661	rust-test	source/content review (static scan) + compile/clippy -D warnings/test gate	reviewed-pass	scan hits: unbounded_read
impl/crates/lcl-project/tests/manifest_and_lock.rs	32aa52b2b754d2c9dd05ad2a3ae323b92acc8436	15105	rust-test	source/content review (static scan) + compile/clippy -D warnings/test gate	reviewed-pass	scan hits: unbounded_read
impl/crates/lcl-project/tests/manifest_input_bounds.rs	2a87ccc3a98c57a92b0cf8791f28ed4964b9e6ab	5395	rust-test	source/content review (static scan) + compile/clippy -D warnings/test gate	reviewed-pass	
impl/crates/lcl-project/tests/source_boundary.rs	ea978c51f95e90b435316d889052030451479a87	13891	rust-test	source/content review (static scan) + compile/clippy -D warnings/test gate	reviewed-pass	scan hits: unbounded_read
impl/crates/lcl-protocol/Cargo.toml	6a8ba4912e7bb4e79f01d118ba2905628f133dfa	1179	structured-config	structured JSON/TOML/XML parse + semantic review	reviewed-pass	toml parse ok
impl/crates/lcl-protocol/src/engine.rs	3da563241265fc9c5016f1de5d96e7f35dcd4631	56002	rust-source	source/content review (static scan) + compile/clippy -D warnings/test gate	reviewed-pass	
impl/crates/lcl-protocol/src/host.rs	8f0a711f64e4d879888dba79e4e2e6761371b110	4763	rust-source	source/content review (static scan) + compile/clippy -D warnings/test gate	reviewed-pass	
impl/crates/lcl-protocol/src/inputs.rs	bba5c43ecd06c8dad52c744cf7b6d135aa6d3ad6	3282	rust-source	source/content review (static scan) + compile/clippy -D warnings/test gate	reviewed-pass	
impl/crates/lcl-protocol/src/json.rs	242f4cc8cc4e85ebb42247a52cf0f194b93ee7ca	7697	rust-source	source/content review (static scan) + compile/clippy -D warnings/test gate	reviewed-pass	
impl/crates/lcl-protocol/src/lib.rs	be927a85b64c09454612191fd6d8e1cc759eea78	2539	rust-source	source/content review (static scan) + compile/clippy -D warnings/test gate	reviewed-pass	
impl/crates/lcl-protocol/src/record.rs	5fcf35761c48e86ebbb6bd9c52e4d5856b15c5e6	40517	rust-source	source/content review (static scan) + compile/clippy -D warnings/test gate	reviewed-pass	
impl/crates/lcl-protocol/tests/common/mod.rs	6839937b2123d19e3c7685f6c997f869f51b31a1	2769	rust-test	source/content review (static scan) + compile/clippy -D warnings/test gate	reviewed-pass	scan hits: unbounded_read
impl/crates/lcl-protocol/tests/dispatch.rs	1eb7617f9338f3623ca34cff6352705dccbfb7a4	15107	rust-test	source/content review (PRETEST diff read) + compile/clippy/test gate + static scan	reviewed-pass	scan hits: unbounded_read
impl/crates/lcl-protocol/tests/engine_stages.rs	18e016ddeb3790940a74d5ca3e87c0c3c18efbe1	19548	rust-test	source/content review (static scan) + compile/clippy -D warnings/test gate	reviewed-pass	
impl/crates/lcl-protocol/tests/fixtures/v07/invoice/en/main.lcl	9976ff621db324e5aecf5d728c2537d085588a4f	1616	lcl-fixture	source/content review + test-reference check	reviewed-pass	referenced by test source
impl/crates/lcl-protocol/tests/fixtures/v07/invoice/lv-LV/main.lcl	1dc200ab53a334c1700acb010b6cad1c21bc115d	1720	lcl-fixture	source/content review + test-reference check	reviewed-pass	referenced by test source
impl/crates/lcl-protocol/tests/fixtures/v07/invoice/nl-NL/main.lcl	3f1c03b18518c9f8a4f3703fcc491dcd98958819	1686	lcl-fixture	source/content review + test-reference check	reviewed-pass	referenced by test source
impl/crates/lcl-protocol/tests/fixtures/v07/invoice/ru-RU/main.lcl	656f4da72c4868629654699cf30e1e3927d28da6	2185	lcl-fixture	source/content review + test-reference check	reviewed-pass	referenced by test source
impl/crates/lcl-protocol/tests/fixtures/v07/invoice/zh-CN/main.lcl	9823bce152328edc3bcdc6eb5dce4cd6527572e7	1719	lcl-fixture	source/content review + test-reference check	reviewed-pass	referenced by test source
impl/crates/lcl-protocol/tests/fixtures/v07/release_notes/en/main.lcl	c2ff7271d15d096d8eea198431eb2469ce4cd0b5	2904	lcl-fixture	source/content review + test-reference check	reviewed-pass	referenced by test source
impl/crates/lcl-protocol/tests/fixtures/v07/release_notes/en/rules.lcl	5e417d4bda1c740e44fc8811fb98bdd3bb41034c	474	lcl-fixture	source/content review + test-reference check	reviewed-pass	referenced by test source
impl/crates/lcl-protocol/tests/fixtures/v07/release_notes/lv-LV/main.lcl	b7423906d905257d2a91e397ffb6e466deb3d7fd	3122	lcl-fixture	source/content review + test-reference check	reviewed-pass	referenced by test source
impl/crates/lcl-protocol/tests/fixtures/v07/release_notes/lv-LV/rules.lcl	d0fcf6fdd4ff754e8cc3c2c5b7dbb65ad1ae8ec9	504	lcl-fixture	source/content review + test-reference check	reviewed-pass	referenced by test source
impl/crates/lcl-protocol/tests/fixtures/v07/release_notes/nl-NL/main.lcl	71cc2781c7c69287450dd7219d4cc66f64a8f0ad	3004	lcl-fixture	source/content review + test-reference check	reviewed-pass	referenced by test source
impl/crates/lcl-protocol/tests/fixtures/v07/release_notes/nl-NL/rules.lcl	1723ed36382b08a1e041e4225fe735645a9a1fa4	494	lcl-fixture	source/content review + test-reference check	reviewed-pass	referenced by test source
impl/crates/lcl-protocol/tests/fixtures/v07/release_notes/ru-RU/main.lcl	061bc2669028cd37bfdca19ead3c73c18eb3f6c1	4121	lcl-fixture	source/content review + test-reference check	reviewed-pass	referenced by test source
impl/crates/lcl-protocol/tests/fixtures/v07/release_notes/ru-RU/rules.lcl	bc53d35927fc2da2d4b5d6861bcb8fcd3f1726af	677	lcl-fixture	source/content review + test-reference check	reviewed-pass	referenced by test source
impl/crates/lcl-protocol/tests/fixtures/v07/release_notes/zh-CN/main.lcl	d8768fb44bc7453301a40cee6050f7e569be89e4	3118	lcl-fixture	source/content review + test-reference check	reviewed-pass	referenced by test source
impl/crates/lcl-protocol/tests/fixtures/v07/release_notes/zh-CN/rules.lcl	b540c3bd56d5873c77b54f0adb419568784a2002	493	lcl-fixture	source/content review + test-reference check	reviewed-pass	referenced by test source
impl/crates/lcl-protocol/tests/json_writer.rs	628091f52b37dd70a24acca4b17d6932f7888d8c	5924	rust-test	source/content review (static scan) + compile/clippy -D warnings/test gate	reviewed-pass	
impl/crates/lcl-protocol/tests/locale_records.rs	1cdd8bf8348f6d78a7761186e0aa750bc7b28297	4426	rust-test	source/content review (static scan) + compile/clippy -D warnings/test gate	reviewed-pass	scan hits: unbounded_read
impl/crates/lcl-protocol/tests/localized_engine.rs	80f0f8e1097a104c5052621bb3862636e64f6bc2	9432	rust-test	source/content review (static scan) + compile/clippy -D warnings/test gate	reviewed-pass	scan hits: unbounded_read
impl/crates/lcl-protocol/tests/navigation.rs	c62c9e757e1d7faf2b60af4f9af0c5cc5ab96567	10717	rust-test	source/content review (static scan) + compile/clippy -D warnings/test gate	reviewed-pass	
impl/crates/lcl-protocol/tests/supplied_inputs.rs	1fcc7ace0f94fa30be0980ebcac7aaab7a729b00	12370	rust-test	source/content review (static scan) + compile/clippy -D warnings/test gate	reviewed-pass	
impl/crates/lcl-protocol/tests/v07_matrix.rs	8da0c9a8599b3d9a92f5f1e58528c4751507a075	40770	rust-test	source/content review (static scan) + compile/clippy -D warnings/test gate	reviewed-pass	scan hits: unbounded_read
impl/crates/lcl-resolver/Cargo.toml	8f04a7abb5faed61a0ac3543a6df83824e84dcc6	668	structured-config	structured JSON/TOML/XML parse + semantic review	reviewed-pass	toml parse ok
impl/crates/lcl-resolver/examples/m3_report.rs	9f68f1ad8a41efd52d4e049a6f5498f0bf8cc6cc	10663	rust-example	source/content review (static scan) + compile/clippy -D warnings/test gate	reviewed-pass	scan hits: unbounded_read
impl/crates/lcl-resolver/src/declarations.rs	7d4e14aa1ef2ead6382dd11060a961a271bd81a0	16642	rust-source	source/content review (static scan) + compile/clippy -D warnings/test gate	reviewed-pass	
impl/crates/lcl-resolver/src/diagnostic.rs	4ad496de5f338fdd143388744b2f4cf2938f449c	11609	rust-source	source/content review (static scan) + compile/clippy -D warnings/test gate	reviewed-pass	
impl/crates/lcl-resolver/src/field.rs	ecad02dd14b3969a5ba2b0862d40996bb82cda5d	3012	rust-source	source/content review (static scan) + compile/clippy -D warnings/test gate	reviewed-pass	
impl/crates/lcl-resolver/src/graph.rs	569b9f2e00ac3ddf1c5713b83b743775bf292138	31312	rust-source	source/content review (static scan) + compile/clippy -D warnings/test gate	reviewed-pass	
impl/crates/lcl-resolver/src/imports.rs	f11c64403f7421961078e507ef59a0cebe48fa2a	23086	rust-source	source/content review (static scan) + compile/clippy -D warnings/test gate	reviewed-pass	
impl/crates/lcl-resolver/src/lib.rs	1891e3d8c25216a122914371917896196a9b65e6	19842	rust-source	source/content review (static scan) + compile/clippy -D warnings/test gate	reviewed-pass	
impl/crates/lcl-resolver/src/references.rs	11dc4511cd8e3c6ba9f195a0ac2bad5c7a598eb0	24568	rust-source	source/content review (static scan) + compile/clippy -D warnings/test gate	reviewed-pass	
impl/crates/lcl-resolver/src/rules.rs	a0ff88acbf184bfa2154e6cb99725e994e49f0cc	25258	rust-source	source/content review (static scan) + compile/clippy -D warnings/test gate	reviewed-pass	
impl/crates/lcl-resolver/src/source.rs	7e2b49247875be9f04b96d3a98613e6c4352d5ee	10528	rust-source	source/content review (static scan) + compile/clippy -D warnings/test gate	reviewed-pass	
impl/crates/lcl-resolver/tests/common/mod.rs	0368af5eb0b1fe801b86eea96699b4c61ec7c3c1	3368	rust-test	source/content review (static scan) + compile/clippy -D warnings/test gate	reviewed-pass	
impl/crates/lcl-resolver/tests/declarations.rs	02ce8ff1dee66490efbf615a9617620bf5141d6f	8736	rust-test	source/content review (static scan) + compile/clippy -D warnings/test gate	reviewed-pass	
impl/crates/lcl-resolver/tests/graph.rs	107f8848ea36066f367a3fbe9940a1fd0415490b	10366	rust-test	source/content review (static scan) + compile/clippy -D warnings/test gate	reviewed-pass	scan hits: unbounded_read
impl/crates/lcl-resolver/tests/imports.rs	acacb57309f7effe6e5337f94cdef1bda842ac54	13322	rust-test	source/content review (static scan) + compile/clippy -D warnings/test gate	reviewed-pass	scan hits: unbounded_read
impl/crates/lcl-resolver/tests/output_instances.rs	533227d8b7b67bceb7309be2464e3a2b8ab5b3e8	3831	rust-test	source/content review (static scan) + compile/clippy -D warnings/test gate	reviewed-pass	
impl/crates/lcl-resolver/tests/references.rs	dbca2ce4a0f987900d8b30398a4a7fed495b063d	14306	rust-test	source/content review (static scan) + compile/clippy -D warnings/test gate	reviewed-pass	scan hits: unbounded_read
impl/crates/lcl-resolver/tests/resolution_matrix.rs	5457bcf58570bf3eefcf66abc6ed29462eff9a98	7153	rust-test	source/content review (static scan) + compile/clippy -D warnings/test gate	reviewed-pass	scan hits: unbounded_read
impl/crates/lcl-resolver/tests/robustness.rs	e84f841eb44acdafeea54c20b8a16f35ea9f43cf	8553	rust-test	source/content review (static scan) + compile/clippy -D warnings/test gate	reviewed-pass	scan hits: unbounded_read
impl/crates/lcl-resolver/tests/rules_authority.rs	0d8612e674bdd28cb86cc8619951c5f9feaacaeb	12957	rust-test	source/content review (static scan) + compile/clippy -D warnings/test gate	reviewed-pass	
impl/crates/lcl-resolver/tests/source_identity.rs	ed6bf5f71eb6c0e949343a8ed62a7ce017562d43	5739	rust-test	source/content review (static scan) + compile/clippy -D warnings/test gate	reviewed-pass	
impl/crates/lcl-runtime/Cargo.toml	0b0902e084f4153051e8791f10c332ff0714ac51	719	structured-config	structured JSON/TOML/XML parse + semantic review	reviewed-pass	toml parse ok
impl/crates/lcl-runtime/examples/m6_report.rs	3491168aca1961541dd841da9409294f961c36b9	11798	rust-example	source/content review (static scan) + compile/clippy -D warnings/test gate	reviewed-pass	scan hits: unbounded_read
impl/crates/lcl-runtime/src/capability.rs	96c82e283648ad52fb86fc5653c95783f23bfbf1	14593	rust-source	source/content review (PRETEST diff read) + compile/clippy/test gate + static scan	reviewed-pass	
impl/crates/lcl-runtime/src/contracts.rs	906efab2456b13ade01968540e0327da3f51145b	23261	rust-source	source/content review (static scan) + compile/clippy -D warnings/test gate	reviewed-pass	
impl/crates/lcl-runtime/src/diagnostic.rs	ca69c68b1451f8211f8f8353b5b13a90a7b0fd9e	19859	rust-source	source/content review (static scan) + compile/clippy -D warnings/test gate	reviewed-pass	
impl/crates/lcl-runtime/src/eval.rs	f51251f33b8218749c5986a3699fb1c1990072b9	66287	rust-source	source/content review (static scan) + compile/clippy -D warnings/test gate	reviewed-pass	
impl/crates/lcl-runtime/src/event.rs	048e9805e6a3b168122a4002cf08bf33ad03d9e0	6751	rust-source	source/content review (static scan) + compile/clippy -D warnings/test gate	reviewed-pass	
impl/crates/lcl-runtime/src/execute.rs	62d0a70336dc2cf77c21b8e20a734788fd0919fe	90786	rust-source	source/content review (PRETEST diff read) + compile/clippy/test gate + static scan	reviewed-pass	
impl/crates/lcl-runtime/src/functions.rs	694f0e65bc70aa70cf2f98378712de9b3dd27cde	14820	rust-source	source/content review (static scan) + compile/clippy -D warnings/test gate	reviewed-pass	
impl/crates/lcl-runtime/src/handler.rs	f69a873471978daa04006836fcb3ffd1c2b7189c	41009	rust-source	source/content review (static scan) + compile/clippy -D warnings/test gate	reviewed-pass	
impl/crates/lcl-runtime/src/lib.rs	e9511c714afd624fa8a3c8194a06f3774097e1d7	2965	rust-source	source/content review (static scan) + compile/clippy -D warnings/test gate	reviewed-pass	
impl/crates/lcl-runtime/src/mock.rs	0a805d1bd4944b322ca64184217d562a96704186	10052	rust-source	source/content review (static scan) + compile/clippy -D warnings/test gate	reviewed-pass	
impl/crates/lcl-runtime/src/operations.rs	9b340cf5b9e1784c0b123c7c2c83c347faa3d7e4	7461	rust-source	source/content review (static scan) + compile/clippy -D warnings/test gate	reviewed-pass	
impl/crates/lcl-runtime/src/order_profile.rs	54e1fe03f9867783887081aa411d310bf048cfeb	198	rust-source	source/content review (static scan) + compile/clippy -D warnings/test gate	reviewed-pass	
impl/crates/lcl-runtime/src/pattern.rs	82e681ee1cfddd708eae222aab8b9724e729380c	41440	rust-source	source/content review (static scan) + compile/clippy -D warnings/test gate	reviewed-pass	
impl/crates/lcl-runtime/src/result.rs	71cb06442cb0478206bf46dc6e722dc7a01ae013	23855	rust-source	source/content review (static scan) + compile/clippy -D warnings/test gate	reviewed-pass	
impl/crates/lcl-runtime/src/schedule.rs	324ca20d86c4c4b7d2a243f721cb8930411e7ac0	5559	rust-source	source/content review (static scan) + compile/clippy -D warnings/test gate	reviewed-pass	
impl/crates/lcl-runtime/src/state.rs	b963b18c08093dd3d5c10d8444d89a4927764c93	14660	rust-source	source/content review (static scan) + compile/clippy -D warnings/test gate	reviewed-pass	
impl/crates/lcl-runtime/src/syntax.rs	8d75c06b63f4b57a590dea228d15b61296dcc1c7	11498	rust-source	source/content review (static scan) + compile/clippy -D warnings/test gate	reviewed-pass	
impl/crates/lcl-runtime/src/value.rs	92072db42afb2aca6aa5ce4f9525644d8b380cd0	2633	rust-source	source/content review (static scan) + compile/clippy -D warnings/test gate	reviewed-pass	
impl/crates/lcl-runtime/tests/builtin_functions.rs	95f7fc191580d0eaf9f5d930c6ba68d5c97059ac	4184	rust-test	source/content review (static scan) + compile/clippy -D warnings/test gate	reviewed-pass	
impl/crates/lcl-runtime/tests/capability_boundary.rs	1acb66003323d9c1f6100c705feca45d08c914b4	9656	rust-test	source/content review (static scan) + compile/clippy -D warnings/test gate	reviewed-pass	
impl/crates/lcl-runtime/tests/common/mod.rs	45a3ac14e8fd7e1dc7adea9f75def85366765f79	15469	rust-test	source/content review (static scan) + compile/clippy -D warnings/test gate	reviewed-pass	scan hits: unbounded_read
impl/crates/lcl-runtime/tests/concurrency.rs	19f4162f5013e26115340858a5168adfec6e1a65	11925	rust-test	source/content review (static scan) + compile/clippy -D warnings/test gate	reviewed-pass	scan hits: unbounded_read
impl/crates/lcl-runtime/tests/contracts_authority.rs	38d3d24545db32fa3071fff7968210c5183f8fc0	9680	rust-test	source/content review (static scan) + compile/clippy -D warnings/test gate	reviewed-pass	
impl/crates/lcl-runtime/tests/control_flow.rs	b4a17e900787e22472aa22c22e9a5bc7961181c7	17733	rust-test	source/content review (static scan) + compile/clippy -D warnings/test gate	reviewed-pass	
impl/crates/lcl-runtime/tests/declaration_demand.rs	d6b888f5ab4a50d0d6bfef45544dde76aa105931	4265	rust-test	source/content review (static scan) + compile/clippy -D warnings/test gate	reviewed-pass	
impl/crates/lcl-runtime/tests/declared_constraints.rs	fac85f0da35b66c00a2a2a419344334c38e92f59	6294	rust-test	source/content review (static scan) + compile/clippy -D warnings/test gate	reviewed-pass	
impl/crates/lcl-runtime/tests/demand_obligations.rs	33eb9fed62010c274e35b8e4f1a2d55fb7992d10	4957	rust-test	source/content review (static scan) + compile/clippy -D warnings/test gate	reviewed-pass	
impl/crates/lcl-runtime/tests/evaluation.rs	ba289699635ccf15d5197b7702edbc788678f286	31681	rust-test	source/content review (static scan) + compile/clippy -D warnings/test gate	reviewed-pass	
impl/crates/lcl-runtime/tests/failure_handling.rs	d74ec45e1453511353c39e722c2586cca65d418c	36812	rust-test	source/content review (static scan) + compile/clippy -D warnings/test gate	reviewed-pass	
impl/crates/lcl-runtime/tests/handler_result_parity.rs	4f91ddfb28cf9d67f6d48425c0edc19ad66cb793	11146	rust-test	source/content review (static scan) + compile/clippy -D warnings/test gate	reviewed-pass	
impl/crates/lcl-runtime/tests/path_patterns.rs	8eebd908ec1bd2c48c0108b9cdd505bb30f64f5a	3391	rust-test	source/content review (static scan) + compile/clippy -D warnings/test gate	reviewed-pass	
impl/crates/lcl-runtime/tests/patterns.rs	6ea29c305055f7bac3810133d0b5b1e122ce0af6	11474	rust-test	source/content review (static scan) + compile/clippy -D warnings/test gate	reviewed-pass	
impl/crates/lcl-runtime/tests/robustness.rs	4c482b6b807473d40641e0351244d260bd1584d2	11707	rust-test	source/content review (static scan) + compile/clippy -D warnings/test gate	reviewed-pass	
impl/crates/lcl-runtime/tests/runtime_matrix.rs	38b4e9f5168d66625036c9ade290153bed8290ab	8171	rust-test	source/content review (static scan) + compile/clippy -D warnings/test gate	reviewed-pass	scan hits: unbounded_read
impl/crates/lcl-runtime/tests/state_and_results.rs	1debdcf583b76053c7a39764af7bef1ff47dd676	20897	rust-test	source/content review (static scan) + compile/clippy -D warnings/test gate	reviewed-pass	scan hits: unbounded_read
impl/crates/lcl-semantics/Cargo.toml	4f7ccf3439503d637fafb2f6d6c719a4b24455f1	666	structured-config	structured JSON/TOML/XML parse + semantic review	reviewed-pass	toml parse ok
impl/crates/lcl-semantics/examples/m5_report.rs	5ada3a42a2e9737a0cbed82ae0a39f5dcc17f111	10770	rust-example	source/content review (static scan) + compile/clippy -D warnings/test gate	reviewed-pass	scan hits: unbounded_read
impl/crates/lcl-semantics/src/authority.rs	e2c7bd249ed77cdf6d1ec67723a1e70b1b451181	17060	rust-source	source/content review (static scan) + compile/clippy -D warnings/test gate	reviewed-pass	
impl/crates/lcl-semantics/src/conflict.rs	d7d31ccbefdefe96c559415dca77c660760123f9	13296	rust-source	source/content review (static scan) + compile/clippy -D warnings/test gate	reviewed-pass	
impl/crates/lcl-semantics/src/contracts.rs	2fd980e6354ee0160e94e7588c81a4bc5161da03	22098	rust-source	source/content review (static scan) + compile/clippy -D warnings/test gate	reviewed-pass	
impl/crates/lcl-semantics/src/data.rs	be827b949146e815718787717f6bcf36ba890bc7	19993	rust-source	source/content review (static scan) + compile/clippy -D warnings/test gate	reviewed-pass	
impl/crates/lcl-semantics/src/diagnostic.rs	ca8160fbd62a45c220b333abb5737cd6638f4ced	16524	rust-source	source/content review (static scan) + compile/clippy -D warnings/test gate	reviewed-pass	
impl/crates/lcl-semantics/src/engine.rs	e729c7327f742317ef74575b6165135752330386	6080	rust-source	source/content review (static scan) + compile/clippy -D warnings/test gate	reviewed-pass	
impl/crates/lcl-semantics/src/eval.rs	4db0f0a78a02d6edfe3496a0b2530d652e6a85d5	25682	rust-source	source/content review (static scan) + compile/clippy -D warnings/test gate	reviewed-pass	
impl/crates/lcl-semantics/src/lib.rs	7f346af120333653b96ee599676257b021ad8d05	14298	rust-source	source/content review (static scan) + compile/clippy -D warnings/test gate	reviewed-pass	
impl/crates/lcl-semantics/src/order.rs	f7f8586423dac53819e917172490bb4544590bd8	29310	rust-source	source/content review (static scan) + compile/clippy -D warnings/test gate	reviewed-pass	
impl/crates/lcl-semantics/src/plan.rs	079f8292f84800147befcb4c219538ce76f4b43d	13887	rust-source	source/content review (static scan) + compile/clippy -D warnings/test gate	reviewed-pass	
impl/crates/lcl-semantics/src/scope.rs	ae682d97e3101a642b56ac9cee9ba6b2d08f054c	16187	rust-source	source/content review (static scan) + compile/clippy -D warnings/test gate	reviewed-pass	
impl/crates/lcl-semantics/src/syntax.rs	7dfaae769572de72b4f9999a480d6e6a83d3e76e	9609	rust-source	source/content review (static scan) + compile/clippy -D warnings/test gate	reviewed-pass	
impl/crates/lcl-semantics/src/validate.rs	fac1c758d617a398d0bac547013e8c302b5d15ca	20354	rust-source	source/content review (static scan) + compile/clippy -D warnings/test gate	reviewed-pass	
impl/crates/lcl-semantics/src/value.rs	415ce356c487ad9d3ae37cbb803421ab49b2bea7	27630	rust-source	source/content review (static scan) + compile/clippy -D warnings/test gate	reviewed-pass	
impl/crates/lcl-semantics/tests/authority_and_conflicts.rs	42296d02aca21e453b4802068e0a4d4d9e1ac62c	13409	rust-test	source/content review (static scan) + compile/clippy -D warnings/test gate	reviewed-pass	scan hits: unbounded_read
impl/crates/lcl-semantics/tests/collection_materialization.rs	1a0442735662cf8eae7846a42ecbf59adff4dacc	8129	rust-test	source/content review (static scan) + compile/clippy -D warnings/test gate	reviewed-pass	
impl/crates/lcl-semantics/tests/common/mod.rs	de01b37f86d8c07855876a86d8f9a6f0efff6757	8476	rust-test	source/content review (static scan) + compile/clippy -D warnings/test gate	reviewed-pass	scan hits: unbounded_read
impl/crates/lcl-semantics/tests/contracts_authority.rs	3d458ec7a55c1d0e2f4af11cbe83a34265ef3154	9041	rust-test	source/content review (static scan) + compile/clippy -D warnings/test gate	reviewed-pass	scan hits: unbounded_read
impl/crates/lcl-semantics/tests/data_resolution.rs	8216ea915ecd67312bf683b7cabafa293525999b	26346	rust-test	source/content review (static scan) + compile/clippy -D warnings/test gate	reviewed-pass	
impl/crates/lcl-semantics/tests/decision_witnesses.rs	87cba802cfd6e801624e3084cccabe9e962a5cd7	9429	rust-test	source/content review (static scan) + compile/clippy -D warnings/test gate	reviewed-pass	
impl/crates/lcl-semantics/tests/determinism.rs	92cc026296ea8e79590213348b772b7c0160df1c	5382	rust-test	source/content review (static scan) + compile/clippy -D warnings/test gate	reviewed-pass	scan hits: unbounded_read
impl/crates/lcl-semantics/tests/ordering_graph.rs	a6810a0129fe208266eaa6c89d2f7829058c5b63	17794	rust-test	source/content review (static scan) + compile/clippy -D warnings/test gate	reviewed-pass	
impl/crates/lcl-semantics/tests/preflight_matrix.rs	ebb846a379651dd01c77feffd58b756d1a927582	6569	rust-test	source/content review (static scan) + compile/clippy -D warnings/test gate	reviewed-pass	scan hits: unbounded_read
impl/crates/lcl-semantics/tests/robustness.rs	081e1a5f42f1c076a09e471176e3cb3830b01547	6292	rust-test	source/content review (static scan) + compile/clippy -D warnings/test gate	reviewed-pass	scan hits: unbounded_read
impl/crates/lcl-semantics/tests/stage_monotonicity.rs	0203939b7eca2499f71a043a333f20d77983a7cb	3737	rust-test	source/content review (static scan) + compile/clippy -D warnings/test gate	reviewed-pass	
impl/crates/lcl-semantics/tests/validate_selection.rs	7927d9aadd6f6b631d953c890b02235f50585573	12852	rust-test	source/content review (static scan) + compile/clippy -D warnings/test gate	reviewed-pass	
impl/crates/lcl-spec/Cargo.toml	1c7f4f235a3a8d0d9a8846eab0781050bdf19fcc	275	structured-config	structured JSON/TOML/XML parse + semantic review	reviewed-pass	toml parse ok
impl/crates/lcl-spec/examples/mint_anchor.rs	5cf514546315f5d4e46dafe6cefb659a98fe8062	934	rust-example	source/content review (static scan) + compile/clippy -D warnings/test gate	reviewed-pass	
impl/crates/lcl-spec/src/anchor.rs	153d3427d710050d8230f9e33ecc4212269b64e0	8440	rust-source	source/content review (PRETEST diff read) + compile/clippy/test gate + static scan	reviewed-pass	
impl/crates/lcl-spec/src/json.rs	b84d62e30cedc519bd3df6041490aeac77c5bb3c	15464	rust-source	source/content review (static scan) + compile/clippy -D warnings/test gate	reviewed-pass	
impl/crates/lcl-spec/src/lib.rs	c855abd410f83b024fb2a284fe11c51d5db67c20	46746	rust-source	source/content review (static scan) + compile/clippy -D warnings/test gate	reviewed-finding	scan: std::fs::read present (see P5 bounded-read sweep); scan hits: unbounded_read; F5-O3: spec package file reads are unbounded; operator-selected --spec, identity verified after read; not a testing blocker
impl/crates/lcl-spec/src/sha256.rs	7ba211d9dc00c53484ad252e10ef5e7e393fba77	6858	rust-source	source/content review (static scan) + compile/clippy -D warnings/test gate	reviewed-pass	
impl/crates/lcl-spec/tests/canonical_release.rs	2487182e467a5830558459d6ccaaa5dbcc5c371a	8436	rust-test	source/content review (static scan) + compile/clippy -D warnings/test gate	reviewed-pass	scan hits: unbounded_read
impl/crates/lcl-spec/tests/package_0_2_0.rs	6c14c4991c0b1e2f98f657b4e91ac73a39f86cb2	3656	rust-test	source/content review (static scan) + compile/clippy -D warnings/test gate	reviewed-pass	
impl/crates/lcl-spec/tests/trust_anchor.rs	176e9c93a96a34e4f1d107f2986a909f43d8429c	12183	rust-test	source/content review (static scan) + compile/clippy -D warnings/test gate	reviewed-pass	scan hits: unbounded_read
impl/crates/lcl-stdlib/Cargo.toml	e41e53ca9ff70b7f3a97fc76c7b4608a2cb6fdb0	806	structured-config	structured JSON/TOML/XML parse + semantic review	reviewed-pass	toml parse ok
impl/crates/lcl-stdlib/examples/m7_report.rs	655cabf2dffabe176d7d9e907622271faf0251a0	23283	rust-example	source/content review (static scan) + compile/clippy -D warnings/test gate	reviewed-pass	
impl/crates/lcl-stdlib/src/contracts.rs	992448d419a9ad00a13a9802861ef983b677dee4	12079	rust-source	source/content review (static scan) + compile/clippy -D warnings/test gate	reviewed-pass	
impl/crates/lcl-stdlib/src/control.rs	06411ee96f93a30e7e8c1df731a1cfb75dcc1d6a	27181	rust-source	source/content review (PRETEST diff read) + compile/clippy/test gate + static scan	reviewed-pass	
impl/crates/lcl-stdlib/src/data.rs	aca6d2282ba4f04d986a8fdb7daf9313789d702f	28287	rust-source	source/content review (PRETEST diff read) + compile/clippy/test gate + static scan	reviewed-pass	
impl/crates/lcl-stdlib/src/dispatch.rs	b6f9d1777d59ad70b17cabdf2469493ee078c90f	6210	rust-source	source/content review (static scan) + compile/clippy -D warnings/test gate	reviewed-pass	
impl/crates/lcl-stdlib/src/fixtures/fs.rs	ce7132978a7959bb9b16e8bdda54bc9f6267fab6	8804	rust-source	source/content review (static scan) + compile/clippy -D warnings/test gate	reviewed-pass	
impl/crates/lcl-stdlib/src/fixtures/mod.rs	eebe0edd506575495e1d770879a3ba113d91e5aa	850	rust-source	source/content review (static scan) + compile/clippy -D warnings/test gate	reviewed-pass	
impl/crates/lcl-stdlib/src/fixtures/net.rs	dc51e49246a8851c4fc10548f53e48c7e342b359	2854	rust-source	source/content review (static scan) + compile/clippy -D warnings/test gate	reviewed-pass	
impl/crates/lcl-stdlib/src/fixtures/process.rs	80824a268bb9589d44a754162b81f495d089a7f0	3469	rust-source	source/content review (static scan) + compile/clippy -D warnings/test gate	reviewed-pass	
impl/crates/lcl-stdlib/src/fragment.rs	32f792898af6211c576be2de0b22008612d528a6	8744	rust-source	source/content review (static scan) + compile/clippy -D warnings/test gate	reviewed-pass	
impl/crates/lcl-stdlib/src/host.rs	459bc673a472c8c8c2f265fbc7f6f836bc3008a9	71138	rust-source	source/content review (PRETEST diff read) + compile/clippy/test gate + static scan	reviewed-pass	
impl/crates/lcl-stdlib/src/lib.rs	cfa0bee53d12b2ca3674d9b3d8bbfa4f9080f15c	10431	rust-source	source/content review (PRETEST diff read) + compile/clippy/test gate + static scan	reviewed-pass	
impl/crates/lcl-stdlib/src/params.rs	58671f4cb650c7c2e41520c9fd012e5bdb18074e	13962	rust-source	source/content review (PRETEST diff read) + compile/clippy/test gate + static scan	reviewed-pass	
impl/crates/lcl-stdlib/src/profiles.rs	137544825cf5aebd4e1bf285738e91e30a127d50	11558	rust-source	source/content review (static scan) + compile/clippy -D warnings/test gate	reviewed-pass	
impl/crates/lcl-stdlib/src/pure.rs	b87eaa83114c12488c687fe7923b0c534b2cc619	31472	rust-source	source/content review (PRETEST diff read) + compile/clippy/test gate + static scan	reviewed-pass	
impl/crates/lcl-stdlib/src/schema.rs	4c41185e8cab0e1dc30d226a1284975f3b6aaba1	5812	rust-source	source/content review (PRETEST diff read) + compile/clippy/test gate + static scan	reviewed-pass	
impl/crates/lcl-stdlib/tests/boundary.rs	c03fa2e00e1630afa91d97cf7dd7b5814e6be495	7016	rust-test	source/content review (static scan) + compile/clippy -D warnings/test gate	reviewed-pass	scan hits: unbounded_read
impl/crates/lcl-stdlib/tests/common/mod.rs	17f51c7d300b087b358967d8085513ab36282529	10996	rust-test	source/content review (static scan) + compile/clippy -D warnings/test gate	reviewed-pass	scan hits: unbounded_read
impl/crates/lcl-stdlib/tests/constant_references.rs	79b035339e5617b72ce4f622fcdc25fa1040163f	7413	rust-test	source/content review (static scan) + compile/clippy -D warnings/test gate	reviewed-pass	
impl/crates/lcl-stdlib/tests/control_operations.rs	793c59968e394cb0792789c8e7300ecfefdc915c	26659	rust-test	source/content review (PRETEST diff read) + compile/clippy/test gate + static scan	reviewed-pass	
impl/crates/lcl-stdlib/tests/coverage.rs	ca1670331b6463c6f77f9926b9ff1628a6c4f756	10109	rust-test	source/content review (static scan) + compile/clippy -D warnings/test gate	reviewed-pass	
impl/crates/lcl-stdlib/tests/data_operations.rs	e90f421b2fc194fbd793fbfff11fa9cd6de74235	30674	rust-test	source/content review (PRETEST diff read) + compile/clippy/test gate + static scan	reviewed-pass	
impl/crates/lcl-stdlib/tests/external_operations.rs	378fa759734cb71e2026a6555e051fb5b9d39b16	59124	rust-test	source/content review (PRETEST diff read) + compile/clippy/test gate + static scan	reviewed-pass	scan hits: unbounded_read
impl/crates/lcl-stdlib/tests/pure_operations.rs	bdafc09ef20efcef55b5e9fe0031439c757f9389	26468	rust-test	source/content review (PRETEST diff read) + compile/clippy/test gate + static scan	reviewed-pass	
impl/crates/lcl-stdlib/tests/seam.rs	54a5a92dcccac86bed3076844aa77d2f957b9767	3332	rust-test	source/content review (static scan) + compile/clippy -D warnings/test gate	reviewed-pass	
impl/crates/lcl-stdlib/tests/workspace_containment.rs	8dc42dba00ab0f7650687bb555db3650e38a1c5c	6006	rust-test	source/content review (static scan) + compile/clippy -D warnings/test gate	reviewed-pass	
impl/crates/lcl-workspace/Cargo.toml	4a800a2f598459c2ac360fec5e86127dc6d447a1	1015	structured-config	structured JSON/TOML/XML parse + semantic review	reviewed-pass	toml parse ok
impl/crates/lcl-workspace/assets/app.css	acf59ab2687cb1ad2d027dee46912999cf9b0b48	13659	text-asset	source/content review	reviewed-pass	
impl/crates/lcl-workspace/assets/app.js	a8d02f602e54fa9011b4d48250fa2e3510bbde58	54057	frontend-source	source/content review + node --check + workspace route/editor tests	reviewed-finding	node --check ok; markup API present; markup hit is a comment; pinned by routes.rs::the_frontend_never_assigns_markup (F15)
impl/crates/lcl-workspace/assets/brand/lcl-icon-32.png	2bf03b41d40eaee7556594424ce54fa1d4a05586	2761	binary-image	binary metadata/checksum/provenance review	reviewed-pass	PNG 32x32
impl/crates/lcl-workspace/assets/brand/lcl-mark.png	27b5172acaf3baa13ba9c69b096501f288d6cf0c	17055	binary-image	binary metadata/checksum/provenance review	reviewed-pass	PNG 97x96
impl/crates/lcl-workspace/assets/index.html	97a80abdaceb1fbadb3e157170b05327f79525d9	3715	text-asset	source/content review	reviewed-pass	
impl/crates/lcl-workspace/src/document.rs	b6817e9ce1d7efeed6c0e7130b1f4dfb84805f95	24526	rust-source	source/content review (static scan) + compile/clippy -D warnings/test gate	reviewed-finding	scan: std::fs::read present (see P5 bounded-read sweep); scan hits: unbounded_read; scan hit is #[cfg(test)] only; production read uses lcl_project::read_file (F16)
impl/crates/lcl-workspace/src/execution.rs	4bf0269c2ef98885f25d377df7c15e666a49995f	29185	rust-source	source/content review (static scan) + compile/clippy -D warnings/test gate	reviewed-pass	
impl/crates/lcl-workspace/src/http.rs	7eb46ee8c067894c207d6d3414d8cefc86d4064c	15993	rust-source	source/content review (static scan) + compile/clippy -D warnings/test gate	reviewed-pass	
impl/crates/lcl-workspace/src/intelligence.rs	c449fb69da9f621519b95def0959d67750c2142d	5201	rust-source	source/content review (static scan) + compile/clippy -D warnings/test gate	reviewed-pass	
impl/crates/lcl-workspace/src/lib.rs	21ee6ebbb1445b295d4430a83758aeb5d8ab5e92	2056	rust-source	source/content review (static scan) + compile/clippy -D warnings/test gate	reviewed-pass	
impl/crates/lcl-workspace/src/main.rs	0bdb48f7179d17cb2d25c2df6f4c3cf2afaa9395	6486	rust-source	source/content review (static scan) + compile/clippy -D warnings/test gate	reviewed-pass	
impl/crates/lcl-workspace/src/project.rs	5b8cbc9bf218a3afc8139f2032b4a57072f0a688	16677	rust-source	source/content review (static scan) + compile/clippy -D warnings/test gate	reviewed-pass	
impl/crates/lcl-workspace/src/routes.rs	231bbf2e3e16e95ba6e69a18feffb9b090a85913	23445	rust-source	source/content review (static scan) + compile/clippy -D warnings/test gate	reviewed-pass	
impl/crates/lcl-workspace/src/server.rs	c2dce25664655a248505644f376b2f7c68392eb3	11110	rust-source	source/content review (static scan) + compile/clippy -D warnings/test gate	reviewed-pass	
impl/crates/lcl-workspace/tests/common/mod.rs	45fd60ee0b0b563a7348b19ee37636abde08f835	10190	rust-test	source/content review (static scan) + compile/clippy -D warnings/test gate	reviewed-pass	scan hits: unbounded_read
impl/crates/lcl-workspace/tests/concurrent_persistence.rs	21de459c4ccab31f1209fe54c57f81050bd94e99	10173	rust-test	source/content review (static scan) + compile/clippy -D warnings/test gate	reviewed-pass	scan hits: unbounded_read
impl/crates/lcl-workspace/tests/debugging.rs	0cae6adf0c5028d5ca0cdbe681965e25eed01a6b	25637	rust-test	source/content review (static scan) + compile/clippy -D warnings/test gate	reviewed-pass	scan hits: unbounded_read
impl/crates/lcl-workspace/tests/editor_save.cjs	21f0d7de9f341a98cc3af7447af5e71480620208	18547	frontend-source	source/content review + node --check + workspace route/editor tests	reviewed-pass	node --check ok
impl/crates/lcl-workspace/tests/editor_save.rs	f39319c26bb869dfb8b7f39d023e87afd857a40c	7563	rust-test	source/content review (static scan) + compile/clippy -D warnings/test gate	reviewed-pass	scan hits: unbounded_read
impl/crates/lcl-workspace/tests/equivalence.rs	d5b0118099535a354bdfc3b57c651f796cc8753c	6133	rust-test	source/content review (static scan) + compile/clippy -D warnings/test gate	reviewed-pass	scan hits: unbounded_read
impl/crates/lcl-workspace/tests/execution.rs	edb18ce52f234d50455b623631f8ecd076497aaf	10460	rust-test	source/content review (static scan) + compile/clippy -D warnings/test gate	reviewed-pass	scan hits: unbounded_read
impl/crates/lcl-workspace/tests/intelligence.rs	8ce6b843a6693c42d440c08144e6810cf8bf33e9	9805	rust-test	source/content review (static scan) + compile/clippy -D warnings/test gate	reviewed-pass	scan hits: unbounded_read
impl/crates/lcl-workspace/tests/localized.rs	68ebd866e59da2e7ccdbc0580f556c6bfc1c4404	8322	rust-test	source/content review (static scan) + compile/clippy -D warnings/test gate	reviewed-pass	scan hits: unbounded_read
impl/crates/lcl-workspace/tests/persistence.rs	d1927d78fce217a2a205832fe7a566d6c9ce940f	16347	rust-test	source/content review (static scan) + compile/clippy -D warnings/test gate	reviewed-pass	scan hits: unbounded_read
impl/crates/lcl-workspace/tests/routes.rs	7d812fac062b1037f5acb7a5184bb7ce46f6eb73	20938	rust-test	source/content review (static scan) + compile/clippy -D warnings/test gate	reviewed-pass	scan hits: unbounded_read,markup
impl/crates/lcl-workspace/tests/transport.rs	562b6df3aacba0b4da7bc7442c9d19f45aa98a44	13117	rust-test	source/content review (static scan) + compile/clippy -D warnings/test gate	reviewed-pass	
impl/integration/README.md	1623f37e1ec668a0e5cf59744d6d659fd0ae0b26	4234	documentation	source/content review	reviewed-pass	
impl/integration/linux/install.sh	894a1d9d18bff7911f0899ff61800084f0c7a341	1072	script	source/content review + bash -n + packaging gate	reviewed-pass	bash -n ok
impl/integration/linux/lcl.xml	08ea44dcfa0d2cd66b6f6ddbc525665b4360d149	2104	structured-config	structured JSON/TOML/XML parse + semantic review	reviewed-pass	xml parse ok
impl/integration/linux/uninstall.sh	e047d2fb4087164046fa1b5205aaf9fd79eeb8f5	427	script	source/content review + bash -n + packaging gate	reviewed-pass	bash -n ok
impl/rust-toolchain.toml	292fe499e3b25d42211661ba9c7fafe6120186ca	31	structured-config	structured JSON/TOML/XML parse + semantic review	reviewed-pass	toml parse ok
packaging/README.md	ca7fac64daaee1620a3e69becd409d8d1fa96f51	8234	documentation	source/content review	reviewed-pass	
packaging/build_release.sh	323d98b36f5d1317bdd6dc0675e54a65a2bd68c8	27825	script	source/content review + bash -n + packaging gate	reviewed-pass	bash -n ok
packaging/icons/hicolor/128x128/apps/lcl-workspace.png	782d5e9643be99f88b39f85622a5912ee88b85d1	27298	binary-image	binary metadata/checksum/provenance review	reviewed-pass	PNG 128x128
packaging/icons/hicolor/128x128/mimetypes/text-x-lcl.png	782d5e9643be99f88b39f85622a5912ee88b85d1	27298	binary-image	binary metadata/checksum/provenance review	reviewed-pass	PNG 128x128; duplicate of packaging/icons/hicolor/128x128/apps/lcl-workspace.png
packaging/icons/hicolor/16x16/apps/lcl-workspace.png	388166e1ee6d8e2c077b645911d88649439e05b4	870	binary-image	binary metadata/checksum/provenance review	reviewed-pass	PNG 16x16
packaging/icons/hicolor/16x16/mimetypes/text-x-lcl.png	388166e1ee6d8e2c077b645911d88649439e05b4	870	binary-image	binary metadata/checksum/provenance review	reviewed-pass	PNG 16x16; duplicate of packaging/icons/hicolor/16x16/apps/lcl-workspace.png
packaging/icons/hicolor/24x24/apps/lcl-workspace.png	4fb14d537bf3f76d52e517e81307f00fe909cc1d	1686	binary-image	binary metadata/checksum/provenance review	reviewed-pass	PNG 24x24
packaging/icons/hicolor/24x24/mimetypes/text-x-lcl.png	4fb14d537bf3f76d52e517e81307f00fe909cc1d	1686	binary-image	binary metadata/checksum/provenance review	reviewed-pass	PNG 24x24; duplicate of packaging/icons/hicolor/24x24/apps/lcl-workspace.png
packaging/icons/hicolor/256x256/apps/lcl-workspace.png	52172e1ccfc5af9d04e0d408e2946aace7d63d49	89796	binary-image	binary metadata/checksum/provenance review	reviewed-pass	PNG 256x256
packaging/icons/hicolor/256x256/mimetypes/text-x-lcl.png	52172e1ccfc5af9d04e0d408e2946aace7d63d49	89796	binary-image	binary metadata/checksum/provenance review	reviewed-pass	PNG 256x256; duplicate of packaging/icons/hicolor/256x256/apps/lcl-workspace.png
packaging/icons/hicolor/32x32/apps/lcl-workspace.png	2bf03b41d40eaee7556594424ce54fa1d4a05586	2761	binary-image	binary metadata/checksum/provenance review	reviewed-pass	PNG 32x32; duplicate of impl/crates/lcl-workspace/assets/brand/lcl-icon-32.png
packaging/icons/hicolor/32x32/mimetypes/text-x-lcl.png	2bf03b41d40eaee7556594424ce54fa1d4a05586	2761	binary-image	binary metadata/checksum/provenance review	reviewed-pass	PNG 32x32; duplicate of impl/crates/lcl-workspace/assets/brand/lcl-icon-32.png
packaging/icons/hicolor/48x48/apps/lcl-workspace.png	5c4dd595624bdafaa709fba626371ee18f6e42a7	5297	binary-image	binary metadata/checksum/provenance review	reviewed-pass	PNG 48x48
packaging/icons/hicolor/48x48/mimetypes/text-x-lcl.png	5c4dd595624bdafaa709fba626371ee18f6e42a7	5297	binary-image	binary metadata/checksum/provenance review	reviewed-pass	PNG 48x48; duplicate of packaging/icons/hicolor/48x48/apps/lcl-workspace.png
packaging/icons/hicolor/64x64/apps/lcl-workspace.png	d315059342d5771dd8e53c261ee2ca5e50a8f43b	8421	binary-image	binary metadata/checksum/provenance review	reviewed-pass	PNG 64x64
packaging/icons/hicolor/64x64/mimetypes/text-x-lcl.png	d315059342d5771dd8e53c261ee2ca5e50a8f43b	8421	binary-image	binary metadata/checksum/provenance review	reviewed-pass	PNG 64x64; duplicate of packaging/icons/hicolor/64x64/apps/lcl-workspace.png
packaging/install.sh	53cf34917005bd79ceee0d391ca733725aa6cf73	7198	script	source/content review + bash -n + packaging gate	reviewed-pass	bash -n ok
packaging/lcl-workspace-launch.in	4930bbc648171b99bebf9baa3309b672e00de3c6	4213	script	source/content review + bash -n + packaging gate	reviewed-pass	bash -n ok
packaging/lcl.desktop	0a60f2a973a6d99fb1f0533b67336456a3816f0c	274	text-asset	source/content review	reviewed-pass	
packaging/uninstall.sh	7246c2d34882bebe33dfd32c61406b3c1e2d2b76	2231	script	source/content review + bash -n + packaging gate	reviewed-pass	bash -n ok
releases/LCL_Core_0.1.0_Bare_Language_2026-09-05.zip	e8e332d82745a43774adb37621efc5a64bf894b1	410424	release-artifact	generated release artifact provenance/inventory review	reviewed-pass	historical candidate/archive; bytes unchanged (26 digests equal the FINAL-04 exit record); zip 176 members, crc ok
releases/LCL_Core_0.1.0_Final.zip	06c5b2c8a26cce3703018b429254b917886fd3bb	314012	release-artifact	generated release artifact provenance/inventory review	reviewed-pass	historical candidate/archive; bytes unchanged (26 digests equal the FINAL-04 exit record); zip 172 members, crc ok
releases/candidates/lcl-0.1.0-linux-x86_64-b4506c8aa3d4/SOURCE_CHANGES.patch	e2e04870a83487c4d03e4f9f42937a9399320e93	34101	release-artifact	generated release artifact provenance/inventory review	reviewed-pass	historical candidate/archive; bytes unchanged (26 digests equal the FINAL-04 exit record)
releases/candidates/lcl-0.1.0-linux-x86_64-b4506c8aa3d4/SOURCE_INVENTORY.tsv	43b7d7661e457e659cf22550aeb752094202a884	100975	release-artifact	generated release artifact provenance/inventory review	reviewed-pass	historical candidate/archive; bytes unchanged (26 digests equal the FINAL-04 exit record); tsv 735 rows widths [5]
releases/candidates/lcl-0.1.0-linux-x86_64-b4506c8aa3d4/lcl-0.1.0-PROVENANCE.txt	c013437b526d1edff109d63fa69cfc380146b575	37969	release-artifact	generated release artifact provenance/inventory review	reviewed-pass	historical candidate/archive; bytes unchanged (26 digests equal the FINAL-04 exit record)
releases/candidates/lcl-0.1.0-linux-x86_64-b4506c8aa3d4/lcl-0.1.0-linux-x86_64-source.sha256	74b02719f03737a0633a9955756b87c2aa5400dc	103	release-artifact	generated release artifact provenance/inventory review	reviewed-pass	historical candidate/archive; bytes unchanged (26 digests equal the FINAL-04 exit record)
releases/candidates/lcl-0.1.0-linux-x86_64-b4506c8aa3d4/lcl-0.1.0-linux-x86_64-source.tar.gz	8915167eaabc210094fff23b452f446ffa09d68d	2349113	release-artifact	generated release artifact provenance/inventory review	reviewed-pass	historical candidate/archive; bytes unchanged (26 digests equal the FINAL-04 exit record); tar.gz readable, 736 members
releases/candidates/lcl-0.1.0-linux-x86_64-b4506c8aa3d4/lcl-0.1.0-linux-x86_64.sha256	15f0c3bf0edb2d583f7694ef7aedbb48d47c531c	96	release-artifact	generated release artifact provenance/inventory review	reviewed-pass	historical candidate/archive; bytes unchanged (26 digests equal the FINAL-04 exit record)
releases/candidates/lcl-0.1.0-linux-x86_64-b4506c8aa3d4/lcl-0.1.0-linux-x86_64.tar.gz	52f49dc782b51eee065a1711eee33b56b2676b50	5728865	release-artifact	generated release artifact provenance/inventory review	reviewed-pass	historical candidate/archive; bytes unchanged (26 digests equal the FINAL-04 exit record); tar.gz readable, 245 members
releases/candidates/lcl-0.1.0-linux-x86_64-bf78a0890e5f/SOURCE_CHANGES.patch	4a0cd66682177f9ecd3a5ca2ebc990620a69de1f	135791	release-artifact	generated release artifact provenance/inventory review	reviewed-pass	historical candidate/archive; bytes unchanged (26 digests equal the FINAL-04 exit record)
releases/candidates/lcl-0.1.0-linux-x86_64-bf78a0890e5f/SOURCE_MANIFEST.sha256	77e9358a347ef6488426a82393c3a2ac91a002e4	86829	release-artifact	generated release artifact provenance/inventory review	reviewed-pass	historical candidate/archive; bytes unchanged (26 digests equal the FINAL-04 exit record)
releases/candidates/lcl-0.1.0-linux-x86_64-bf78a0890e5f/lcl-0.1.0-PROVENANCE.txt	cc692dafd1672ff01ec4909359795d942b94fec1	35677	release-artifact	generated release artifact provenance/inventory review	reviewed-pass	historical candidate/archive; bytes unchanged (26 digests equal the FINAL-04 exit record)
releases/candidates/lcl-0.1.0-linux-x86_64-bf78a0890e5f/lcl-0.1.0-linux-x86_64-source.sha256	c37a90df867bf1732b1506d20466b9a1b5ad7ad0	103	release-artifact	generated release artifact provenance/inventory review	reviewed-pass	historical candidate/archive; bytes unchanged (26 digests equal the FINAL-04 exit record)
releases/candidates/lcl-0.1.0-linux-x86_64-bf78a0890e5f/lcl-0.1.0-linux-x86_64-source.tar.gz	a395d89fc314698a2d6636bef6d57ecbc23e6fa1	1974048	release-artifact	generated release artifact provenance/inventory review	reviewed-pass	historical candidate/archive; bytes unchanged (26 digests equal the FINAL-04 exit record); tar.gz readable, 702 members
releases/candidates/lcl-0.1.0-linux-x86_64-bf78a0890e5f/lcl-0.1.0-linux-x86_64.sha256	a2855dc721a8ad1d40081d62084ea27abd831efc	96	release-artifact	generated release artifact provenance/inventory review	reviewed-pass	historical candidate/archive; bytes unchanged (26 digests equal the FINAL-04 exit record)
releases/candidates/lcl-0.1.0-linux-x86_64-bf78a0890e5f/lcl-0.1.0-linux-x86_64.tar.gz	cbad81623361f46430b79b734e2bd4418de56631	5413573	release-artifact	generated release artifact provenance/inventory review	reviewed-pass	historical candidate/archive; bytes unchanged (26 digests equal the FINAL-04 exit record); tar.gz readable, 245 members
releases/candidates/lcl-0.2.0-linux-x86_64-68529c1420ba/SOURCE_INVENTORY.tsv	1e842089dad1c6f3e063ae0d90091b5269fafd9f	142849	release-artifact	generated release artifact provenance/inventory review	reviewed-pass	FINAL-04 candidate from clean 4dead55; provenance, inventory and digests re-verified in F5 (F5-candidate-provenance.log); tsv 1007 rows widths [5]
releases/candidates/lcl-0.2.0-linux-x86_64-68529c1420ba/lcl-0.2.0-PROVENANCE.txt	216a6d79da4d80859255a145cfb25e034506c49b	75535	release-artifact	generated release artifact provenance/inventory review	reviewed-pass	FINAL-04 candidate from clean 4dead55; provenance, inventory and digests re-verified in F5 (F5-candidate-provenance.log)
releases/candidates/lcl-0.2.0-linux-x86_64-68529c1420ba/lcl-0.2.0-linux-x86_64-source.sha256	35c76b9a8d1e8728a0a371ae453e2f7e11c5baea	103	release-artifact	generated release artifact provenance/inventory review	reviewed-pass	FINAL-04 candidate from clean 4dead55; provenance, inventory and digests re-verified in F5 (F5-candidate-provenance.log)
releases/candidates/lcl-0.2.0-linux-x86_64-68529c1420ba/lcl-0.2.0-linux-x86_64-source.tar.gz	7aa424838be5866d91a0d1caf599a653edd6a40d	12387268	release-artifact	generated release artifact provenance/inventory review	reviewed-pass	FINAL-04 candidate from clean 4dead55; provenance, inventory and digests re-verified in F5 (F5-candidate-provenance.log); tar.gz readable, 1008 members
releases/candidates/lcl-0.2.0-linux-x86_64-68529c1420ba/lcl-0.2.0-linux-x86_64.sha256	78ae2d578540cc8fa4d3bae8442c43a1df5168f1	96	release-artifact	generated release artifact provenance/inventory review	reviewed-pass	FINAL-04 candidate from clean 4dead55; provenance, inventory and digests re-verified in F5 (F5-candidate-provenance.log)
releases/candidates/lcl-0.2.0-linux-x86_64-68529c1420ba/lcl-0.2.0-linux-x86_64.tar.gz	5088d7e7fe1c8a99ba3cf2aaf59b688d9ee26d47	6524361	release-artifact	generated release artifact provenance/inventory review	reviewed-pass	FINAL-04 candidate from clean 4dead55; provenance, inventory and digests re-verified in F5 (F5-candidate-provenance.log); tar.gz readable, 482 members
releases/candidates/lcl-0.2.0-linux-x86_64-a0006c38fb79/SOURCE_CHANGES.patch	884d11ce676563b3bcdaf9bd5814c23052ed2416	110248	release-artifact	generated release artifact provenance/inventory review	reviewed-pass	historical candidate/archive; bytes unchanged (26 digests equal the FINAL-04 exit record)
releases/candidates/lcl-0.2.0-linux-x86_64-a0006c38fb79/SOURCE_INVENTORY.tsv	a1d19c4e46e47c4dbfb4414daca123525a01115f	139556	release-artifact	generated release artifact provenance/inventory review	reviewed-pass	historical candidate/archive; bytes unchanged (26 digests equal the FINAL-04 exit record); tsv 980 rows widths [5]
releases/candidates/lcl-0.2.0-linux-x86_64-a0006c38fb79/lcl-0.2.0-PROVENANCE.txt	28ea03cc10ba216276ab48469c8d4be2c03bb9d5	77520	release-artifact	generated release artifact provenance/inventory review	reviewed-pass	historical candidate/archive; bytes unchanged (26 digests equal the FINAL-04 exit record)
releases/candidates/lcl-0.2.0-linux-x86_64-a0006c38fb79/lcl-0.2.0-linux-x86_64-source.sha256	088e14fd333ea7283967b58a4f9b8e70ce20d245	103	release-artifact	generated release artifact provenance/inventory review	reviewed-pass	historical candidate/archive; bytes unchanged (26 digests equal the FINAL-04 exit record)
releases/candidates/lcl-0.2.0-linux-x86_64-a0006c38fb79/lcl-0.2.0-linux-x86_64-source.tar.gz	35d999d36ffd400eec18c322fdf74231d76d031a	2805892	release-artifact	generated release artifact provenance/inventory review	reviewed-pass	historical candidate/archive; bytes unchanged (26 digests equal the FINAL-04 exit record); tar.gz readable, 981 members
releases/candidates/lcl-0.2.0-linux-x86_64-a0006c38fb79/lcl-0.2.0-linux-x86_64.sha256	dd3a9a106b0b1f3e34648dad891008af82ea59c4	96	release-artifact	generated release artifact provenance/inventory review	reviewed-pass	historical candidate/archive; bytes unchanged (26 digests equal the FINAL-04 exit record)
releases/candidates/lcl-0.2.0-linux-x86_64-a0006c38fb79/lcl-0.2.0-linux-x86_64.tar.gz	a00d32018dcb3032729beba374b4d7375fd3e656	6370282	release-artifact	generated release artifact provenance/inventory review	reviewed-pass	historical candidate/archive; bytes unchanged (26 digests equal the FINAL-04 exit record); tar.gz readable, 482 members
releases/lcl-0.1.0-PROVENANCE.txt	a7ce84b69f0dee86bbff25b9321c9cc66505c728	30027	release-artifact	generated release artifact provenance/inventory review	reviewed-pass	historical candidate/archive; bytes unchanged (26 digests equal the FINAL-04 exit record)
releases/lcl-0.1.0-linux-x86_64.sha256	9651bd382786ba7d1fd7e7d6659f46d93c940385	96	release-artifact	generated release artifact provenance/inventory review	reviewed-pass	historical candidate/archive; bytes unchanged (26 digests equal the FINAL-04 exit record)
releases/lcl-0.1.0-linux-x86_64.tar.gz	775af3cc700cb8fbc847039451aa8b9f547d17a4	4916199	release-artifact	generated release artifact provenance/inventory review	reviewed-pass	historical candidate/archive; bytes unchanged (26 digests equal the FINAL-04 exit record); tar.gz readable, 204 members
reports/LCL_Core_0.1.0_ERRATUM_2026-09-13.md	a1c31ef492abac6b649857f004a497ce87c60899	3414	report	historical-report consistency review	reviewed-pass	
reports/LCL_Core_0.1.0_ERRATUM_2026-09-15.md	a80fbdbe8d3266f90c846e55864e8cc6edee724b	5594	report	historical-report consistency review	reviewed-pass	
reports/LCL_Core_0.1.0_PROVENANCE.md	b05636d3260d92b366976e6dbc69ed35664ac8cf	4293	report	historical-report consistency review	reviewed-pass	
reports/LCL_Core_0.1.0_RELEASE_VALIDATION.json	3f23000ba5357c288c61326d836b2ddf87a961b5	6708	report	historical-report consistency review	reviewed-pass	json parse ok
reports/LCL_Core_0.1.0_RELEASE_VALIDATION.md	6b85d48dd9cbef24289404303e853ff969c4bd54	8595	report	historical-report consistency review	reviewed-pass	
reports/LCL_Core_0.1.0_VALIDATION.json	e16b4794c3f80d825dadef403a59d7facb7c4a19	10519	report	historical-report consistency review	reviewed-pass	json parse ok
reports/LCL_Core_0.1.0_VALIDATION.md	5d69793f7edfc476f78e7b475d3229e8641cae4f	7354	report	historical-report consistency review	reviewed-pass	
reports/LCL_REPAIR_0001_FINDING_RESOLUTION.md	6bb66a2f5f3adce1c5e15ebaee859a02d26a63e7	8316	report	historical-report consistency review	reviewed-pass	
reports/completion/2026-09-05/COMPLETION_REPORT.md	93ecb479bf641abac1cd92b9f8292a329d5826ac	7851	report	historical-report consistency review	reviewed-pass	
reports/completion/2026-09-05/archive-verification.json	7cf415c2e1aa15cf7acbd69c57f43a5390ac7319	31221	report	historical-report consistency review	reviewed-pass	json parse ok
reports/completion/2026-09-05/focused-checks.json	5ad156bd526de18cafbcdf913af374decec27937	18257	report	historical-report consistency review	reviewed-pass	json parse ok
reports/completion/2026-09-05/mutation-results.json	4ec5cc8386b82e630fab7ce72f8fa4e876973e97	9925	report	historical-report consistency review	reviewed-pass	json parse ok
reports/completion/2026-09-05/preservation-check.json	f3b6c453fab8a79a5f842397a7444679b919326f	3775	report	historical-report consistency review	reviewed-pass	json parse ok
reports/completion/2026-09-05/release-gate.json	9a51190769f8b465fabdf51b90caa265578c666e	19146	report	historical-report consistency review	reviewed-pass	json parse ok
reports/completion/2026-09-05/source-probes.json	3bce7a2ff51cbac29f6e2292b8fafe773b95bc4f	2539	report	historical-report consistency review	reviewed-pass	json parse ok
reports/implementation/LCL_CONFORMANCE_OBLIGATIONS.md	274dfc71205d1d96c5f57fb52d6bd7d80afc4a2d	8350	report	historical-report consistency review	reviewed-pass	
reports/implementation/LCL_POST_TASK_20_REPAIR_REPORT.md	0ff5bc5caee5346a94b011044a20d41ba70de558	29096	report	historical-report consistency review	reviewed-pass	
reports/implementation/LCL_RELEASE_BASELINE.md	885871d87cb7f0f4768b4c4252a28da6efcb49f4	14949	report	historical-report consistency review	reviewed-pass	
reports/implementation/LCL_RELEASE_REPORT.md	8adedfc252aa39938ad91f58542e1e2d77422f8a	16073	report	historical-report consistency review	reviewed-pass	
reports/implementation/LCL_RESIDUAL_REPAIR_REPORT.md	ce822f9d86317cfdff8141afb64a315f01b76080	187129	report	historical-report consistency review	reviewed-pass	
reports/implementation/LCL_REVIEW_COVERAGE_LEDGER.md	c93d7a0ef8f4d237d2569948eb009fd55f26cddb	2883	report	historical-report consistency review	reviewed-pass	
reports/implementation/LCL_REVIEW_COVERAGE_LEDGER.tsv	604917d68f9f1c864832bc067edb82d1f637d04f	175268	report	historical-report consistency review	reviewed-pass	tsv 745 rows widths [7]
reports/tasks/FINAL-01_RESULT.md	2800e221effeb007138c78be1b8780c72337b2a1	13167	report	historical-report consistency review (claims independently re-verified in P5)	reviewed-pass	
reports/tasks/FINAL-02_RESULT.md	31ca749f5fd6bf89baefd2b61a727409068d6f41	25345	report	historical-report consistency review (claims independently re-verified in P5)	reviewed-pass	
reports/tasks/FINAL-03_RESULT.md	3d3adebb5e7b7f911a872bcb61a84f63c735afd9	16015	report	historical-report consistency review (claims independently re-verified in P5)	reviewed-pass	
reports/tasks/FINAL-04_RESULT.md	2300555a7891c189ba57629256cea6224e3e2b08	16539	report	historical-report consistency review (claims independently re-verified in P5)	reviewed-pass	
reports/tasks/LCL-CLOSE-01_RESULT.md	df4ecd4d1ef824d15001f09d0aec6db164bcf889	15389	report	historical-report consistency review	reviewed-pass	
reports/tasks/LCL-CLOSE-02_RESULT.md	59f17a602bb17aaf44e835a06c5de9f0daa542c7	47114	report	historical-report consistency review	reviewed-pass	
reports/tasks/LCL-CLOSE-03_RESULT.md	bf3e6ea3e4499bedf74f2147819d41a3464adcb3	24410	report	historical-report consistency review	reviewed-pass	
reports/tasks/LCL-FEATURE-04_RESULT.md	7293d30c80fb1ae88d6cee40defc38df2ab75397	59928	report	historical-report consistency review	reviewed-pass	
reports/tasks/LCL-REPAIR-01_RESULT.md	eb656094feab5f676ceba3d007a9f0e72ea23bf5	9524	report	historical-report consistency review	reviewed-pass	
reports/tasks/LCL-REPAIR-02_RESULT.md	249695fcc2bfb8b597f7f22a31ed398526508c95	17849	report	historical-report consistency review	reviewed-pass	
reports/tasks/LCL-REPAIR-03_RESULT.md	ab5d24c91750f765dd123f8448960a0e2de924a5	11979	report	historical-report consistency review	reviewed-pass	
reports/tasks/LCL-REPAIR-04_RESULT.md	ab42f570191958923f2b432ad4d2f2c1de4f6fd2	14123	report	historical-report consistency review	reviewed-pass	
reports/tasks/LCL-REPAIR-05_RESULT.md	e31a1774f8ae9ee21bad7c650ecc70f57b1cad09	16981	report	historical-report consistency review	reviewed-pass	
reports/tasks/LCL-REPAIR-06_RESULT.md	642344060f59b2d468e4b90c3e6ab909c7b2b684	16035	report	historical-report consistency review	reviewed-pass	
reports/tasks/LCL-TASK-0001_RESULT.md	e180508f0a97a275650e7aad23f2f463eed38bf1	17360	report	historical-report consistency review	reviewed-pass	
reports/tasks/LCL-TASK-0002_RESULT.md	5bd92ee9c33998ec21527cea107719eb4cef4e13	13406	report	historical-report consistency review	reviewed-pass	
reports/tasks/LCL-TASK-0003_RESULT.md	3f9cb2a7264893754cc0e9a28138d88c293a886a	19938	report	historical-report consistency review	reviewed-pass	
reports/tasks/LCL-TASK-0004_RESULT.md	db0f8d7b6631610177b1a39eceb055be4cb55ec1	3691	report	historical-report consistency review	reviewed-pass	
reports/tasks/LCL-TASK-0005_BASELINE.md	f4b2f394afdc3cf2c9b3e6bd68c85c023c2ce9aa	2707	report	historical-report consistency review	reviewed-pass	
reports/tasks/LCL-TASK-0005_RESULT.md	1fd2ee4404cd21a747f4722c13d1ef0ed159486d	13859	report	historical-report consistency review	reviewed-pass	
reports/tasks/LCL-TASK-0006_BASELINE.md	80283ba31474d8ca43f29588a8d28573d512e57b	3581	report	historical-report consistency review	reviewed-pass	
reports/tasks/LCL-TASK-0006_RESULT.md	7fcb560080b9d1d120e41652b98f02c6a3faf67d	17944	report	historical-report consistency review	reviewed-pass	
reports/tasks/LCL-TASK-0007_BASELINE.md	25bce5bade77106e674f014e5910eff84896d69c	4200	report	historical-report consistency review	reviewed-pass	
reports/tasks/LCL-TASK-0007_RESULT.md	fc2ba8f96690f8d90726a4e893f540251ad8c87c	16443	report	historical-report consistency review	reviewed-pass	
reports/tasks/LCL-TASK-0008_RESULT.md	fc66571dafe74208586245fd068cbd4f59e1c269	21995	report	historical-report consistency review	reviewed-pass	
reports/tasks/LCL-TASK-0009_RESULT.md	9c0781c18281b524ddf05bd2bf8a15c6f30a07de	13761	report	historical-report consistency review	reviewed-pass	
reports/tasks/LCL-TASK-0010_RESULT.md	d57a4af02fafe908bb374795932a35f0f5d1112f	14613	report	historical-report consistency review	reviewed-pass	
reports/tasks/LCL-TASK-0011_TO_0016_RETROSPECTIVE_INDEX.md	e1a513ba5195ddae8a03d9b772541f5ba9795625	9417	report	historical-report consistency review	reviewed-pass	
reports/tasks/LCL-TASK-0017_RESULT.md	9e54cc808f9d01de5417182cbc758687d46206c1	14437	report	historical-report consistency review	reviewed-pass	
reports/tasks/LCL-TASK-0018_RESULT.md	de765e0fca7631f1c26cfa0a2c178deda356966d	18635	report	historical-report consistency review	reviewed-pass	
reports/tasks/LCL-TASK-0019_RESULT.md	dd926986caec12c61aa911b825a2b02a9c53f414	21641	report	historical-report consistency review	reviewed-pass	
reports/tasks/LCL-TASK-0020_RESULT.md	5d27fa1a096e46bee8b6d8bda68876e51b8f5a9a	22233	report	historical-report consistency review	reviewed-pass	
reports/tasks/PRETEST-01_RESULT.md	4c6b07a13863bccd4192a94a69422cec624dcb3d	19098	report	historical-report consistency review (claims independently re-verified in P5)	reviewed-pass	
reports/tasks/PRETEST-02_RESULT.md	fa5e8b68ab569475f4202eb16caaa5fc79cea4a1	14568	report	historical-report consistency review (claims independently re-verified in P5)	reviewed-pass	
reports/tasks/PRETEST-03_RESULT.md	bbd1aaaee177c329700c5eaff4c31f4cac26ebf0	15897	report	historical-report consistency review (claims independently re-verified in P5)	reviewed-pass	
reports/tasks/PRETEST-04_RESULT.md	4f33cc02b6aacf8d1946e7825e119256e45a6238	30212	report	historical-report consistency review (claims independently re-verified in P5)	reviewed-pass	
