path	sha256	area	change	status	reviewed_ranges	basis
LC language structure tree.txt	c8050aa2e3ae3f17a5adb2efc157cc552b3cd1845c06e20f47ceddc8b09ab497	LC language structure tree.txt	none	unreviewed	-	outside the D5 review scope, or a direct caller not enumerated
LCL_Core_0_1_Final/00_RELEASE/01_RELEASE_STATUS_AND_BOUNDARY.txt	1f056149e23aeef1098ccbf4f33f487acd89863148302f719d5e80ea599cf7ce	LCL_Core_0_1_Final	none	unreviewed	-	outside the D5 review scope, or a direct caller not enumerated
LCL_Core_0_1_Final/00_RELEASE/02_NORMATIVE_AUTHORITY_ORDER.txt	c7e8a72347c71d9971173dcb2390c596e5c260ba25aaa6253d2fbff238a9dfe5	LCL_Core_0_1_Final	none	unreviewed	-	outside the D5 review scope, or a direct caller not enumerated
LCL_Core_0_1_Final/00_RELEASE/03_COMPLETENESS_CRITERIA.txt	fe556cb24484cb5fa6d963848988f7a15e3351aa8f90ae1f191889ce9fecddb5	LCL_Core_0_1_Final	none	unreviewed	-	outside the D5 review scope, or a direct caller not enumerated
LCL_Core_0_1_Final/00_RELEASE/04_CHANGE_CONTROL.txt	09513dce6285aeb8e27b479e6a9611f9400d039b68b6cede7f8dd6314d4741f9	LCL_Core_0_1_Final	none	unreviewed	-	outside the D5 review scope, or a direct caller not enumerated
LCL_Core_0_1_Final/01_FOUNDATION/01_PURPOSE_AND_TERMINOLOGY.txt	74e09bd5fb82fb974961d2224f41420dfb1cd50871db5917c2141f8afafb7831	LCL_Core_0_1_Final	none	unreviewed	-	outside the D5 review scope, or a direct caller not enumerated
LCL_Core_0_1_Final/01_FOUNDATION/02_DESIGN_PRINCIPLES.txt	1d4ad416338c2a9fc2fdae06fbec54f1ec1131b9d62b6c68b9003f1f46bcd656	LCL_Core_0_1_Final	none	unreviewed	-	outside the D5 review scope, or a direct caller not enumerated
LCL_Core_0_1_Final/01_FOUNDATION/03_NORMATIVE_PROCESSING_MODEL.txt	8b473096588d9b57ba5c6617a27037085313f70e269f3ddcffe16ee5914428fc	LCL_Core_0_1_Final	none	unreviewed	-	outside the D5 review scope, or a direct caller not enumerated
LCL_Core_0_1_Final/01_FOUNDATION/04_DOCUMENT_KINDS_AND_BOUNDARIES.txt	0feaa0fda6e5026ed6eb5165807c533f8a3911dadab7cd769eb458f6e85f7ea2	LCL_Core_0_1_Final	none	unreviewed	-	outside the D5 review scope, or a direct caller not enumerated
LCL_Core_0_1_Final/01_FOUNDATION/05_NORMATIVE_AND_NON_NORMATIVE_CONTENT.txt	8301751cf24bc6e46945bfba97d3e1b42752951def0bc18ffa88e0932188312f	LCL_Core_0_1_Final	none	unreviewed	-	outside the D5 review scope, or a direct caller not enumerated
LCL_Core_0_1_Final/02_LEXICAL/01_CHARACTER_ENCODING_AND_SOURCE_TEXT.txt	a0ae1031724c3cf8c467be341f828c6203bfa5c171ea58b69c6db9bef040ab3d	LCL_Core_0_1_Final	none	unreviewed	-	outside the D5 review scope, or a direct caller not enumerated
LCL_Core_0_1_Final/02_LEXICAL/02_WHITESPACE_INDENTATION_AND_LINES.txt	cd6cad3c5d786e1ed7bae230f9ed09412f1ad451dc443647df9cfddd0a49f666	LCL_Core_0_1_Final	none	unreviewed	-	outside the D5 review scope, or a direct caller not enumerated
LCL_Core_0_1_Final/02_LEXICAL/03_IDENTIFIERS_NAMESPACES_AND_RESERVED_NAMES.txt	b9cc30e62379039a8c991cfadd3263d51e801ee6bbb783bc5542d6228a03d3f6	LCL_Core_0_1_Final	none	unreviewed	-	outside the D5 review scope, or a direct caller not enumerated
LCL_Core_0_1_Final/02_LEXICAL/04_RESERVED_WORDS.txt	f5dae2827479a76a2144fd1b688387dbce9e23b25745ce375ca0e500bf01b44a	LCL_Core_0_1_Final	none	unreviewed	-	outside the D5 review scope, or a direct caller not enumerated
LCL_Core_0_1_Final/02_LEXICAL/05_KEYWORD_REFERENCE_A_TO_M.txt	bc57038f8cda89bbad2b0f0e77d64d3094bac9d7509eaad18cc9c0aa515421d0	LCL_Core_0_1_Final	none	unreviewed	-	outside the D5 review scope, or a direct caller not enumerated
LCL_Core_0_1_Final/02_LEXICAL/06_KEYWORD_REFERENCE_N_TO_Z.txt	32611ccaba9ebe1c2f193778a82ee6629acb7c8ce49b8a3d2b338537b8144498	LCL_Core_0_1_Final	none	unreviewed	-	outside the D5 review scope, or a direct caller not enumerated
LCL_Core_0_1_Final/02_LEXICAL/07_LITERALS_AND_ESCAPE_SEQUENCES.txt	e2bd8886013a5614c02204134e34e1dceb11ac7a0d7e3ca8b33db9d9031a5f52	LCL_Core_0_1_Final	none	unreviewed	-	outside the D5 review scope, or a direct caller not enumerated
LCL_Core_0_1_Final/02_LEXICAL/08_LIST_OBJECT_AND_DATA_LEXICAL_FORM.txt	fd054f43156202a52e39512bbf93db9b32d25ffdf81bea18c332d8229512d0f7	LCL_Core_0_1_Final	none	unreviewed	-	outside the D5 review scope, or a direct caller not enumerated
LCL_Core_0_1_Final/02_LEXICAL/09_ADOPTED_SYMBOLS.txt	4132a4403e2cd9b876fb596f6b4e07c09e5337cb8899d2dcc06184a62eb01d4a	LCL_Core_0_1_Final	none	unreviewed	-	outside the D5 review scope, or a direct caller not enumerated
LCL_Core_0_1_Final/02_LEXICAL/10_EXCLUDED_SYMBOLS_AND_NOTATION.txt	deaa8c29f72436220418d5ef1de5975a010cd0f21a32759469634f45b06326a2	LCL_Core_0_1_Final	none	unreviewed	-	outside the D5 review scope, or a direct caller not enumerated
LCL_Core_0_1_Final/02_LEXICAL/11_AMBIGUOUS_WORDS_AND_REPLACEMENTS.txt	3654ba120a27842bd0768be26c75d0b2bd387dc801c3cf4634fe7b94e5b3f958	LCL_Core_0_1_Final	none	unreviewed	-	outside the D5 review scope, or a direct caller not enumerated
LCL_Core_0_1_Final/02_LEXICAL/12_COMMENT_DESCRIPTION_EXAMPLE_AND_DATA_BOUNDARIES.txt	80fbdcf711170081f57c99e57afe7dc0462c0af5f453f4c4cea7ff993f59de9d	LCL_Core_0_1_Final	none	unreviewed	-	outside the D5 review scope, or a direct caller not enumerated
LCL_Core_0_1_Final/03_TYPES_AND_VALUES/01_TYPE_SYSTEM_RULES.txt	4e788d0fd24ac1b153cb8593b5dd370d8e6eb3fb29cfab05ff412b09e13df761	LCL_Core_0_1_Final	none	unreviewed	-	outside the D5 review scope, or a direct caller not enumerated
LCL_Core_0_1_Final/03_TYPES_AND_VALUES/02_BUILT_IN_TYPE_REFERENCE.txt	8967db1866741ed2dbc1d90f777fe9acf9387151c7e92e9246a2f1fd55edcf92	LCL_Core_0_1_Final	none	unreviewed	-	outside the D5 review scope, or a direct caller not enumerated
LCL_Core_0_1_Final/03_TYPES_AND_VALUES/03_COLLECTIONS_OBJECTS_ENUMS_AND_EQUALITY.txt	c33a1adeba3f09b264a35ebd3dbcd728ab660f7322ebd52ee224efa38d88eac8	LCL_Core_0_1_Final	none	unreviewed	-	outside the D5 review scope, or a direct caller not enumerated
LCL_Core_0_1_Final/03_TYPES_AND_VALUES/04_TYPED_CONSTRUCTORS_AND_REFERENCES.txt	6beaa41ea5eeccc6d43279912966eb9b5acfcac77ef3e1b572206fccabe34f8f	LCL_Core_0_1_Final	none	unreviewed	-	outside the D5 review scope, or a direct caller not enumerated
LCL_Core_0_1_Final/03_TYPES_AND_VALUES/05_CUSTOM_TYPES_SCHEMAS_AND_DEFINITIONS.txt	24f5f2c143b80862301ffd177acad509ef63a196070f2867a888a27604bf17fe	LCL_Core_0_1_Final	none	unreviewed	-	outside the D5 review scope, or a direct caller not enumerated
LCL_Core_0_1_Final/03_TYPES_AND_VALUES/06_NUMERIC_ARITHMETIC_COMPARISON_AND_ROUNDING.txt	b413b9c9ec76de8419eb530cc3f7766300814e7b1e0f24b03b23f6d8d37bb846	LCL_Core_0_1_Final	none	unreviewed	-	outside the D5 review scope, or a direct caller not enumerated
LCL_Core_0_1_Final/03_TYPES_AND_VALUES/07_FORMATS_ENCODINGS_UNITS_BOUNDS_AND_PATTERNS.txt	bba8f0100b48a30e74530a579dabad0ad8cda674b58f36f4144ad5fc6971aed4	LCL_Core_0_1_Final	none	unreviewed	-	outside the D5 review scope, or a direct caller not enumerated
LCL_Core_0_1_Final/03_TYPES_AND_VALUES/08_BUILT_IN_FORMATS_ENCODINGS_AND_UNITS.txt	e407cb6a9d6ff456c349ba36f542b03e2a1d5ab8447a13b64d357cf91d5f8b84	LCL_Core_0_1_Final	none	unreviewed	-	outside the D5 review scope, or a direct caller not enumerated
LCL_Core_0_1_Final/03_TYPES_AND_VALUES/09_MISSING_UNKNOWN_NULL_AND_OPTIONALITY.txt	df81aa8b5392a3169022ab4eb43da66b7d2906ef4ad54c90c33ebaa709b8f295	LCL_Core_0_1_Final	none	unreviewed	-	outside the D5 review scope, or a direct caller not enumerated
LCL_Core_0_1_Final/03_TYPES_AND_VALUES/10_COLLECTION_OBJECT_ENUM_AND_SCHEMA_FORMS.txt	560e41d0bc1a93ec1da3a80bf91338bf0edc7d220dd20ce1b59ec2ea4b6a0403	LCL_Core_0_1_Final	none	unreviewed	-	outside the D5 review scope, or a direct caller not enumerated
LCL_Core_0_1_Final/04_GRAMMAR/01_DOCUMENT_FORM_AND_TOP_LEVEL_ORDER.txt	97f98b9bf06191388164c98875ab8f7594b9b84a27a03dceeb2ad574c8c2f59e	LCL_Core_0_1_Final	none	unreviewed	-	outside the D5 review scope, or a direct caller not enumerated
LCL_Core_0_1_Final/04_GRAMMAR/02_DECLARATIONS_BLOCKS_FIELDS_AND_NESTING.txt	fc4bd6f418e298b852a835ca09adb7b55cf9183e09f843597852574567572afe	LCL_Core_0_1_Final	none	unreviewed	-	outside the D5 review scope, or a direct caller not enumerated
LCL_Core_0_1_Final/04_GRAMMAR/03_EXPRESSIONS_REFERENCES_PROPERTIES_AND_CALLS.txt	92118b78219729a1223ba10c85e18b87686a9605648316e90afbf8bf2e9cd24d	LCL_Core_0_1_Final	none	unreviewed	-	outside the D5 review scope, or a direct caller not enumerated
LCL_Core_0_1_Final/04_GRAMMAR/04_CONDITIONS_BRANCHES_AND_BOUNDED_ITERATION.txt	f3e494fafedf3189d166d4c80905e595d11ff0a1314e18efa95b45c7bd27d019	LCL_Core_0_1_Final	none	unreviewed	-	outside the D5 review scope, or a direct caller not enumerated
LCL_Core_0_1_Final/04_GRAMMAR/05_IMPORT_EXTENSION_AND_REFERENCE_FORM.txt	91810edf2a800f47a594a80f8976427100910b61d1239827d9de3e7d438ba61d	LCL_Core_0_1_Final	none	unreviewed	-	outside the D5 review scope, or a direct caller not enumerated
LCL_Core_0_1_Final/04_GRAMMAR/06_TASK_ACTION_PHASE_SEQUENCE_AND_STEP_FORM.txt	4d091bfc9b25a8fad5918eaa1836f9e9109d5e47bf67e47b2ad8c4f983559a72	LCL_Core_0_1_Final	none	unreviewed	-	outside the D5 review scope, or a direct caller not enumerated
LCL_Core_0_1_Final/04_GRAMMAR/07_RULE_CHECK_OUTPUT_AND_COMPLETION_FORM.txt	9a97724161922cb546474b3a642cc33a9309264bd265b77a1f108a2ac249c4c5	LCL_Core_0_1_Final	none	unreviewed	-	outside the D5 review scope, or a direct caller not enumerated
LCL_Core_0_1_Final/04_GRAMMAR/08_CORE_BLOCK_SCHEMAS_A.txt	75eed9a0a7c812097c2e52e6bce32fe78f1c622b7955c650d24d768d2e98f521	LCL_Core_0_1_Final	none	unreviewed	-	outside the D5 review scope, or a direct caller not enumerated
LCL_Core_0_1_Final/04_GRAMMAR/09_CORE_BLOCK_SCHEMAS_B.txt	f52be5339bf92a431d44fa8ed882565a0beefe5b79fd82347dd34d5d9e590f37	LCL_Core_0_1_Final	none	unreviewed	-	outside the D5 review scope, or a direct caller not enumerated
LCL_Core_0_1_Final/04_GRAMMAR/10_COMPLETE_EBNF.ebnf	92a8429da0eafc486149b5558f379a1a6011e3335cfd27b4e1491d877c1aab95	LCL_Core_0_1_Final	none	unreviewed	-	outside the D5 review scope, or a direct caller not enumerated
LCL_Core_0_1_Final/04_GRAMMAR/11_GRAMMAR_SEMANTIC_CONSTRAINTS.txt	20da740b1052525fabb5f6da3a39436acf1216dfdb0c5dbc9bee93dc7ec2fa8a	LCL_Core_0_1_Final	none	unreviewed	-	outside the D5 review scope, or a direct caller not enumerated
LCL_Core_0_1_Final/04_GRAMMAR/12_VALUE_ITEM_PROPERTY_SCHEMA_AND_OBJECT_BLOCKS.txt	e62863d7dc462cb265082ef74993cc3c066c011f91f9458ec55bd09999635fae	LCL_Core_0_1_Final	none	unreviewed	-	outside the D5 review scope, or a direct caller not enumerated
LCL_Core_0_1_Final/04_GRAMMAR/13_EXACT_FIELD_SIGNATURES.txt	9ff4cfb7ba91a717e36ed1917b4ee7ed645e1b9b7e1e99b57c8f4f850f688f4e	LCL_Core_0_1_Final	none	unreviewed	-	outside the D5 review scope, or a direct caller not enumerated
LCL_Core_0_1_Final/05_SEMANTICS/01_DECLARATION_RESOLUTION_REACHABILITY_AND_EXECUTION_GRAPH.txt	f7fbe3ca44df7dc76c577db4512850f0ca6885fe27890b451c1ee9f365ac2e48	LCL_Core_0_1_Final	none	unreviewed	-	outside the D5 review scope, or a direct caller not enumerated
LCL_Core_0_1_Final/05_SEMANTICS/02_SCOPE_TARGET_WORKSPACE_AND_SOURCE.txt	ce92733572350b69b2b74ca1c296885ece530286cd1e9de785b6a38dea9e1010	LCL_Core_0_1_Final	none	unreviewed	-	outside the D5 review scope, or a direct caller not enumerated
LCL_Core_0_1_Final/05_SEMANTICS/03_REQUIRE_ALLOW_FORBID_PREFER_PRESERVE_AND_ACTION_AUTHORIZATION.txt	8565e9fe23e04c479fe142e82b98bd01a0da11e681c10b17d96fb0fd5cb71b7b	LCL_Core_0_1_Final	none	unreviewed	-	outside the D5 review scope, or a direct caller not enumerated
LCL_Core_0_1_Final/05_SEMANTICS/04_AUTHORITY_PRIORITY_OVERRIDE_AND_CONFLICT_RESOLUTION.txt	67cb331334bbfd5c26f174d7c68923b5f6bfc142ea469a8a7465512a1e9db978	LCL_Core_0_1_Final	none	unreviewed	-	outside the D5 review scope, or a direct caller not enumerated
LCL_Core_0_1_Final/05_SEMANTICS/05_INPUT_DATA_OUTPUT_RESULT_AND_FORMAT.txt	a04205e77115efe506a24fe2149adca09df58f1f08f2d34f8a01296f7a0f9c46	LCL_Core_0_1_Final	none	unreviewed	-	outside the D5 review scope, or a direct caller not enumerated
LCL_Core_0_1_Final/05_SEMANTICS/06_MISSING_UNKNOWN_NULL_DEFAULT_ASSUME_AND_HANDLER_RESOLUTION.txt	192a6bbc258781fd5fa2323cff8ad628e7e3285ddd23cf1d0da8ba7b1cd0072c	LCL_Core_0_1_Final	none	unreviewed	-	outside the D5 review scope, or a direct caller not enumerated
LCL_Core_0_1_Final/05_SEMANTICS/07_CONTEXT_MEMORY_AND_STATE.txt	2cef224a7345bdcf454582c8e5f8685c863af4f0d1196799b2b5fd6f69fb8557	LCL_Core_0_1_Final	none	unreviewed	-	outside the D5 review scope, or a direct caller not enumerated
LCL_Core_0_1_Final/05_SEMANTICS/08_PHASE_SEQUENCE_STEP_BRANCH_LOOP_RETRY_AND_CONCURRENCY.txt	c07875a47dc683dbf4e38b9673b3ac78a0cff540574f28a4eeaf10e43d9ca8fb	LCL_Core_0_1_Final	none	unreviewed	-	outside the D5 review scope, or a direct caller not enumerated
LCL_Core_0_1_Final/05_SEMANTICS/09_VALIDATION_EXECUTION_FAILURE_AND_TERMINATION.txt	d5442fbd0706cb86c756b29b5045f374401f923bec4b3c1ce6d8932b96c9e721	LCL_Core_0_1_Final	none	unreviewed	-	outside the D5 review scope, or a direct caller not enumerated
LCL_Core_0_1_Final/05_SEMANTICS/10_VERIFY_TEST_EVIDENCE_SUCCESS_FAILURE_AND_STATUS.txt	730df0d8487fc5a24e96858d2abe3c9fc0fc225212e8cd9ab94878fdc46d0f46	LCL_Core_0_1_Final	none	unreviewed	-	outside the D5 review scope, or a direct caller not enumerated
LCL_Core_0_1_Final/05_SEMANTICS/11_DETERMINISM_EQUIVALENCE_AND_INTERPRETER_VARIATION.txt	15c21adebd934342fe4d7b0cf8b119873dac8a7e3989b54064a6653581f2cf61	LCL_Core_0_1_Final	none	unreviewed	-	outside the D5 review scope, or a direct caller not enumerated
LCL_Core_0_1_Final/05_SEMANTICS/12_OPERATOR_FUNCTION_AND_SPECIAL_VALUE_SEMANTICS.txt	916407bbf53c6616c2dca7cf38680526b427ee2bd89bb969a0d406efa2fbe4d0	LCL_Core_0_1_Final	none	unreviewed	-	outside the D5 review scope, or a direct caller not enumerated
LCL_Core_0_1_Final/06_STANDARD_LIBRARY/01_READ_ONLY_AND_ANALYTICAL_OPERATIONS.txt	7bd40eaa65b0d427fe2c71249054dc2a68de87b8b0458f45188a80ba124ab65a	LCL_Core_0_1_Final	none	unreviewed	-	outside the D5 review scope, or a direct caller not enumerated
LCL_Core_0_1_Final/06_STANDARD_LIBRARY/02_MUTATING_AND_EXTERNAL_OPERATIONS.txt	02ef42a575cc7761ecc93f17f74d9f2d513466ffb95681e8690c0985f3e0d9fd	LCL_Core_0_1_Final	none	unreviewed	-	outside the D5 review scope, or a direct caller not enumerated
LCL_Core_0_1_Final/06_STANDARD_LIBRARY/03_CONTROL_OPERATIONS.txt	b79534f5475bdc0a7fad71be3df7f4dd46f09eb2846ef3cfa4da552d0575ec75	LCL_Core_0_1_Final	none	unreviewed	-	outside the D5 review scope, or a direct caller not enumerated
LCL_Core_0_1_Final/06_STANDARD_LIBRARY/04_BUILT_IN_FUNCTIONS.txt	268f94af6ad9126fa30f5be5d16aeb0ec3dde4663a2921c7de6274ef4d937f20	LCL_Core_0_1_Final	none	unreviewed	-	outside the D5 review scope, or a direct caller not enumerated
LCL_Core_0_1_Final/06_STANDARD_LIBRARY/05_CORE_STATUS_IDENTIFIERS.txt	e4f4c9ec9acce37a54660dbcf5b1904477f804e190b9fccff7c2b5830a969ead	LCL_Core_0_1_Final	none	unreviewed	-	outside the D5 review scope, or a direct caller not enumerated
LCL_Core_0_1_Final/06_STANDARD_LIBRARY/06_CORE_ERROR_IDENTIFIERS_PART_1.txt	294d62e176cabb7bdd1ed00edc5e5ddae9027d1167bf67b9bcdba28762d788c3	LCL_Core_0_1_Final	none	unreviewed	-	outside the D5 review scope, or a direct caller not enumerated
LCL_Core_0_1_Final/06_STANDARD_LIBRARY/07_CORE_ERROR_IDENTIFIERS_PART_2.txt	77d42c62725208fd66bf8e80b9b2c9dd3899bc9890124a6183e278fd8161cc96	LCL_Core_0_1_Final	none	unreviewed	-	outside the D5 review scope, or a direct caller not enumerated
LCL_Core_0_1_Final/06_STANDARD_LIBRARY/08_BUILT_IN_IDENTIFIER_GROUPS.txt	fb6e2775c34695e1c97355597e35a060f7b28817fecebfc3ed40ffd4bd99ea47	LCL_Core_0_1_Final	none	unreviewed	-	outside the D5 review scope, or a direct caller not enumerated
LCL_Core_0_1_Final/06_STANDARD_LIBRARY/09_BUILT_IN_RESOLUTION_RULES.txt	834a6df6801a14210f3cfaf2d86f4af7a12946a12c18ee01af5fde9f085af492	LCL_Core_0_1_Final	none	unreviewed	-	outside the D5 review scope, or a direct caller not enumerated
LCL_Core_0_1_Final/06_STANDARD_LIBRARY/10_CORE_OPERATION_PARAMETER_RULES.txt	93dacb2875396c4da2204a21251d755bb3eb96e422f66bf4c5514d91c62fc827	LCL_Core_0_1_Final	none	unreviewed	-	outside the D5 review scope, or a direct caller not enumerated
LCL_Core_0_1_Final/07_VERSIONING_AND_EXTENSIONS/01_LANGUAGE_AND_SPECIFICATION_VERSIONING.txt	098bae801af12cde4f3f10467415849b5f6371339d7a3c5e55def8d14a9d3e9b	LCL_Core_0_1_Final	none	unreviewed	-	outside the D5 review scope, or a direct caller not enumerated
LCL_Core_0_1_Final/07_VERSIONING_AND_EXTENSIONS/02_IMPORT_VERSION_CHECKSUM_AND_NAMESPACE.txt	9fd2198e27f525a4df40e3125f183468719191d1b7abf99c19319f3606c9a4fb	LCL_Core_0_1_Final	none	unreviewed	-	outside the D5 review scope, or a direct caller not enumerated
LCL_Core_0_1_Final/07_VERSIONING_AND_EXTENSIONS/03_EXTENSION_CONTRACT.txt	04182a186e8fa7ad9ba4ff0d54df6c10b9e4315ec1f015804ba5c113c7e4c928	LCL_Core_0_1_Final	none	unreviewed	-	outside the D5 review scope, or a direct caller not enumerated
LCL_Core_0_1_Final/07_VERSIONING_AND_EXTENSIONS/04_CONFORMANCE_LEVELS.txt	caeadfb54d1f26784aecdd426ee51adee2c4c5e7ac8f85e8cec3e49c1e7ea73d	LCL_Core_0_1_Final	none	unreviewed	-	outside the D5 review scope, or a direct caller not enumerated
LCL_Core_0_1_Final/07_VERSIONING_AND_EXTENSIONS/05_FORWARD_COMPATIBILITY_AND_UNKNOWN_FEATURES.txt	80213f25eba2f891c1ac6a7a73b27200002008de33490465815036036b3c4854	LCL_Core_0_1_Final	none	unreviewed	-	outside the D5 review scope, or a direct caller not enumerated
LCL_Core_0_1_Final/07_VERSIONING_AND_EXTENSIONS/06_NORMATIVE_SOURCE_PRECEDENCE.txt	01e19c61c0e9b629e4e5875943ad05129cac2377a19c4c1e3d8fa3e0720c30b2	LCL_Core_0_1_Final	none	unreviewed	-	outside the D5 review scope, or a direct caller not enumerated
LCL_Core_0_1_Final/08_EXAMPLES/INVALID/01_WRONG_KEYWORD_CASE.invalid.lcl	9f4bd04435f398e315ac9e00b4660ffc0fe0c9697f2d75f34f40c93fa8a736f5	LCL_Core_0_1_Final	none	unreviewed	-	outside the D5 review scope, or a direct caller not enumerated
LCL_Core_0_1_Final/08_EXAMPLES/INVALID/01_WRONG_KEYWORD_CASE.invalid.lcl.expected.txt	48da94d08a261eb8bd7b366158ce30942c1f4bf8a4bc84a2dc9cdadde62aee03	LCL_Core_0_1_Final	none	unreviewed	-	outside the D5 review scope, or a direct caller not enumerated
LCL_Core_0_1_Final/08_EXAMPLES/INVALID/02_TAB_INDENTATION.invalid.lcl	2eae884823243f6530c6edcbcd4f25a53136fbc152f046aa8a70e80d1cc0d050	LCL_Core_0_1_Final	none	unreviewed	-	outside the D5 review scope, or a direct caller not enumerated
LCL_Core_0_1_Final/08_EXAMPLES/INVALID/02_TAB_INDENTATION.invalid.lcl.expected.txt	dc42550dc36e1d2db1a1df694aad6d7ba1f8694d0a77b081fd5bd092294a6b5f	LCL_Core_0_1_Final	none	unreviewed	-	outside the D5 review scope, or a direct caller not enumerated
LCL_Core_0_1_Final/08_EXAMPLES/INVALID/03_BARE_EQUALS.invalid.lcl	25e81efc99e15efbf9a51d8f2f8f0e18a2c76b9b7b4e1ef80428a18650109323	LCL_Core_0_1_Final	none	unreviewed	-	outside the D5 review scope, or a direct caller not enumerated
LCL_Core_0_1_Final/08_EXAMPLES/INVALID/03_BARE_EQUALS.invalid.lcl.expected.txt	d1c146089a9cc71189e6f7036d273250b62ed0050cc2db7886035b94976df558	LCL_Core_0_1_Final	none	unreviewed	-	outside the D5 review scope, or a direct caller not enumerated
LCL_Core_0_1_Final/08_EXAMPLES/INVALID/04_UNKNOWN_MODAL.invalid.lcl	d4df90408e747dca620528e7aeef29e070fa05ecd2d998b72a68a7f7e4ce842a	LCL_Core_0_1_Final	none	unreviewed	-	outside the D5 review scope, or a direct caller not enumerated
LCL_Core_0_1_Final/08_EXAMPLES/INVALID/04_UNKNOWN_MODAL.invalid.lcl.expected.txt	ac8573ea75e04759cceb3eb4739f5505aa05f37347002fe1fd4776f2233988ea	LCL_Core_0_1_Final	none	unreviewed	-	outside the D5 review scope, or a direct caller not enumerated
LCL_Core_0_1_Final/08_EXAMPLES/INVALID/05_DUPLICATE_ID.invalid.lcl	82c2d4d2151fa3886a9d90bd449eb7c5d1d4f37ec72c769381f853ddda1876c8	LCL_Core_0_1_Final	none	unreviewed	-	outside the D5 review scope, or a direct caller not enumerated
LCL_Core_0_1_Final/08_EXAMPLES/INVALID/05_DUPLICATE_ID.invalid.lcl.expected.txt	046ffe582ea10ccbc536bbfa136d75e4eb6c968469ef4e1a4befbb2f8dd1fb2f	LCL_Core_0_1_Final	none	unreviewed	-	outside the D5 review scope, or a direct caller not enumerated
LCL_Core_0_1_Final/08_EXAMPLES/INVALID/06_UNRESOLVED_REFERENCE.invalid.lcl	7c8615b1abab9f3a3ae5e49c6d0b81a57ad693517128b0ef46b0928b280c1439	LCL_Core_0_1_Final	none	unreviewed	-	outside the D5 review scope, or a direct caller not enumerated
LCL_Core_0_1_Final/08_EXAMPLES/INVALID/06_UNRESOLVED_REFERENCE.invalid.lcl.expected.txt	b1366c605cf9cfb9df0d0d837657128cd3caac0b817c45ffa647029d12d8517f	LCL_Core_0_1_Final	none	unreviewed	-	outside the D5 review scope, or a direct caller not enumerated
LCL_Core_0_1_Final/08_EXAMPLES/INVALID/07_TYPE_MISMATCH.invalid.lcl	5dace4b918afed1f5339e46f734caba2db7aae596bf23e06e921e94a499d5a40	LCL_Core_0_1_Final	none	unreviewed	-	outside the D5 review scope, or a direct caller not enumerated
LCL_Core_0_1_Final/08_EXAMPLES/INVALID/07_TYPE_MISMATCH.invalid.lcl.expected.txt	80b68c630da4d84a823f2d4abe10e147a90e885ddecb76e6769465519a803bff	LCL_Core_0_1_Final	none	unreviewed	-	outside the D5 review scope, or a direct caller not enumerated
LCL_Core_0_1_Final/08_EXAMPLES/INVALID/08_HARD_CONFLICT.invalid.lcl	4f7f50d0d139e2d68a9319aeafb8f7dbfb10369c20cdc029907bbe8a80485d9b	LCL_Core_0_1_Final	none	unreviewed	-	outside the D5 review scope, or a direct caller not enumerated
LCL_Core_0_1_Final/08_EXAMPLES/INVALID/08_HARD_CONFLICT.invalid.lcl.expected.txt	802637c20d3484bd1de1f431c29324533a885775fb2adf74779ed0eb6edb7f1b	LCL_Core_0_1_Final	none	unreviewed	-	outside the D5 review scope, or a direct caller not enumerated
LCL_Core_0_1_Final/08_EXAMPLES/INVALID/09_UNBOUNDED_WHILE.invalid.lcl	ee3bdb607d25896bfe7bce7968a15bc550142323941a66de08dc36a68e711600	LCL_Core_0_1_Final	none	unreviewed	-	outside the D5 review scope, or a direct caller not enumerated
LCL_Core_0_1_Final/08_EXAMPLES/INVALID/09_UNBOUNDED_WHILE.invalid.lcl.expected.txt	ac8573ea75e04759cceb3eb4739f5505aa05f37347002fe1fd4776f2233988ea	LCL_Core_0_1_Final	none	unreviewed	-	outside the D5 review scope, or a direct caller not enumerated
LCL_Core_0_1_Final/08_EXAMPLES/INVALID/10_CONTEXT_WITHOUT_SCOPE.invalid.lcl	96ec4f463aa52c3d780d20f2824b205f6457e5d5461e2d7c1ce479529b08f7f5	LCL_Core_0_1_Final	none	unreviewed	-	outside the D5 review scope, or a direct caller not enumerated
LCL_Core_0_1_Final/08_EXAMPLES/INVALID/10_CONTEXT_WITHOUT_SCOPE.invalid.lcl.expected.txt	395fb9273ada4fe1ea30b01f9d8d6f8da051b2de4ea444e010cc9c4fadd8442a	LCL_Core_0_1_Final	none	unreviewed	-	outside the D5 review scope, or a direct caller not enumerated
LCL_Core_0_1_Final/08_EXAMPLES/INVALID/11_DUPLICATE_FIELD.invalid.lcl	c6739c6e62bc0ee54bd55fd64ff2960056582d2b3f6bd5aa95fb853915b71db1	LCL_Core_0_1_Final	none	unreviewed	-	outside the D5 review scope, or a direct caller not enumerated
LCL_Core_0_1_Final/08_EXAMPLES/INVALID/11_DUPLICATE_FIELD.invalid.lcl.expected.txt	46947166947d27263ab8845868cc5c95de1635a47966ee4f01924d07551dc878	LCL_Core_0_1_Final	none	unreviewed	-	outside the D5 review scope, or a direct caller not enumerated
LCL_Core_0_1_Final/08_EXAMPLES/INVALID/12_FLOATING_VERSION.invalid.lcl	fa6365129d6ceb158aed4f0c36dffd7429cdd360ec56b07f1f05d319e7dc3d49	LCL_Core_0_1_Final	none	unreviewed	-	outside the D5 review scope, or a direct caller not enumerated
LCL_Core_0_1_Final/08_EXAMPLES/INVALID/12_FLOATING_VERSION.invalid.lcl.expected.txt	3e6132775b1f9525b599ed60799951921104c1df9a2c569079bdc9f8b8229e4f	LCL_Core_0_1_Final	none	unreviewed	-	outside the D5 review scope, or a direct caller not enumerated
LCL_Core_0_1_Final/08_EXAMPLES/INVALID/13_PERCENT_SYMBOL.invalid.lcl	e82501c2508be4b23399c0f73afd210abbd1e33d6e1e0e7bf0435ccb2fad1ebf	LCL_Core_0_1_Final	none	unreviewed	-	outside the D5 review scope, or a direct caller not enumerated
LCL_Core_0_1_Final/08_EXAMPLES/INVALID/13_PERCENT_SYMBOL.invalid.lcl.expected.txt	d1c146089a9cc71189e6f7036d273250b62ed0050cc2db7886035b94976df558	LCL_Core_0_1_Final	none	unreviewed	-	outside the D5 review scope, or a direct caller not enumerated
LCL_Core_0_1_Final/08_EXAMPLES/INVALID/14_SINGLE_QUOTED_STRING.invalid.lcl	f180d6e85bcb8ab66822ccd7bf3109924fa5eb4489fb8213bcc115b6738fe17d	LCL_Core_0_1_Final	none	unreviewed	-	outside the D5 review scope, or a direct caller not enumerated
LCL_Core_0_1_Final/08_EXAMPLES/INVALID/14_SINGLE_QUOTED_STRING.invalid.lcl.expected.txt	d1c146089a9cc71189e6f7036d273250b62ed0050cc2db7886035b94976df558	LCL_Core_0_1_Final	none	unreviewed	-	outside the D5 review scope, or a direct caller not enumerated
LCL_Core_0_1_Final/08_EXAMPLES/INVALID/15_MISSING_TASK_STRUCTURE.invalid.lcl	47c8dca2ac65dac33de8a516e87d5133be28171a06e6237367d55c71172196db	LCL_Core_0_1_Final	none	unreviewed	-	outside the D5 review scope, or a direct caller not enumerated
LCL_Core_0_1_Final/08_EXAMPLES/INVALID/15_MISSING_TASK_STRUCTURE.invalid.lcl.expected.txt	395fb9273ada4fe1ea30b01f9d8d6f8da051b2de4ea444e010cc9c4fadd8442a	LCL_Core_0_1_Final	none	unreviewed	-	outside the D5 review scope, or a direct caller not enumerated
LCL_Core_0_1_Final/08_EXAMPLES/VALID/01_MINIMAL_TASK.lcl	244a89aac2bade08cd0138594163d3fa42435d793736dabb935592aafcd33594	LCL_Core_0_1_Final	none	unreviewed	-	outside the D5 review scope, or a direct caller not enumerated
LCL_Core_0_1_Final/08_EXAMPLES/VALID/02_IMPORT_LIBRARY.lcl	5f2d709efc7e56311de5ff608b12271bae1731af2c8aef089355498bd95f73f1	LCL_Core_0_1_Final	none	unreviewed	-	outside the D5 review scope, or a direct caller not enumerated
LCL_Core_0_1_Final/08_EXAMPLES/VALID/03_IMPORTING_TASK.lcl	c5dd620d518f746f48f56dbc2721760ce092fbe59de0273d00e888910984de3e	LCL_Core_0_1_Final	none	unreviewed	-	outside the D5 review scope, or a direct caller not enumerated
LCL_Core_0_1_Final/08_EXAMPLES/VALID/04_AUTOMATED_CODING_TASK.lcl	99103b6f51f3574f8102e18ccc85046eb9030dd95691620ebb56a278118c5b33	LCL_Core_0_1_Final	none	unreviewed	-	outside the D5 review scope, or a direct caller not enumerated
LCL_Core_0_1_Final/08_EXAMPLES/VALID/05_CONDITION_AND_ITERATION.lcl	c97ccd174487eea1367a642dd89ba89de40fdf91563fdcea6ea2f901285a7378	LCL_Core_0_1_Final	none	unreviewed	-	outside the D5 review scope, or a direct caller not enumerated
LCL_Core_0_1_Final/08_EXAMPLES/VALID/06_EXPLICIT_CONTEXT_MEMORY_AND_STATE.lcl	6b7dbeb1cd7ef9119bc082a8472960c2e34aa2e6caac10db0adebe8bf7f1b67b	LCL_Core_0_1_Final	none	unreviewed	-	outside the D5 review scope, or a direct caller not enumerated
LCL_Core_0_1_Final/08_EXAMPLES/VALID/07_DOMAIN_EXTENSION_OPERATION.lcl	78a380e15fbbbf17654f01d14a120fd913dbde85d030e83253d9c5585c6b3a9c	LCL_Core_0_1_Final	none	unreviewed	-	outside the D5 review scope, or a direct caller not enumerated
LCL_Core_0_1_Final/08_EXAMPLES/VALID/08_AUTHORITY_OVERRIDE_HANDLER_AND_RETRY.lcl	9b2acc6532d0e33bb9e5826e958c5a8c76e584527ccceb0c6e21f8eb32f8bac6	LCL_Core_0_1_Final	none	unreviewed	-	outside the D5 review scope, or a direct caller not enumerated
LCL_Core_0_1_Final/08_EXAMPLES/VALID/09_EXPLICIT_ASSUMPTION_AND_EVIDENCE.lcl	756d7e9ff9dee5c41848921d78ac2e822da5cc969109181659b5e15a5a8e57f9	LCL_Core_0_1_Final	none	unreviewed	-	outside the D5 review scope, or a direct caller not enumerated
LCL_Core_0_1_Final/09_CONFORMANCE/01_CONFORMANCE_REQUIREMENTS.txt	b09b408da4b0c8cb22595a0db646f5b74e02ed010dcdec7aeb29bbec39933aa4	LCL_Core_0_1_Final	none	unreviewed	-	outside the D5 review scope, or a direct caller not enumerated
LCL_Core_0_1_Final/09_CONFORMANCE/CASES/core_conformance_cases_v0.1.0.json	c2ef5431711e7274d699a3c077525deff2df537f00630270425e53852ec5889f	LCL_Core_0_1_Final	none	unreviewed	-	outside the D5 review scope, or a direct caller not enumerated
LCL_Core_0_1_Final/09_CONFORMANCE/SOURCE_FIXTURES/expected_results.json	d7b9393f79d4064306187c0179d475f50f83355e9b844b76a6cd850fd9e61dcb	LCL_Core_0_1_Final	none	unreviewed	-	outside the D5 review scope, or a direct caller not enumerated
LCL_Core_0_1_Final/09_CONFORMANCE/SOURCE_FIXTURES/invalid_bom.lcl	27ea68952038e9d074454040ae456b62d58e5ed12c82e50ff1f99207ce6b5c5a	LCL_Core_0_1_Final	none	unreviewed	-	outside the D5 review scope, or a direct caller not enumerated
LCL_Core_0_1_Final/09_CONFORMANCE/SOURCE_FIXTURES/invalid_control.lcl	a8e7ad5da2763ed4aa5fdf62c0409970a6c956b740985a12baaae08a4763aac5	LCL_Core_0_1_Final	none	unreviewed	-	outside the D5 review scope, or a direct caller not enumerated
LCL_Core_0_1_Final/09_CONFORMANCE/SOURCE_FIXTURES/invalid_crlf.lcl	75f46eacd6dfd2cd9813f317931fbbbbe9d4c6b00edd6f7f4f0c548b3d03edc9	LCL_Core_0_1_Final	none	unreviewed	-	outside the D5 review scope, or a direct caller not enumerated
LCL_Core_0_1_Final/09_CONFORMANCE/SOURCE_FIXTURES/invalid_hash.lcl	e4023d458da0f12039326e68e4accdf1a5e8f4388b797c99657569b3ae87f54f	LCL_Core_0_1_Final	none	unreviewed	-	outside the D5 review scope, or a direct caller not enumerated
LCL_Core_0_1_Final/09_CONFORMANCE/SOURCE_FIXTURES/invalid_indent_jump.lcl	8f7281ffe8ccfb61307147eafde00f628a893dd1a7ab5f9ad1324f9854e93f36	LCL_Core_0_1_Final	none	unreviewed	-	outside the D5 review scope, or a direct caller not enumerated
LCL_Core_0_1_Final/09_CONFORMANCE/SOURCE_FIXTURES/invalid_indent_width.lcl	a04bbfbc984306bbeb8a4b5744c5c0816e24b25a2d69923cf020a673aa990dc9	LCL_Core_0_1_Final	none	unreviewed	-	outside the D5 review scope, or a direct caller not enumerated
LCL_Core_0_1_Final/09_CONFORMANCE/SOURCE_FIXTURES/invalid_no_final_lf.lcl	5de9e58650994ce42acb35af011e7d74ef7b94997ff75ed8e24cc4b3b7d21021	LCL_Core_0_1_Final	none	unreviewed	-	outside the D5 review scope, or a direct caller not enumerated
LCL_Core_0_1_Final/09_CONFORMANCE/SOURCE_FIXTURES/invalid_semicolon.lcl	68961bf1160a86c139d88743872c26dd5cb8271165f9ee6959b18ddf0ab5baca	LCL_Core_0_1_Final	none	unreviewed	-	outside the D5 review scope, or a direct caller not enumerated
LCL_Core_0_1_Final/09_CONFORMANCE/SOURCE_FIXTURES/invalid_single_quote.lcl	8983e3527edd8f26dede6e48d14bf6d8f61ca82358e5f91e0fe55ea20b40fe4a	LCL_Core_0_1_Final	none	unreviewed	-	outside the D5 review scope, or a direct caller not enumerated
LCL_Core_0_1_Final/09_CONFORMANCE/SOURCE_FIXTURES/invalid_tab.lcl	031d50f2772cf71148902357404cbb4f4fffb35555b4365ddfc980efecfac33b	LCL_Core_0_1_Final	none	unreviewed	-	outside the D5 review scope, or a direct caller not enumerated
LCL_Core_0_1_Final/09_CONFORMANCE/SOURCE_FIXTURES/invalid_trailing_space.lcl	ea0f80535fb62cc048329d2db6c37de86779851f2c45484cb59c70b51c34fd6e	LCL_Core_0_1_Final	none	unreviewed	-	outside the D5 review scope, or a direct caller not enumerated
LCL_Core_0_1_Final/09_CONFORMANCE/SOURCE_FIXTURES/invalid_typographic_quote.lcl	0aeca3fc535203cacfb0f65b8c7bed52ccd4703f92128e79bc44ec6a77b0f362	LCL_Core_0_1_Final	none	unreviewed	-	outside the D5 review scope, or a direct caller not enumerated
LCL_Core_0_1_Final/09_CONFORMANCE/SOURCE_FIXTURES/invalid_unclosed_string.lcl	86daf65d8db7246d667f906ffaa5d9ab9dae4532e0826d4d4f4bde7da14c82e1	LCL_Core_0_1_Final	none	unreviewed	-	outside the D5 review scope, or a direct caller not enumerated
LCL_Core_0_1_Final/09_CONFORMANCE/SOURCE_FIXTURES/valid_minimum.lcl	7fb8ad9c234397933142b077a3cd5aef74922b8709018cf627345f72acf1407f	LCL_Core_0_1_Final	none	unreviewed	-	outside the D5 review scope, or a direct caller not enumerated
LCL_Core_0_1_Final/09_CONFORMANCE/SOURCE_FIXTURES/valid_unicode_string.lcl	009e7b2b063b976bf810bfac70fec930ff79c1b12375f00d82b4bc2f729534fb	LCL_Core_0_1_Final	none	unreviewed	-	outside the D5 review scope, or a direct caller not enumerated
LCL_Core_0_1_Final/10_REGISTRIES/ambiguous_replacements_v0.1.0.json	05ee61ef7779f45faf6514694b55c4e8d8473e1bf5e7c5e2322a87a54e124199	LCL_Core_0_1_Final	none	unreviewed	-	outside the D5 review scope, or a direct caller not enumerated
LCL_Core_0_1_Final/10_REGISTRIES/block_schemas_v0.1.0.json	c6a644b0a5b2c43b516bf2b4d7b3a83914e729d83752996c9e115281aeab2b2d	LCL_Core_0_1_Final	none	unreviewed	-	outside the D5 review scope, or a direct caller not enumerated
LCL_Core_0_1_Final/10_REGISTRIES/built_in_groups_and_results_v0.1.0.json	52fcfb981676c7ca56809da946104defd405ae336fd8bd781e8d9ccd2eefce43	LCL_Core_0_1_Final	none	unreviewed	-	outside the D5 review scope, or a direct caller not enumerated
LCL_Core_0_1_Final/10_REGISTRIES/field_signatures_v0.1.0.json	784d438fbaa37e16849a939f381e4ba647873d13cbc522c603f5c2ba2978d7d6	LCL_Core_0_1_Final	none	unreviewed	-	outside the D5 review scope, or a direct caller not enumerated
LCL_Core_0_1_Final/10_REGISTRIES/formats_encodings_units_v0.1.0.json	7f9f5fa5d413cf7db0ec8a07b190c95a15689ea060a7ae5679d80688c5bfe2c3	LCL_Core_0_1_Final	none	unreviewed	-	outside the D5 review scope, or a direct caller not enumerated
LCL_Core_0_1_Final/10_REGISTRIES/keywords_v0.1.0.json	e91991a1e714c05896c517213e1d3ae0032604da9f42c31b74f3c3a39ccb7d14	LCL_Core_0_1_Final	none	unreviewed	-	outside the D5 review scope, or a direct caller not enumerated
LCL_Core_0_1_Final/10_REGISTRIES/operations_v0.1.0.json	36e4708b86b1027035c87bf4aa3839aa589b91fe41dd307fd3f87557c2ca422f	LCL_Core_0_1_Final	none	unreviewed	-	outside the D5 review scope, or a direct caller not enumerated
LCL_Core_0_1_Final/10_REGISTRIES/operators_and_functions_v0.1.0.json	327f7aff8ed0eb9cf116a01971781f0b02c1b2e882991b1fdd51db6c934894e5	LCL_Core_0_1_Final	none	unreviewed	-	outside the D5 review scope, or a direct caller not enumerated
LCL_Core_0_1_Final/10_REGISTRIES/semantic_meta_types_v0.1.0.json	05decfaa8b68dccc78c900bbe284b500a89aaf04eba0c9f7d903571330dbb45e	LCL_Core_0_1_Final	none	unreviewed	-	outside the D5 review scope, or a direct caller not enumerated
LCL_Core_0_1_Final/10_REGISTRIES/statuses_and_errors_v0.1.0.json	166027d36644905d5f5ac0702d389dcbd4eda334b98d91f52b3148a392240ad1	LCL_Core_0_1_Final	none	unreviewed	-	outside the D5 review scope, or a direct caller not enumerated
LCL_Core_0_1_Final/10_REGISTRIES/symbols_v0.1.0.json	f786b4c2aa9fbe008399c4c406567c7bcacc300c32ab4a521e260ae22fcb647d	LCL_Core_0_1_Final	none	unreviewed	-	outside the D5 review scope, or a direct caller not enumerated
LCL_Core_0_1_Final/10_REGISTRIES/types_v0.1.0.json	9404a30842d3c0df85ef1e34ce70ec225b2ceb0e14ec9809f6d3ef0f7542263c	LCL_Core_0_1_Final	none	unreviewed	-	outside the D5 review scope, or a direct caller not enumerated
LCL_Core_0_1_Final/11_RESEARCH_BASIS/01_DOCUMENTATION_BASIS.txt	94f66eb0c8f414eaf15f82d3e4a3e0f710849183c8bee1cb10e92863b7c9e8c1	LCL_Core_0_1_Final	none	unreviewed	-	outside the D5 review scope, or a direct caller not enumerated
LCL_Core_0_1_Final/11_RESEARCH_BASIS/02_FROZEN_DESIGN_DECISIONS.txt	3f3cc01721a50feedbec9453e1648cb3cb2aa5698ec5a72ab1236d68e0adcdc9	LCL_Core_0_1_Final	none	unreviewed	-	outside the D5 review scope, or a direct caller not enumerated
LCL_Core_0_1_Final/11_RESEARCH_BASIS/03_INTENTIONALLY_EXCLUDED_FROM_CORE.txt	1f5f73567ef04de43c1a1ae31e8cec2f3ee9703264194ba5fb170471906dae0a	LCL_Core_0_1_Final	none	unreviewed	-	outside the D5 review scope, or a direct caller not enumerated
LCL_Core_0_1_Final/11_RESEARCH_BASIS/04_RELATION_TO_EXISTING_LANGUAGES.txt	b3e080d3a5199f7627c569397c08486225cd6e7f1d95b870f645a83fd16e8e92	LCL_Core_0_1_Final	none	unreviewed	-	outside the D5 review scope, or a direct caller not enumerated
LCL_Core_0_1_Final/CHANGELOG.txt	91ac3cd7e6989d466e10c9b7b12b7ff593b850dbb317217d18d92ad269cd0b44	LCL_Core_0_1_Final	none	unreviewed	-	outside the D5 review scope, or a direct caller not enumerated
LCL_Core_0_1_Final/INDEX.txt	28a543e1fbc0e296ee3248258032453aadc55706427ff32e3dde1c9dae4ae5c7	LCL_Core_0_1_Final	none	unreviewed	-	outside the D5 review scope, or a direct caller not enumerated
LCL_Core_0_1_Final/MANIFEST.json	b1e112713c4d6edd86e6558aea198adce0833bf19b81456dbf37866a60da3775	LCL_Core_0_1_Final	none	unreviewed	-	outside the D5 review scope, or a direct caller not enumerated
LCL_Core_0_1_Final/README.txt	6072d51d9fb9eacdd0fdb9ad1785356099efe5c471bddc334a82782f8cef518b	LCL_Core_0_1_Final	none	unreviewed	-	outside the D5 review scope, or a direct caller not enumerated
LCL_Core_0_1_Final/SHA256SUMS.txt	fa85a46ea5dfe75ae7b71ca4d6efe26dcde7265549e6973eefeb451c07c98a9c	LCL_Core_0_1_Final	none	unreviewed	-	outside the D5 review scope, or a direct caller not enumerated
LCL_Core_0_1_Final/VALIDATION_REPORT.txt	d0241e6e091ac2d45516b6ea0d3f22754e6b358db72216b45576830247db57d3	LCL_Core_0_1_Final	none	unreviewed	-	outside the D5 review scope, or a direct caller not enumerated
LCL_Core_0_1_Final/VERSION.txt	896e116697faa04f30abf705662834d2dba07c66d61c9945079ba26edd62160f	LCL_Core_0_1_Final	none	unreviewed	-	outside the D5 review scope, or a direct caller not enumerated
LCL_Core_0_1_Final_SHA256.txt	eb08e7401d7edd8e9c629c624b335c3886ac2b616c3cebbe3cffe53f53c7707c	LCL_Core_0_1_Final_SHA256.txt	none	unreviewed	-	outside the D5 review scope, or a direct caller not enumerated
LCL_Core_0_1_Final_VALIDATION(1).txt	05749c698e9eeb5c877ab6a5f0665fd1ad6c46dd2204154e826f9f2df65a127a	LCL_Core_0_1_Final_VALIDATION(1).txt	none	unreviewed	-	outside the D5 review scope, or a direct caller not enumerated
LCL_Core_0_1_Final_VALIDATION.json	097dc77cf17bed80a2f4568a5d0b599c864530b2b0bacc2f007d6d05037028e4	LCL_Core_0_1_Final_VALIDATION.json	none	unreviewed	-	outside the D5 review scope, or a direct caller not enumerated
LC_Language_Word_and_Symbol_Audit_v0.1.txt	d696aec79c1cde0838628e67b18fcf90535a3873c3573a264aa54e1ca599fd3b	LC_Language_Word_and_Symbol_Audit_v0.1.txt	none	unreviewed	-	outside the D5 review scope, or a direct caller not enumerated
apps/large-release-pipeline-decomposed/lcl.project.json	47e0c6dae8575d81262a42cf581a9fd4fd0816b63757ded627a54bc7ab0905f6	apps	none	unreviewed	-	outside the D5 review scope, or a direct caller not enumerated
apps/large-release-pipeline-decomposed/src/main.lcl	d415f473b331e8648c2ec915dba8a200d0d2be864e214fcb66c27a854948a844	apps	none	unreviewed	-	outside the D5 review scope, or a direct caller not enumerated
apps/large-release-pipeline-decomposed/src/rules.lcl	85a15a1a1289973ac6760d8b893384eeb6e73ecd57c541e4171525945e128d17	apps	none	unreviewed	-	outside the D5 review scope, or a direct caller not enumerated
apps/large-release-pipeline-decomposed/src/types.lcl	dfb54de6efb7fcb92fcdec7dd2cfbb627518ff245ba1a8a147e89b2f6ef34b1c	apps	none	unreviewed	-	outside the D5 review scope, or a direct caller not enumerated
apps/large-release-pipeline/lcl.project.json	47e0c6dae8575d81262a42cf581a9fd4fd0816b63757ded627a54bc7ab0905f6	apps	none	unreviewed	-	outside the D5 review scope, or a direct caller not enumerated
apps/large-release-pipeline/src/main.lcl	9249a252db03d0b436b69a4b65951e5cdf0b3cf10b6a61c7d5504309052a6814	apps	none	unreviewed	-	outside the D5 review scope, or a direct caller not enumerated
apps/medium-release-notes/lcl.project.json	47e0c6dae8575d81262a42cf581a9fd4fd0816b63757ded627a54bc7ab0905f6	apps	none	unreviewed	-	outside the D5 review scope, or a direct caller not enumerated
apps/medium-release-notes/src/main.lcl	410f7d43b79318431e47f78e2f4b79f1a350899eb6caf77f97f42765f10485d7	apps	none	unreviewed	-	outside the D5 review scope, or a direct caller not enumerated
apps/medium-release-notes/src/rules.lcl	722eef22a7c8ef9c97beb9a836d8bb9656c8d6676eab96178ec319f5bdf31385	apps	none	unreviewed	-	outside the D5 review scope, or a direct caller not enumerated
apps/small-invoice-total/lcl.project.json	47e0c6dae8575d81262a42cf581a9fd4fd0816b63757ded627a54bc7ab0905f6	apps	none	unreviewed	-	outside the D5 review scope, or a direct caller not enumerated
apps/small-invoice-total/src/main.lcl	7edf452b4818f2add98ba2b043e8bb84350e7a01bc4ac9ff9a3d0265568052b8	apps	none	unreviewed	-	outside the D5 review scope, or a direct caller not enumerated
assets/brand/BRAND_ASSETS.sha256	fc7ac46f779f23064cf1d849e60d754b500eaf92cdcf6e6392bca5a7e63a1125	assets	none	protected-hash-verified	-	byte identity against the 192-path inventory; content not reviewed
assets/brand/README.md	03bbf7c22cc7f23146be7b0f9f20cdadb378cabe4fad35691a53fee42c80ff25	assets	none	protected-hash-verified	-	byte identity against the 192-path inventory; content not reviewed
assets/brand/derive_brand_assets.py	2aab58aafc558bda0c4ad9f6e005f903829436ba3b993f6d77ee99f7dab0c48c	assets	none	protected-hash-verified	-	byte identity against the 192-path inventory; content not reviewed
assets/brand/lcl-logo-master.png	6c930f61a0db7c7e2e1d7e5926b18a4d74dee1f921c0937f8c8e8092d3a96b3d	assets	none	protected-hash-verified	-	byte identity against the 192-path inventory; content not reviewed
canonical/LCL_Core_0.1.0/00_RELEASE/00_CANONICAL_SOURCE_AND_PROVENANCE.txt	11208813694783743d357ca345e17c09864ad45d54835c74f3d1edd34aae47e3	canonical	none	protected-hash-verified	-	byte identity against the 192-path inventory; content not reviewed
canonical/LCL_Core_0.1.0/00_RELEASE/01_RELEASE_STATUS_AND_BOUNDARY.txt	f030c35ed6852638fb675dc73b066bf31264ab9b929a37a3dbfe9618956dff8f	canonical	none	protected-hash-verified	-	byte identity against the 192-path inventory; content not reviewed
canonical/LCL_Core_0.1.0/00_RELEASE/02_NORMATIVE_AUTHORITY_ORDER.txt	9bfac89a4fce185e6e77d980f5461cf816a8e662d5f9e2dc46fddf1a3caa0c2e	canonical	none	protected-hash-verified	-	byte identity against the 192-path inventory; content not reviewed
canonical/LCL_Core_0.1.0/00_RELEASE/03_COMPLETENESS_CRITERIA.txt	619308c2f1917761eae6e8d63d07c98d1633719d89a79e0c39c2639c4fbc3e83	canonical	none	protected-hash-verified	-	byte identity against the 192-path inventory; content not reviewed
canonical/LCL_Core_0.1.0/00_RELEASE/04_CHANGE_CONTROL.txt	4aefbdf8a4bf6bf857d6bfdd94be44730849a2d70d57485a1b4ca9375d00db80	canonical	none	protected-hash-verified	-	byte identity against the 192-path inventory; content not reviewed
canonical/LCL_Core_0.1.0/00_RELEASE/05_LANGUAGE_CLOSURE.json	03e32e8bf46070827cb8dac2ab500e96ec659d76a37ea4ba6003cec5f347a01a	canonical	none	protected-hash-verified	-	byte identity against the 192-path inventory; content not reviewed
canonical/LCL_Core_0.1.0/01_FOUNDATION/01_PURPOSE_AND_TERMINOLOGY.txt	74e09bd5fb82fb974961d2224f41420dfb1cd50871db5917c2141f8afafb7831	canonical	none	protected-hash-verified	-	byte identity against the 192-path inventory; content not reviewed
canonical/LCL_Core_0.1.0/01_FOUNDATION/02_DESIGN_PRINCIPLES.txt	1d4ad416338c2a9fc2fdae06fbec54f1ec1131b9d62b6c68b9003f1f46bcd656	canonical	none	protected-hash-verified	-	byte identity against the 192-path inventory; content not reviewed
canonical/LCL_Core_0.1.0/01_FOUNDATION/03_NORMATIVE_PROCESSING_MODEL.txt	2f7103aa9297522de83ab437be7a3b5aafa62022423d72b35b80149e4700017f	canonical	none	protected-hash-verified	-	byte identity against the 192-path inventory; content not reviewed
canonical/LCL_Core_0.1.0/01_FOUNDATION/04_DOCUMENT_KINDS_AND_BOUNDARIES.txt	0feaa0fda6e5026ed6eb5165807c533f8a3911dadab7cd769eb458f6e85f7ea2	canonical	none	protected-hash-verified	-	byte identity against the 192-path inventory; content not reviewed
canonical/LCL_Core_0.1.0/01_FOUNDATION/05_NORMATIVE_AND_NON_NORMATIVE_CONTENT.txt	8301751cf24bc6e46945bfba97d3e1b42752951def0bc18ffa88e0932188312f	canonical	none	protected-hash-verified	-	byte identity against the 192-path inventory; content not reviewed
canonical/LCL_Core_0.1.0/02_LEXICAL/01_CHARACTER_ENCODING_AND_SOURCE_TEXT.txt	61a089d50fcac77a7b39403b1afc00e2a487b74f242d9a914a6fcabc4becef4b	canonical	none	protected-hash-verified	-	byte identity against the 192-path inventory; content not reviewed
canonical/LCL_Core_0.1.0/02_LEXICAL/02_WHITESPACE_INDENTATION_AND_LINES.txt	8fba465033b7a552f03edbf198f1512b79c415e9a1349173c4498a3cd4685a33	canonical	none	protected-hash-verified	-	byte identity against the 192-path inventory; content not reviewed
canonical/LCL_Core_0.1.0/02_LEXICAL/03_IDENTIFIERS_NAMESPACES_AND_RESERVED_NAMES.txt	8297f1f08fb9a7b02e0d853c4170f0d4ef6408960e2c2b25af1f4d72b61e3db9	canonical	none	protected-hash-verified	-	byte identity against the 192-path inventory; content not reviewed
canonical/LCL_Core_0.1.0/02_LEXICAL/04_RESERVED_WORDS.txt	f5dae2827479a76a2144fd1b688387dbce9e23b25745ce375ca0e500bf01b44a	canonical	none	protected-hash-verified	-	byte identity against the 192-path inventory; content not reviewed
canonical/LCL_Core_0.1.0/02_LEXICAL/05_KEYWORD_REFERENCE_A_TO_M.txt	a2e756898f3acdd1d32858e17e15bb084282e2dc9ad26f8dd7147d76b7ae6dd3	canonical	none	protected-hash-verified	-	byte identity against the 192-path inventory; content not reviewed
canonical/LCL_Core_0.1.0/02_LEXICAL/06_KEYWORD_REFERENCE_N_TO_Z.txt	09e14fd71eafd429fb7720d5c784dde195075dcc64838d29d368e29282927495	canonical	none	protected-hash-verified	-	byte identity against the 192-path inventory; content not reviewed
canonical/LCL_Core_0.1.0/02_LEXICAL/07_LITERALS_AND_ESCAPE_SEQUENCES.txt	d40094da6f452f187a9690fa83ba539ec4662f19142f3843a078767965e2c1cb	canonical	none	protected-hash-verified	-	byte identity against the 192-path inventory; content not reviewed
canonical/LCL_Core_0.1.0/02_LEXICAL/08_LIST_OBJECT_AND_DATA_LEXICAL_FORM.txt	7769bc596fe1d14202ad2916c99d655a667cf36a06a7ed5419bb36ba808b1f14	canonical	none	protected-hash-verified	-	byte identity against the 192-path inventory; content not reviewed
canonical/LCL_Core_0.1.0/02_LEXICAL/09_ADOPTED_SYMBOLS.txt	df2d5e7ef402dd51d119ad935e24a7edd09784ad9fe84aa4cf56f0bcea460acf	canonical	none	protected-hash-verified	-	byte identity against the 192-path inventory; content not reviewed
canonical/LCL_Core_0.1.0/02_LEXICAL/10_EXCLUDED_SYMBOLS_AND_NOTATION.txt	deaa8c29f72436220418d5ef1de5975a010cd0f21a32759469634f45b06326a2	canonical	none	protected-hash-verified	-	byte identity against the 192-path inventory; content not reviewed
canonical/LCL_Core_0.1.0/02_LEXICAL/11_AMBIGUOUS_WORDS_AND_REPLACEMENTS.txt	3654ba120a27842bd0768be26c75d0b2bd387dc801c3cf4634fe7b94e5b3f958	canonical	none	protected-hash-verified	-	byte identity against the 192-path inventory; content not reviewed
canonical/LCL_Core_0.1.0/02_LEXICAL/12_COMMENT_DESCRIPTION_EXAMPLE_AND_DATA_BOUNDARIES.txt	80fbdcf711170081f57c99e57afe7dc0462c0af5f453f4c4cea7ff993f59de9d	canonical	none	protected-hash-verified	-	byte identity against the 192-path inventory; content not reviewed
canonical/LCL_Core_0.1.0/03_TYPES_AND_VALUES/01_TYPE_SYSTEM_RULES.txt	7612f1c24c504a64a304d088fb1ed383e51f5cc5647071e01fd58d668ca18879	canonical	none	protected-hash-verified	-	byte identity against the 192-path inventory; content not reviewed
canonical/LCL_Core_0.1.0/03_TYPES_AND_VALUES/02_BUILT_IN_TYPE_REFERENCE.txt	d13e64b868bd5d762754253487f4a074a293029e00a5c1e268694956f0a8e286	canonical	none	protected-hash-verified	-	byte identity against the 192-path inventory; content not reviewed
canonical/LCL_Core_0.1.0/03_TYPES_AND_VALUES/03_COLLECTIONS_OBJECTS_ENUMS_AND_EQUALITY.txt	a6430e994ee75a1b933876e360075b3578bde4e62d4480cef6d106980ac628d9	canonical	none	protected-hash-verified	-	byte identity against the 192-path inventory; content not reviewed
canonical/LCL_Core_0.1.0/03_TYPES_AND_VALUES/04_TYPED_CONSTRUCTORS_AND_REFERENCES.txt	897bb0dbe66c66461eaf3554c3b72d8aea0eb5fb3b03a38fe297fa77c696341f	canonical	none	protected-hash-verified	-	byte identity against the 192-path inventory; content not reviewed
canonical/LCL_Core_0.1.0/03_TYPES_AND_VALUES/05_CUSTOM_TYPES_SCHEMAS_AND_DEFINITIONS.txt	05965c2bbd50a60e970cc445e16cb6bda82038d4cc073d009ded9581c9dff62d	canonical	none	protected-hash-verified	-	byte identity against the 192-path inventory; content not reviewed
canonical/LCL_Core_0.1.0/03_TYPES_AND_VALUES/06_NUMERIC_ARITHMETIC_COMPARISON_AND_ROUNDING.txt	3c26a276f37745001c345aa00bb029fda5be1116bb1ae451c477ced710ce03a4	canonical	none	protected-hash-verified	-	byte identity against the 192-path inventory; content not reviewed
canonical/LCL_Core_0.1.0/03_TYPES_AND_VALUES/07_FORMATS_ENCODINGS_UNITS_BOUNDS_AND_PATTERNS.txt	f4dc17b7033d99e86357c43fa22942c50cd50acc0b5e9695d8aa6893befcec75	canonical	none	protected-hash-verified	-	byte identity against the 192-path inventory; content not reviewed
canonical/LCL_Core_0.1.0/03_TYPES_AND_VALUES/08_BUILT_IN_FORMATS_ENCODINGS_AND_UNITS.txt	e407cb6a9d6ff456c349ba36f542b03e2a1d5ab8447a13b64d357cf91d5f8b84	canonical	none	protected-hash-verified	-	byte identity against the 192-path inventory; content not reviewed
canonical/LCL_Core_0.1.0/03_TYPES_AND_VALUES/09_MISSING_UNKNOWN_NULL_AND_OPTIONALITY.txt	e910011a16e8fad2360a02f2b50e57e21ec4ad65200a79800a05101556f38b80	canonical	none	protected-hash-verified	-	byte identity against the 192-path inventory; content not reviewed
canonical/LCL_Core_0.1.0/03_TYPES_AND_VALUES/10_COLLECTION_OBJECT_ENUM_AND_SCHEMA_FORMS.txt	9ead9395d39427141741a5f3a90721639546b02fb6531c83813be790e3ede69d	canonical	none	protected-hash-verified	-	byte identity against the 192-path inventory; content not reviewed
canonical/LCL_Core_0.1.0/04_GRAMMAR/01_DOCUMENT_FORM_AND_TOP_LEVEL_ORDER.txt	7b47be57ad64eb7b2885dc0e2ee5ac0ba96a55a70005f7ad008f407acfef3514	canonical	none	protected-hash-verified	-	byte identity against the 192-path inventory; content not reviewed
canonical/LCL_Core_0.1.0/04_GRAMMAR/02_DECLARATIONS_BLOCKS_FIELDS_AND_NESTING.txt	fc4bd6f418e298b852a835ca09adb7b55cf9183e09f843597852574567572afe	canonical	none	protected-hash-verified	-	byte identity against the 192-path inventory; content not reviewed
canonical/LCL_Core_0.1.0/04_GRAMMAR/03_EXPRESSIONS_REFERENCES_PROPERTIES_AND_CALLS.txt	059dfd6ef308e4267830c22fe4fa65e1adfb3ff0c2e0e0d7c36116fd23e7e449	canonical	none	protected-hash-verified	-	byte identity against the 192-path inventory; content not reviewed
canonical/LCL_Core_0.1.0/04_GRAMMAR/04_CONDITIONS_BRANCHES_AND_BOUNDED_ITERATION.txt	e3ee503febbf5147eee6b9014d8a420fd2f4b575d0a16e0e5bd6cead0b3e1d44	canonical	none	protected-hash-verified	-	byte identity against the 192-path inventory; content not reviewed
canonical/LCL_Core_0.1.0/04_GRAMMAR/05_IMPORT_EXTENSION_AND_REFERENCE_FORM.txt	91810edf2a800f47a594a80f8976427100910b61d1239827d9de3e7d438ba61d	canonical	none	protected-hash-verified	-	byte identity against the 192-path inventory; content not reviewed
canonical/LCL_Core_0.1.0/04_GRAMMAR/06_TASK_ACTION_PHASE_SEQUENCE_AND_STEP_FORM.txt	d91650df498043f932557e15eef919f887a537a92176a2734ccb0c42b71516a7	canonical	none	protected-hash-verified	-	byte identity against the 192-path inventory; content not reviewed
canonical/LCL_Core_0.1.0/04_GRAMMAR/07_RULE_CHECK_OUTPUT_AND_COMPLETION_FORM.txt	817c0aacc469687a2d92022a95166c226a9e78da9cb8b8d8159dfc1caedc8932	canonical	none	protected-hash-verified	-	byte identity against the 192-path inventory; content not reviewed
canonical/LCL_Core_0.1.0/04_GRAMMAR/08_CORE_BLOCK_SCHEMAS_A.txt	393df29d3d493a84fa5704f4bf1d284cb6f7ae10fffe4069fefc54db17ae495b	canonical	none	protected-hash-verified	-	byte identity against the 192-path inventory; content not reviewed
canonical/LCL_Core_0.1.0/04_GRAMMAR/09_CORE_BLOCK_SCHEMAS_B.txt	75c748f85b0fa4543cab13d9e6984b3d5ee27233e83411f3b36a8a2b01f87e7d	canonical	none	protected-hash-verified	-	byte identity against the 192-path inventory; content not reviewed
canonical/LCL_Core_0.1.0/04_GRAMMAR/10_COMPLETE_EBNF.ebnf	2f6ecc07d4b404cf0a353382d3a9dae5888fe69b65c116fee67bc7a9ec4b0239	canonical	none	protected-hash-verified	-	byte identity against the 192-path inventory; content not reviewed
canonical/LCL_Core_0.1.0/04_GRAMMAR/11_GRAMMAR_SEMANTIC_CONSTRAINTS.txt	cd3e7ca7461c847aac678b5a585ec91d14a3c7cb2ceaa8121790ef7406e3011a	canonical	none	protected-hash-verified	-	byte identity against the 192-path inventory; content not reviewed
canonical/LCL_Core_0.1.0/04_GRAMMAR/12_VALUE_ITEM_PROPERTY_SCHEMA_AND_OBJECT_BLOCKS.txt	571408955f61613bec0b5737061ec830334617c61d217344e15878a9858966f0	canonical	none	protected-hash-verified	-	byte identity against the 192-path inventory; content not reviewed
canonical/LCL_Core_0.1.0/04_GRAMMAR/13_EXACT_FIELD_SIGNATURES.txt	5af8ec7967bdb371f81f24d83f493ee75406a741b7880a422c5421558998ab36	canonical	none	protected-hash-verified	-	byte identity against the 192-path inventory; content not reviewed
canonical/LCL_Core_0.1.0/05_SEMANTICS/01_DECLARATION_RESOLUTION_REACHABILITY_AND_EXECUTION_GRAPH.txt	a4964107cf6edb120033c94fc32cd4f7a1f6abcb141348e15149adfb7a53da80	canonical	none	protected-hash-verified	-	byte identity against the 192-path inventory; content not reviewed
canonical/LCL_Core_0.1.0/05_SEMANTICS/02_SCOPE_TARGET_WORKSPACE_AND_SOURCE.txt	400eda2f15675b8959a3db1408d0fcac508294525f999b69a8ef922a47214705	canonical	none	protected-hash-verified	-	byte identity against the 192-path inventory; content not reviewed
canonical/LCL_Core_0.1.0/05_SEMANTICS/03_REQUIRE_ALLOW_FORBID_PREFER_PRESERVE_AND_ACTION_AUTHORIZATION.txt	8565e9fe23e04c479fe142e82b98bd01a0da11e681c10b17d96fb0fd5cb71b7b	canonical	none	protected-hash-verified	-	byte identity against the 192-path inventory; content not reviewed
canonical/LCL_Core_0.1.0/05_SEMANTICS/04_AUTHORITY_PRIORITY_OVERRIDE_AND_CONFLICT_RESOLUTION.txt	0845d3e0c0d0786ef6dcaedbff97db2144a76adbdafb99f4b17423115707c897	canonical	none	protected-hash-verified	-	byte identity against the 192-path inventory; content not reviewed
canonical/LCL_Core_0.1.0/05_SEMANTICS/05_INPUT_DATA_OUTPUT_RESULT_AND_FORMAT.txt	52f4e06f0440ea8f88bf5b9228e7ec80bd46f0a267e5377d1372387e6b5e62b3	canonical	none	protected-hash-verified	-	byte identity against the 192-path inventory; content not reviewed
canonical/LCL_Core_0.1.0/05_SEMANTICS/06_MISSING_UNKNOWN_NULL_DEFAULT_ASSUME_AND_HANDLER_RESOLUTION.txt	3e763496a45840c913ee96d1916d9bbd97393210aa3cca8e3d6438d0a5433cda	canonical	none	protected-hash-verified	-	byte identity against the 192-path inventory; content not reviewed
canonical/LCL_Core_0.1.0/05_SEMANTICS/07_CONTEXT_MEMORY_AND_STATE.txt	2cef224a7345bdcf454582c8e5f8685c863af4f0d1196799b2b5fd6f69fb8557	canonical	none	protected-hash-verified	-	byte identity against the 192-path inventory; content not reviewed
canonical/LCL_Core_0.1.0/05_SEMANTICS/08_PHASE_SEQUENCE_STEP_BRANCH_LOOP_RETRY_AND_CONCURRENCY.txt	b252078fee1ace097d4de1a14febc6febaf24087fb42b75ef928cdaddc6de167	canonical	none	protected-hash-verified	-	byte identity against the 192-path inventory; content not reviewed
canonical/LCL_Core_0.1.0/05_SEMANTICS/09_VALIDATION_EXECUTION_FAILURE_AND_TERMINATION.txt	e897d0556b78ce73e7178d21ba4975ad0495da815b8a91964e970ffd7d2ee792	canonical	none	protected-hash-verified	-	byte identity against the 192-path inventory; content not reviewed
canonical/LCL_Core_0.1.0/05_SEMANTICS/10_VERIFY_TEST_EVIDENCE_SUCCESS_FAILURE_AND_STATUS.txt	96f1924217635f91a178856881d82e3a4dcc085bc37a1f0bc23d4d4a5ccb121b	canonical	none	protected-hash-verified	-	byte identity against the 192-path inventory; content not reviewed
canonical/LCL_Core_0.1.0/05_SEMANTICS/11_DETERMINISM_EQUIVALENCE_AND_INTERPRETER_VARIATION.txt	fcac13a790d4d84d19a9faf73884cad0763e72a2255ede81f1da74d1aac62204	canonical	none	protected-hash-verified	-	byte identity against the 192-path inventory; content not reviewed
canonical/LCL_Core_0.1.0/05_SEMANTICS/12_OPERATOR_FUNCTION_AND_SPECIAL_VALUE_SEMANTICS.txt	838539bb8a04db086a1ca5f553560156e11b928de6834ee892c6e6ebd340e7db	canonical	none	protected-hash-verified	-	byte identity against the 192-path inventory; content not reviewed
canonical/LCL_Core_0.1.0/06_STANDARD_LIBRARY/01_READ_ONLY_AND_ANALYTICAL_OPERATIONS.txt	8d0a0be5c7264a075c479031d373955332ccff093a7c87d1b1a35e6634dbf0b7	canonical	none	protected-hash-verified	-	byte identity against the 192-path inventory; content not reviewed
canonical/LCL_Core_0.1.0/06_STANDARD_LIBRARY/02_MUTATING_AND_EXTERNAL_OPERATIONS.txt	89adcc88a127314e8c924588eac57c1f97a7eb12cffe120aa0109113370bb09c	canonical	none	protected-hash-verified	-	byte identity against the 192-path inventory; content not reviewed
canonical/LCL_Core_0.1.0/06_STANDARD_LIBRARY/03_CONTROL_OPERATIONS.txt	9bff00d1aa38aca1d8a8d679bc672b810af1b8359505f996f8f28254cc6caf69	canonical	none	protected-hash-verified	-	byte identity against the 192-path inventory; content not reviewed
canonical/LCL_Core_0.1.0/06_STANDARD_LIBRARY/04_BUILT_IN_FUNCTIONS.txt	08c85074fb13e448649f9e5a38203259eb442dd4e9a0684fffdc7219440eab1f	canonical	none	protected-hash-verified	-	byte identity against the 192-path inventory; content not reviewed
canonical/LCL_Core_0.1.0/06_STANDARD_LIBRARY/05_CORE_STATUS_IDENTIFIERS.txt	27bb5d4c88e6d147e607bdd18866fbcc6829617c21f27a5b1ab0a31b650d6813	canonical	none	protected-hash-verified	-	byte identity against the 192-path inventory; content not reviewed
canonical/LCL_Core_0.1.0/06_STANDARD_LIBRARY/06_CORE_ERROR_IDENTIFIERS_PART_1.txt	02d503c769e6e4dca2dc58d6b75478a59f91af804ecd4f15d2b7b66533eccc12	canonical	none	protected-hash-verified	-	byte identity against the 192-path inventory; content not reviewed
canonical/LCL_Core_0.1.0/06_STANDARD_LIBRARY/07_CORE_ERROR_IDENTIFIERS_PART_2.txt	f607eebd8c0e7aa8cbb44d91b13ba3ad6a9ef45e15fc58c9e64925227e641ac7	canonical	none	protected-hash-verified	-	byte identity against the 192-path inventory; content not reviewed
canonical/LCL_Core_0.1.0/06_STANDARD_LIBRARY/08_BUILT_IN_IDENTIFIER_GROUPS.txt	33795fd80279e35229014484fbe353eee7f6777e02075356d575b18b57e771b5	canonical	none	protected-hash-verified	-	byte identity against the 192-path inventory; content not reviewed
canonical/LCL_Core_0.1.0/06_STANDARD_LIBRARY/09_BUILT_IN_RESOLUTION_RULES.txt	834a6df6801a14210f3cfaf2d86f4af7a12946a12c18ee01af5fde9f085af492	canonical	none	protected-hash-verified	-	byte identity against the 192-path inventory; content not reviewed
canonical/LCL_Core_0.1.0/06_STANDARD_LIBRARY/10_CORE_OPERATION_PARAMETER_RULES.txt	e94a899f37b237aee18f5390315180b04dda3cc6ff1b37e5e69f4c8bbca9100a	canonical	none	protected-hash-verified	-	byte identity against the 192-path inventory; content not reviewed
canonical/LCL_Core_0.1.0/07_VERSIONING_AND_EXTENSIONS/01_LANGUAGE_AND_SPECIFICATION_VERSIONING.txt	098bae801af12cde4f3f10467415849b5f6371339d7a3c5e55def8d14a9d3e9b	canonical	none	protected-hash-verified	-	byte identity against the 192-path inventory; content not reviewed
canonical/LCL_Core_0.1.0/07_VERSIONING_AND_EXTENSIONS/02_IMPORT_VERSION_CHECKSUM_AND_NAMESPACE.txt	cc6dec088080e5d89cd58336bd1dd83c54217f39a36d18db45877b66851cec1a	canonical	none	protected-hash-verified	-	byte identity against the 192-path inventory; content not reviewed
canonical/LCL_Core_0.1.0/07_VERSIONING_AND_EXTENSIONS/03_EXTENSION_CONTRACT.txt	61ab4558a18b6c2460abf34a355d97f1d18d05a237ac93a843bcfc5e19b38b46	canonical	none	protected-hash-verified	-	byte identity against the 192-path inventory; content not reviewed
canonical/LCL_Core_0.1.0/07_VERSIONING_AND_EXTENSIONS/04_CONFORMANCE_LEVELS.txt	caeadfb54d1f26784aecdd426ee51adee2c4c5e7ac8f85e8cec3e49c1e7ea73d	canonical	none	protected-hash-verified	-	byte identity against the 192-path inventory; content not reviewed
canonical/LCL_Core_0.1.0/07_VERSIONING_AND_EXTENSIONS/05_FORWARD_COMPATIBILITY_AND_UNKNOWN_FEATURES.txt	80213f25eba2f891c1ac6a7a73b27200002008de33490465815036036b3c4854	canonical	none	protected-hash-verified	-	byte identity against the 192-path inventory; content not reviewed
canonical/LCL_Core_0.1.0/07_VERSIONING_AND_EXTENSIONS/06_NORMATIVE_SOURCE_PRECEDENCE.txt	5ded3337c10a0446c20768c4a233a53f9f7f67095f1c42858308fd7baae5af5c	canonical	none	protected-hash-verified	-	byte identity against the 192-path inventory; content not reviewed
canonical/LCL_Core_0.1.0/08_EXAMPLES/INVALID/01_WRONG_KEYWORD_CASE.invalid.lcl	9f4bd04435f398e315ac9e00b4660ffc0fe0c9697f2d75f34f40c93fa8a736f5	canonical	none	protected-hash-verified	-	byte identity against the 192-path inventory; content not reviewed
canonical/LCL_Core_0.1.0/08_EXAMPLES/INVALID/01_WRONG_KEYWORD_CASE.invalid.lcl.expected.txt	48da94d08a261eb8bd7b366158ce30942c1f4bf8a4bc84a2dc9cdadde62aee03	canonical	none	protected-hash-verified	-	byte identity against the 192-path inventory; content not reviewed
canonical/LCL_Core_0.1.0/08_EXAMPLES/INVALID/02_TAB_INDENTATION.invalid.lcl	2eae884823243f6530c6edcbcd4f25a53136fbc152f046aa8a70e80d1cc0d050	canonical	none	protected-hash-verified	-	byte identity against the 192-path inventory; content not reviewed
canonical/LCL_Core_0.1.0/08_EXAMPLES/INVALID/02_TAB_INDENTATION.invalid.lcl.expected.txt	1b72812c2596815a22894d4da13f16456faac14117ca196a798b64f3dafd8649	canonical	none	protected-hash-verified	-	byte identity against the 192-path inventory; content not reviewed
canonical/LCL_Core_0.1.0/08_EXAMPLES/INVALID/03_BARE_EQUALS.invalid.lcl	25e81efc99e15efbf9a51d8f2f8f0e18a2c76b9b7b4e1ef80428a18650109323	canonical	none	protected-hash-verified	-	byte identity against the 192-path inventory; content not reviewed
canonical/LCL_Core_0.1.0/08_EXAMPLES/INVALID/03_BARE_EQUALS.invalid.lcl.expected.txt	d1c146089a9cc71189e6f7036d273250b62ed0050cc2db7886035b94976df558	canonical	none	protected-hash-verified	-	byte identity against the 192-path inventory; content not reviewed
canonical/LCL_Core_0.1.0/08_EXAMPLES/INVALID/04_UNKNOWN_MODAL.invalid.lcl	d4df90408e747dca620528e7aeef29e070fa05ecd2d998b72a68a7f7e4ce842a	canonical	none	protected-hash-verified	-	byte identity against the 192-path inventory; content not reviewed
canonical/LCL_Core_0.1.0/08_EXAMPLES/INVALID/04_UNKNOWN_MODAL.invalid.lcl.expected.txt	ac8573ea75e04759cceb3eb4739f5505aa05f37347002fe1fd4776f2233988ea	canonical	none	protected-hash-verified	-	byte identity against the 192-path inventory; content not reviewed
canonical/LCL_Core_0.1.0/08_EXAMPLES/INVALID/05_DUPLICATE_ID.invalid.lcl	82c2d4d2151fa3886a9d90bd449eb7c5d1d4f37ec72c769381f853ddda1876c8	canonical	none	protected-hash-verified	-	byte identity against the 192-path inventory; content not reviewed
canonical/LCL_Core_0.1.0/08_EXAMPLES/INVALID/05_DUPLICATE_ID.invalid.lcl.expected.txt	046ffe582ea10ccbc536bbfa136d75e4eb6c968469ef4e1a4befbb2f8dd1fb2f	canonical	none	protected-hash-verified	-	byte identity against the 192-path inventory; content not reviewed
canonical/LCL_Core_0.1.0/08_EXAMPLES/INVALID/06_UNRESOLVED_REFERENCE.invalid.lcl	7c8615b1abab9f3a3ae5e49c6d0b81a57ad693517128b0ef46b0928b280c1439	canonical	none	protected-hash-verified	-	byte identity against the 192-path inventory; content not reviewed
canonical/LCL_Core_0.1.0/08_EXAMPLES/INVALID/06_UNRESOLVED_REFERENCE.invalid.lcl.expected.txt	b1366c605cf9cfb9df0d0d837657128cd3caac0b817c45ffa647029d12d8517f	canonical	none	protected-hash-verified	-	byte identity against the 192-path inventory; content not reviewed
canonical/LCL_Core_0.1.0/08_EXAMPLES/INVALID/07_TYPE_MISMATCH.invalid.lcl	5dace4b918afed1f5339e46f734caba2db7aae596bf23e06e921e94a499d5a40	canonical	none	protected-hash-verified	-	byte identity against the 192-path inventory; content not reviewed
canonical/LCL_Core_0.1.0/08_EXAMPLES/INVALID/07_TYPE_MISMATCH.invalid.lcl.expected.txt	80b68c630da4d84a823f2d4abe10e147a90e885ddecb76e6769465519a803bff	canonical	none	protected-hash-verified	-	byte identity against the 192-path inventory; content not reviewed
canonical/LCL_Core_0.1.0/08_EXAMPLES/INVALID/08_HARD_CONFLICT.invalid.lcl	4f7f50d0d139e2d68a9319aeafb8f7dbfb10369c20cdc029907bbe8a80485d9b	canonical	none	protected-hash-verified	-	byte identity against the 192-path inventory; content not reviewed
canonical/LCL_Core_0.1.0/08_EXAMPLES/INVALID/08_HARD_CONFLICT.invalid.lcl.expected.txt	802637c20d3484bd1de1f431c29324533a885775fb2adf74779ed0eb6edb7f1b	canonical	none	protected-hash-verified	-	byte identity against the 192-path inventory; content not reviewed
canonical/LCL_Core_0.1.0/08_EXAMPLES/INVALID/09_UNBOUNDED_WHILE.invalid.lcl	ee3bdb607d25896bfe7bce7968a15bc550142323941a66de08dc36a68e711600	canonical	none	protected-hash-verified	-	byte identity against the 192-path inventory; content not reviewed
canonical/LCL_Core_0.1.0/08_EXAMPLES/INVALID/09_UNBOUNDED_WHILE.invalid.lcl.expected.txt	ac8573ea75e04759cceb3eb4739f5505aa05f37347002fe1fd4776f2233988ea	canonical	none	protected-hash-verified	-	byte identity against the 192-path inventory; content not reviewed
canonical/LCL_Core_0.1.0/08_EXAMPLES/INVALID/10_CONTEXT_WITHOUT_SCOPE.invalid.lcl	96ec4f463aa52c3d780d20f2824b205f6457e5d5461e2d7c1ce479529b08f7f5	canonical	none	protected-hash-verified	-	byte identity against the 192-path inventory; content not reviewed
canonical/LCL_Core_0.1.0/08_EXAMPLES/INVALID/10_CONTEXT_WITHOUT_SCOPE.invalid.lcl.expected.txt	ea6298878411745d0d0712c85d9845866ad5e4111431a3462d869a960aa3df97	canonical	none	protected-hash-verified	-	byte identity against the 192-path inventory; content not reviewed
canonical/LCL_Core_0.1.0/08_EXAMPLES/INVALID/11_DUPLICATE_FIELD.invalid.lcl	c6739c6e62bc0ee54bd55fd64ff2960056582d2b3f6bd5aa95fb853915b71db1	canonical	none	protected-hash-verified	-	byte identity against the 192-path inventory; content not reviewed
canonical/LCL_Core_0.1.0/08_EXAMPLES/INVALID/11_DUPLICATE_FIELD.invalid.lcl.expected.txt	53c75b217f9a266d3305483450f257162d8d710de0b385567b42be4d05fe6a58	canonical	none	protected-hash-verified	-	byte identity against the 192-path inventory; content not reviewed
canonical/LCL_Core_0.1.0/08_EXAMPLES/INVALID/12_FLOATING_VERSION.invalid.lcl	fa6365129d6ceb158aed4f0c36dffd7429cdd360ec56b07f1f05d319e7dc3d49	canonical	none	protected-hash-verified	-	byte identity against the 192-path inventory; content not reviewed
canonical/LCL_Core_0.1.0/08_EXAMPLES/INVALID/12_FLOATING_VERSION.invalid.lcl.expected.txt	3e6132775b1f9525b599ed60799951921104c1df9a2c569079bdc9f8b8229e4f	canonical	none	protected-hash-verified	-	byte identity against the 192-path inventory; content not reviewed
canonical/LCL_Core_0.1.0/08_EXAMPLES/INVALID/13_PERCENT_SYMBOL.invalid.lcl	e82501c2508be4b23399c0f73afd210abbd1e33d6e1e0e7bf0435ccb2fad1ebf	canonical	none	protected-hash-verified	-	byte identity against the 192-path inventory; content not reviewed
canonical/LCL_Core_0.1.0/08_EXAMPLES/INVALID/13_PERCENT_SYMBOL.invalid.lcl.expected.txt	d1c146089a9cc71189e6f7036d273250b62ed0050cc2db7886035b94976df558	canonical	none	protected-hash-verified	-	byte identity against the 192-path inventory; content not reviewed
canonical/LCL_Core_0.1.0/08_EXAMPLES/INVALID/14_SINGLE_QUOTED_STRING.invalid.lcl	f180d6e85bcb8ab66822ccd7bf3109924fa5eb4489fb8213bcc115b6738fe17d	canonical	none	protected-hash-verified	-	byte identity against the 192-path inventory; content not reviewed
canonical/LCL_Core_0.1.0/08_EXAMPLES/INVALID/14_SINGLE_QUOTED_STRING.invalid.lcl.expected.txt	d1c146089a9cc71189e6f7036d273250b62ed0050cc2db7886035b94976df558	canonical	none	protected-hash-verified	-	byte identity against the 192-path inventory; content not reviewed
canonical/LCL_Core_0.1.0/08_EXAMPLES/INVALID/15_MISSING_TASK_STRUCTURE.invalid.lcl	ab2be39a6975376d4759d095d23ce271ac2617abfc2815a33f159fa8dc4d7086	canonical	none	protected-hash-verified	-	byte identity against the 192-path inventory; content not reviewed
canonical/LCL_Core_0.1.0/08_EXAMPLES/INVALID/15_MISSING_TASK_STRUCTURE.invalid.lcl.expected.txt	58f7697e48bf979f2bd7228f01f63df028d1582b7a7fbf7a8451a64bbde4c710	canonical	none	protected-hash-verified	-	byte identity against the 192-path inventory; content not reviewed
canonical/LCL_Core_0.1.0/08_EXAMPLES/INVALID/16_ITEM_COLLECTION.invalid.lcl	2989060fed8ec0e2604826046db7024b07fdcdd9661cda48622985232f9fdd2b	canonical	none	protected-hash-verified	-	byte identity against the 192-path inventory; content not reviewed
canonical/LCL_Core_0.1.0/08_EXAMPLES/INVALID/16_ITEM_COLLECTION.invalid.lcl.expected.txt	3996c7388d501dff956207d27a1d7fdf7e75becfb961728c742c606850351c46	canonical	none	protected-hash-verified	-	byte identity against the 192-path inventory; content not reviewed
canonical/LCL_Core_0.1.0/08_EXAMPLES/INVALID/17_REGEX_FLAGS.invalid.lcl	7f3550736c6792a5fc0e94a6cc2c33b719dd4c2d418cd4cff2e3cc737cb52dc2	canonical	none	protected-hash-verified	-	byte identity against the 192-path inventory; content not reviewed
canonical/LCL_Core_0.1.0/08_EXAMPLES/INVALID/17_REGEX_FLAGS.invalid.lcl.expected.txt	74b07ca829b5fc838d06bab4367672bdd7c61ad1641aef3cb83e74ffbe8d869b	canonical	none	protected-hash-verified	-	byte identity against the 192-path inventory; content not reviewed
canonical/LCL_Core_0.1.0/08_EXAMPLES/INVALID/18_NON_TERMINATING_DIVISION.invalid.lcl	71e1f5f005cabc500e4facbb89ed206aa3e3fb1b5cf5fe74c00b614e4314cb16	canonical	none	protected-hash-verified	-	byte identity against the 192-path inventory; content not reviewed
canonical/LCL_Core_0.1.0/08_EXAMPLES/INVALID/18_NON_TERMINATING_DIVISION.invalid.lcl.expected.txt	b645554804cdb472150621e0cdd7a38127fa5e0272964c59a3d0a1c04ff6f36c	canonical	none	protected-hash-verified	-	byte identity against the 192-path inventory; content not reviewed
canonical/LCL_Core_0.1.0/08_EXAMPLES/INVALID/19_DIVISION_BY_ZERO.invalid.lcl	602f0c8ea58f2d8da68164182d9b84b7b175ba876863658eae36edc08b111592	canonical	none	protected-hash-verified	-	byte identity against the 192-path inventory; content not reviewed
canonical/LCL_Core_0.1.0/08_EXAMPLES/INVALID/19_DIVISION_BY_ZERO.invalid.lcl.expected.txt	9e5a48b4c926d1159ba0153740ebbcc52a86b2d4cd5c9706ba1a305d8a693ae7	canonical	none	protected-hash-verified	-	byte identity against the 192-path inventory; content not reviewed
canonical/LCL_Core_0.1.0/08_EXAMPLES/INVALID/20_UNORDERED_SET_DIRECT_ITERATION.invalid.lcl	584b7132859896748958647f11e6777459512469e92b50cbd3044d27bfb93949	canonical	none	protected-hash-verified	-	byte identity against the 192-path inventory; content not reviewed
canonical/LCL_Core_0.1.0/08_EXAMPLES/INVALID/20_UNORDERED_SET_DIRECT_ITERATION.invalid.lcl.expected.txt	29729b07d895640e6ea5e084368831c5822993f24b327dde60875dc5bd7eef68	canonical	none	protected-hash-verified	-	byte identity against the 192-path inventory; content not reviewed
canonical/LCL_Core_0.1.0/08_EXAMPLES/INVALID/21_SORT_STABLE_PARAMETER.invalid.lcl	dd2fa6d9953c6a6b9e79032ff684dda6d214fdfa2fd321e426fe61e5ee43646c	canonical	none	protected-hash-verified	-	byte identity against the 192-path inventory; content not reviewed
canonical/LCL_Core_0.1.0/08_EXAMPLES/INVALID/21_SORT_STABLE_PARAMETER.invalid.lcl.expected.txt	291763b7449d220675ea8b28920fd43c711dd0d4266cec1696e25aacf289b07e	canonical	none	protected-hash-verified	-	byte identity against the 192-path inventory; content not reviewed
canonical/LCL_Core_0.1.0/08_EXAMPLES/VALID/01_MINIMAL_TASK.lcl	e0c97a2b2a0adc2530436a85b24a671506d857ad686f3a78d813bddf5e299b90	canonical	none	protected-hash-verified	-	byte identity against the 192-path inventory; content not reviewed
canonical/LCL_Core_0.1.0/08_EXAMPLES/VALID/02_IMPORT_LIBRARY.lcl	5f2d709efc7e56311de5ff608b12271bae1731af2c8aef089355498bd95f73f1	canonical	none	protected-hash-verified	-	byte identity against the 192-path inventory; content not reviewed
canonical/LCL_Core_0.1.0/08_EXAMPLES/VALID/03_IMPORTING_TASK.lcl	b7a7b23f53d20ea80d1b800574757419372153548b2761572abba8aac47d9579	canonical	none	protected-hash-verified	-	byte identity against the 192-path inventory; content not reviewed
canonical/LCL_Core_0.1.0/08_EXAMPLES/VALID/04_AUTOMATED_CODING_TASK.lcl	c73bae5e63169719fb98f5d0ae107a5f2a7e16899dbf3ba29be1ce5a2407d921	canonical	none	protected-hash-verified	-	byte identity against the 192-path inventory; content not reviewed
canonical/LCL_Core_0.1.0/08_EXAMPLES/VALID/05_CONDITION_AND_ITERATION.lcl	c97ccd174487eea1367a642dd89ba89de40fdf91563fdcea6ea2f901285a7378	canonical	none	protected-hash-verified	-	byte identity against the 192-path inventory; content not reviewed
canonical/LCL_Core_0.1.0/08_EXAMPLES/VALID/06_EXPLICIT_CONTEXT_MEMORY_AND_STATE.lcl	7982f606bc771d8cc56e187791f07bbb43cdf2c7515488d615b8a566a429258a	canonical	none	protected-hash-verified	-	byte identity against the 192-path inventory; content not reviewed
canonical/LCL_Core_0.1.0/08_EXAMPLES/VALID/07_DOMAIN_EXTENSION_OPERATION.lcl	687dad6e10c7cfd9e38dc6101abc277ca78a43e2535c4d11e6928353e50a96c7	canonical	none	protected-hash-verified	-	byte identity against the 192-path inventory; content not reviewed
canonical/LCL_Core_0.1.0/08_EXAMPLES/VALID/08_AUTHORITY_OVERRIDE_HANDLER_AND_RETRY.lcl	490d023c1a310532ead2fc5bd5f81cbb574bb0e7196ee01a7f7ae2a6091548c2	canonical	none	protected-hash-verified	-	byte identity against the 192-path inventory; content not reviewed
canonical/LCL_Core_0.1.0/08_EXAMPLES/VALID/09_EXPLICIT_ASSUMPTION_AND_EVIDENCE.lcl	756d7e9ff9dee5c41848921d78ac2e822da5cc969109181659b5e15a5a8e57f9	canonical	none	protected-hash-verified	-	byte identity against the 192-path inventory; content not reviewed
canonical/LCL_Core_0.1.0/08_EXAMPLES/VALID/10_ACCEPTED_CORE_PROFILES.lcl	a45dc5c6fa08894faab86621ef03ea1b41cc782bfe4ac79b43c11d778b89ecde	canonical	none	protected-hash-verified	-	byte identity against the 192-path inventory; content not reviewed
canonical/LCL_Core_0.1.0/08_EXAMPLES/VALID/11_EXACT_DIVISION_AND_ROUNDING.lcl	e05f02de7f575c6458ffb22d1b48c45b1563d4a6e536d393845e1edd94b532b1	canonical	none	protected-hash-verified	-	byte identity against the 192-path inventory; content not reviewed
canonical/LCL_Core_0.1.0/08_EXAMPLES/VALID/12_SET_SORTING.lcl	cb83518d64624c1c062c5a078c8ffe1d2c853740708c4afe0bf22bded7476e78	canonical	none	protected-hash-verified	-	byte identity against the 192-path inventory; content not reviewed
canonical/LCL_Core_0.1.0/08_EXAMPLES/VALID/13_TYPES_AND_REFERENCE_VALUES.lcl	95e4b88747dd99212ba7e51d96e60f9ddc0349eaa8c3018a425d708a7589fbca	canonical	none	protected-hash-verified	-	byte identity against the 192-path inventory; content not reviewed
canonical/LCL_Core_0.1.0/09_CONFORMANCE/01_CONFORMANCE_REQUIREMENTS.txt	6ae74eeeb26706a688815baf9df817e998101085a3c7f6b90b8d524ee3b69dc5	canonical	none	protected-hash-verified	-	byte identity against the 192-path inventory; content not reviewed
canonical/LCL_Core_0.1.0/09_CONFORMANCE/CASES/core_conformance_cases_v0.1.0.json	0091ee784192ff4cd80ad60b0553bfd2e1b7549d09aa31b5c3d78b859204c03f	canonical	none	protected-hash-verified	-	byte identity against the 192-path inventory; content not reviewed
canonical/LCL_Core_0.1.0/09_CONFORMANCE/CASES/language_decision_cases_v0.1.0.json	352a115525631237575bc3b462bbda78896a60dc5c236f1f484060353730aab2	canonical	none	protected-hash-verified	-	byte identity against the 192-path inventory; content not reviewed
canonical/LCL_Core_0.1.0/09_CONFORMANCE/SOURCE_FIXTURES/expected_results.json	7714140f7bcdf704ecd71bcf0514445d39c3b3f14dda3ea7ab3177c6a91c7a9c	canonical	none	protected-hash-verified	-	byte identity against the 192-path inventory; content not reviewed
canonical/LCL_Core_0.1.0/09_CONFORMANCE/SOURCE_FIXTURES/invalid_bom.lcl	27ea68952038e9d074454040ae456b62d58e5ed12c82e50ff1f99207ce6b5c5a	canonical	none	protected-hash-verified	-	byte identity against the 192-path inventory; content not reviewed
canonical/LCL_Core_0.1.0/09_CONFORMANCE/SOURCE_FIXTURES/invalid_control.lcl	a8e7ad5da2763ed4aa5fdf62c0409970a6c956b740985a12baaae08a4763aac5	canonical	none	protected-hash-verified	-	byte identity against the 192-path inventory; content not reviewed
canonical/LCL_Core_0.1.0/09_CONFORMANCE/SOURCE_FIXTURES/invalid_crlf.lcl	75f46eacd6dfd2cd9813f317931fbbbbe9d4c6b00edd6f7f4f0c548b3d03edc9	canonical	none	protected-hash-verified	-	byte identity against the 192-path inventory; content not reviewed
canonical/LCL_Core_0.1.0/09_CONFORMANCE/SOURCE_FIXTURES/invalid_hash.lcl	e4023d458da0f12039326e68e4accdf1a5e8f4388b797c99657569b3ae87f54f	canonical	none	protected-hash-verified	-	byte identity against the 192-path inventory; content not reviewed
canonical/LCL_Core_0.1.0/09_CONFORMANCE/SOURCE_FIXTURES/invalid_indent_jump.lcl	8f7281ffe8ccfb61307147eafde00f628a893dd1a7ab5f9ad1324f9854e93f36	canonical	none	protected-hash-verified	-	byte identity against the 192-path inventory; content not reviewed
canonical/LCL_Core_0.1.0/09_CONFORMANCE/SOURCE_FIXTURES/invalid_indent_width.lcl	a04bbfbc984306bbeb8a4b5744c5c0816e24b25a2d69923cf020a673aa990dc9	canonical	none	protected-hash-verified	-	byte identity against the 192-path inventory; content not reviewed
canonical/LCL_Core_0.1.0/09_CONFORMANCE/SOURCE_FIXTURES/invalid_no_final_lf.lcl	5de9e58650994ce42acb35af011e7d74ef7b94997ff75ed8e24cc4b3b7d21021	canonical	none	protected-hash-verified	-	byte identity against the 192-path inventory; content not reviewed
canonical/LCL_Core_0.1.0/09_CONFORMANCE/SOURCE_FIXTURES/invalid_semicolon.lcl	68961bf1160a86c139d88743872c26dd5cb8271165f9ee6959b18ddf0ab5baca	canonical	none	protected-hash-verified	-	byte identity against the 192-path inventory; content not reviewed
canonical/LCL_Core_0.1.0/09_CONFORMANCE/SOURCE_FIXTURES/invalid_single_quote.lcl	8983e3527edd8f26dede6e48d14bf6d8f61ca82358e5f91e0fe55ea20b40fe4a	canonical	none	protected-hash-verified	-	byte identity against the 192-path inventory; content not reviewed
canonical/LCL_Core_0.1.0/09_CONFORMANCE/SOURCE_FIXTURES/invalid_tab.lcl	031d50f2772cf71148902357404cbb4f4fffb35555b4365ddfc980efecfac33b	canonical	none	protected-hash-verified	-	byte identity against the 192-path inventory; content not reviewed
canonical/LCL_Core_0.1.0/09_CONFORMANCE/SOURCE_FIXTURES/invalid_trailing_space.lcl	ea0f80535fb62cc048329d2db6c37de86779851f2c45484cb59c70b51c34fd6e	canonical	none	protected-hash-verified	-	byte identity against the 192-path inventory; content not reviewed
canonical/LCL_Core_0.1.0/09_CONFORMANCE/SOURCE_FIXTURES/invalid_typographic_quote.lcl	0aeca3fc535203cacfb0f65b8c7bed52ccd4703f92128e79bc44ec6a77b0f362	canonical	none	protected-hash-verified	-	byte identity against the 192-path inventory; content not reviewed
canonical/LCL_Core_0.1.0/09_CONFORMANCE/SOURCE_FIXTURES/invalid_unclosed_string.lcl	86daf65d8db7246d667f906ffaa5d9ab9dae4532e0826d4d4f4bde7da14c82e1	canonical	none	protected-hash-verified	-	byte identity against the 192-path inventory; content not reviewed
canonical/LCL_Core_0.1.0/09_CONFORMANCE/SOURCE_FIXTURES/valid_minimum.lcl	e96d7187e0a8ec60178aeef0d568d09b36add62cdc087740847748cd9e688910	canonical	none	protected-hash-verified	-	byte identity against the 192-path inventory; content not reviewed
canonical/LCL_Core_0.1.0/09_CONFORMANCE/SOURCE_FIXTURES/valid_unicode_string.lcl	f72b06caaaf189926eb7bb1c802758bb61e89236d6d8e5d5cc55788d3c9e7536	canonical	none	protected-hash-verified	-	byte identity against the 192-path inventory; content not reviewed
canonical/LCL_Core_0.1.0/09_CONFORMANCE/TOOLS/generate_integrity.py	146298b4783d392fbf10a12a87abacd0658b96b57c986f4a6e7a1edfa6e5bbf1	canonical	none	protected-hash-verified	-	byte identity against the 192-path inventory; content not reviewed
canonical/LCL_Core_0.1.0/09_CONFORMANCE/TOOLS/validate_ebnf.py	337ca2140aaf5d97efb4ebbcff07e8fc5c421880daca502bc0c63615a5fc3228	canonical	none	protected-hash-verified	-	byte identity against the 192-path inventory; content not reviewed
canonical/LCL_Core_0.1.0/09_CONFORMANCE/TOOLS/validate_language_contracts.py	c542adfc8ed54ab117b6333359c3583a70ae6d0f16273d581d1e0074cb813e37	canonical	none	protected-hash-verified	-	byte identity against the 192-path inventory; content not reviewed
canonical/LCL_Core_0.1.0/09_CONFORMANCE/TOOLS/validate_release.py	4d74552a15f3790031c78193d53c4cf7951bd15b3d8801cd0e4d70bf161f35f9	canonical	none	protected-hash-verified	-	byte identity against the 192-path inventory; content not reviewed
canonical/LCL_Core_0.1.0/09_CONFORMANCE/TOOLS/validate_source_fixtures.py	acac475c07aa2eb8b49eec15050f778e8c10d53c8a053e61ca7962c52c9e9c1c	canonical	none	protected-hash-verified	-	byte identity against the 192-path inventory; content not reviewed
canonical/LCL_Core_0.1.0/10_REGISTRIES/ambiguous_replacements_v0.1.0.json	05ee61ef7779f45faf6514694b55c4e8d8473e1bf5e7c5e2322a87a54e124199	canonical	none	protected-hash-verified	-	byte identity against the 192-path inventory; content not reviewed
canonical/LCL_Core_0.1.0/10_REGISTRIES/block_schemas_v0.1.0.json	60365f8920f67bdc54a40793beb0fc2014dac6b15affd9cb60ffa2924a6bab75	canonical	none	protected-hash-verified	-	byte identity against the 192-path inventory; content not reviewed
canonical/LCL_Core_0.1.0/10_REGISTRIES/built_in_groups_and_results_v0.1.0.json	4dd78e369d7721563391ceb7c91a0f31fc54d4f6234575ee75201dee143c6e57	canonical	none	protected-hash-verified	-	byte identity against the 192-path inventory; content not reviewed
canonical/LCL_Core_0.1.0/10_REGISTRIES/field_signatures_v0.1.0.json	d9ba3853abdaf023e9cf9718935b4fcf8133ed613830a5cff13e37dc7a83abfe	canonical	none	protected-hash-verified	-	byte identity against the 192-path inventory; content not reviewed
canonical/LCL_Core_0.1.0/10_REGISTRIES/formats_encodings_units_v0.1.0.json	8a6e6c93453395e29bdba8ae0137ba31cdd318ebdd812f3f38b04a98de55275d	canonical	none	protected-hash-verified	-	byte identity against the 192-path inventory; content not reviewed
canonical/LCL_Core_0.1.0/10_REGISTRIES/keywords_v0.1.0.json	f5d873081a42fb5d12d32217e2eeec56d97ee27f138b7e92b08493d84b46aff2	canonical	none	protected-hash-verified	-	byte identity against the 192-path inventory; content not reviewed
canonical/LCL_Core_0.1.0/10_REGISTRIES/operations_v0.1.0.json	13ec0d7dabb4847e196024a92d3d33151383a8626b257c46953fca7c9806007f	canonical	none	protected-hash-verified	-	byte identity against the 192-path inventory; content not reviewed
canonical/LCL_Core_0.1.0/10_REGISTRIES/operators_and_functions_v0.1.0.json	a5de41b694bf33d4b4437c77c15009452093bf2a45b8dc919dc005c1207e5f9c	canonical	none	protected-hash-verified	-	byte identity against the 192-path inventory; content not reviewed
canonical/LCL_Core_0.1.0/10_REGISTRIES/semantic_meta_types_v0.1.0.json	73a4356ec6c53a29f7f69c3d46e1ff565da3378338f064bea1560d1c0fd2fd56	canonical	none	protected-hash-verified	-	byte identity against the 192-path inventory; content not reviewed
canonical/LCL_Core_0.1.0/10_REGISTRIES/statuses_and_errors_v0.1.0.json	3065344fd4b806b61a531af414a97fbf9b787d96ddeb2165d91f8c6a59c2506f	canonical	none	protected-hash-verified	-	byte identity against the 192-path inventory; content not reviewed
canonical/LCL_Core_0.1.0/10_REGISTRIES/symbols_v0.1.0.json	8df7f211cfa10d9e42ab1cd5932711e4a2b32b0fbfec0f37d18dd946643cb26f	canonical	none	protected-hash-verified	-	byte identity against the 192-path inventory; content not reviewed
canonical/LCL_Core_0.1.0/10_REGISTRIES/types_v0.1.0.json	d682e7ad3fbd4ff42b4cb8fb2b5911051ff23d3874ade095f685da77099991e3	canonical	none	protected-hash-verified	-	byte identity against the 192-path inventory; content not reviewed
canonical/LCL_Core_0.1.0/11_RESEARCH_BASIS/01_DOCUMENTATION_BASIS.txt	94f66eb0c8f414eaf15f82d3e4a3e0f710849183c8bee1cb10e92863b7c9e8c1	canonical	none	protected-hash-verified	-	byte identity against the 192-path inventory; content not reviewed
canonical/LCL_Core_0.1.0/11_RESEARCH_BASIS/02_FROZEN_DESIGN_DECISIONS.txt	aa6fde4417dd3c00632e69ba7289e8bcdc61fd75db33387d8bea167b2cbcf552	canonical	none	protected-hash-verified	-	byte identity against the 192-path inventory; content not reviewed
canonical/LCL_Core_0.1.0/11_RESEARCH_BASIS/03_INTENTIONALLY_EXCLUDED_FROM_CORE.txt	1f5f73567ef04de43c1a1ae31e8cec2f3ee9703264194ba5fb170471906dae0a	canonical	none	protected-hash-verified	-	byte identity against the 192-path inventory; content not reviewed
canonical/LCL_Core_0.1.0/11_RESEARCH_BASIS/04_RELATION_TO_EXISTING_LANGUAGES.txt	b3e080d3a5199f7627c569397c08486225cd6e7f1d95b870f645a83fd16e8e92	canonical	none	protected-hash-verified	-	byte identity against the 192-path inventory; content not reviewed
canonical/LCL_Core_0.1.0/CHANGELOG.txt	17ad164d9f1d2f0e88a82ad19150a6f2df59b9d3aaceff7a510cb225735c5426	canonical	none	protected-hash-verified	-	byte identity against the 192-path inventory; content not reviewed
canonical/LCL_Core_0.1.0/INDEX.txt	581499b9323ce5a06196aca324d546f5005be1d5cd5456884c65db38d4f36f2f	canonical	none	protected-hash-verified	-	byte identity against the 192-path inventory; content not reviewed
canonical/LCL_Core_0.1.0/MANIFEST.json	e79fbc7f9dab4fef30aa341056b4f6753aa2b2b2311e90031b9f397af45e7aea	canonical	none	protected-hash-verified	-	byte identity against the 192-path inventory; content not reviewed
canonical/LCL_Core_0.1.0/README.txt	ee0d8292062ba9e9f28dca1465136e3be54e441e7ea69222ffbd2af174b694ab	canonical	none	protected-hash-verified	-	byte identity against the 192-path inventory; content not reviewed
canonical/LCL_Core_0.1.0/SHA256SUMS.txt	f4a119ed1b8418623d9265c77f61d9cffc5c5250ce486bbbe80e2102ba0943ab	canonical	none	protected-hash-verified	-	byte identity against the 192-path inventory; content not reviewed
canonical/LCL_Core_0.1.0/VALIDATION_REPORT.txt	1dfab2932d43bb77a1d21b643829675630ec70f4b6ede9132ed57c5a9298094b	canonical	none	protected-hash-verified	-	byte identity against the 192-path inventory; content not reviewed
canonical/LCL_Core_0.1.0/VERSION.txt	05e137d5baa328114cf2915530ca92a29c4a06aa3db816517dc6758f7132b06b	canonical	none	protected-hash-verified	-	byte identity against the 192-path inventory; content not reviewed
impl/.gitignore	b53ee26e6ff1da219b0563333a76d2c9ec19eec713d6ee54e11a1edacb0e9f3d	impl	none	unreviewed	-	outside the D5 review scope, or a direct caller not enumerated
impl/Cargo.lock	a2aaaf836abd7454df1ace7b470e8c26c3b33a4737239b883ada070c43334e3b	impl	none	unreviewed	-	outside the D5 review scope, or a direct caller not enumerated
impl/Cargo.toml	73251ac5d2b38eee6e0ff4c4870ac4c91de57d5f59ec09025effe638080989db	impl	none	unreviewed	-	outside the D5 review scope, or a direct caller not enumerated
impl/README.md	3d7db0ba0cdf37c1a4c8e29e465a8f4bd8914d8986d58e07562ccd17342820fc	impl	none	unreviewed	-	outside the D5 review scope, or a direct caller not enumerated
impl/crates/lcl-capabilities/Cargo.toml	d25af998f9c13534fbf267087da8f7fbf2ebc1c27816ab7863f77e31fa1f91f5	impl/crates/lcl-capabilities	none	unreviewed	-	outside the D5 review scope, or a direct caller not enumerated
impl/crates/lcl-capabilities/src/address.rs	ebc888ce2700560884fe0cba07c94fa640ed09d4a6e9ae0d410246ecca5dde75	impl/crates/lcl-capabilities	none	unreviewed	-	outside the D5 review scope, or a direct caller not enumerated
impl/crates/lcl-capabilities/src/bounds.rs	2269e759353ea8514c2dc776a7b197eabb678d247715544a7baf2be5b897d7c7	impl/crates/lcl-capabilities	none	unreviewed	-	outside the D5 review scope, or a direct caller not enumerated
impl/crates/lcl-capabilities/src/fs.rs	fe2d345b0ada2265925939c544373e438f85b359c3124a3d1f6d2df0820fcdd5	impl/crates/lcl-capabilities	changed (LCL-CLOSE-01 commit aebb2f7)	changed-LCL-CLOSE-01	-	reviewed in LCL-CLOSE-01 (reports/tasks/LCL-CLOSE-01_RESULT.md); not re-reviewed in LCL-CLOSE-02
impl/crates/lcl-capabilities/src/grant.rs	e3b7294d016f153314466e17ee7583c5f00e7849b03ae878cf704332ccef32b0	impl/crates/lcl-capabilities	none	unreviewed	-	outside the D5 review scope, or a direct caller not enumerated
impl/crates/lcl-capabilities/src/lib.rs	99ff91a1bd254977861607d2f06c19f662abdcfcd3a065ec9a896f4e1621dae1	impl/crates/lcl-capabilities	none	unreviewed	-	outside the D5 review scope, or a direct caller not enumerated
impl/crates/lcl-capabilities/src/net.rs	03a247f5a57a35bebfed477b0611fca56eef8e5be852faccdd50981bae4eaef6	impl/crates/lcl-capabilities	changed (LCL-CLOSE-01 commit aebb2f7)	changed-LCL-CLOSE-01	-	reviewed in LCL-CLOSE-01 (reports/tasks/LCL-CLOSE-01_RESULT.md); not re-reviewed in LCL-CLOSE-02
impl/crates/lcl-capabilities/src/process.rs	504caaa5c5cdec9f0af7f7e41b2cf7ce32130ecc76cb8ff491ae66749b00db35	impl/crates/lcl-capabilities	none	unreviewed	-	outside the D5 review scope, or a direct caller not enumerated
impl/crates/lcl-capabilities/src/process/linux.rs	8d1254b64f4f04258514427729bd76ff325f465de2bb5d7764edd64751c5f76c	impl/crates/lcl-capabilities	none	unreviewed	-	outside the D5 review scope, or a direct caller not enumerated
impl/crates/lcl-capabilities/src/profile.rs	0fdbe5eba564eb3235042d7749cf0f33693745a1dc88760cb5eff966acc703a6	impl/crates/lcl-capabilities	none	unreviewed	-	outside the D5 review scope, or a direct caller not enumerated
impl/crates/lcl-capabilities/tests/address_classes.rs	de45154d829d0d4ea6cb5b936d3a99aa6030d9eec2971910c3b258dc0abfb043	impl/crates/lcl-capabilities	none	unreviewed	-	outside the D5 review scope, or a direct caller not enumerated
impl/crates/lcl-capabilities/tests/common/mod.rs	3d39e506269a06b4bd536d7c1f9bcc2a774d672b27a4e34a2029f8fb7c46e57c	impl/crates/lcl-capabilities	none	unreviewed	-	outside the D5 review scope, or a direct caller not enumerated
impl/crates/lcl-capabilities/tests/grants.rs	0eac912754e1666e46b4f09ef38d8e4a22d287555dcb741b7e4d8ccf1c49cb16	impl/crates/lcl-capabilities	none	unreviewed	-	outside the D5 review scope, or a direct caller not enumerated
impl/crates/lcl-capabilities/tests/profiles.rs	784743d70679201ddc0213085f38d60136decc92972c4f3b52cc2cadd6f55b75	impl/crates/lcl-capabilities	none	unreviewed	-	outside the D5 review scope, or a direct caller not enumerated
impl/crates/lcl-capabilities/tests/real_filesystem.rs	a1c3de1054144e5f520840454b188fbbd268d783256dd912243b93fcbbfc1952	impl/crates/lcl-capabilities	changed (LCL-CLOSE-01 commit aebb2f7)	changed-LCL-CLOSE-01	-	reviewed in LCL-CLOSE-01 (reports/tasks/LCL-CLOSE-01_RESULT.md); not re-reviewed in LCL-CLOSE-02
impl/crates/lcl-capabilities/tests/real_process.rs	3302f21bda96e168f3ffa026bd891f0326fc64fa0740fd23e823368ddde3c563	impl/crates/lcl-capabilities	none	unreviewed	-	outside the D5 review scope, or a direct caller not enumerated
impl/crates/lcl-capabilities/tests/transport.rs	b960a56f168bb3365542cc9ae18adb1a22cc21a7609a00927688095ae87d7513	impl/crates/lcl-capabilities	changed (LCL-CLOSE-01 commit aebb2f7)	changed-LCL-CLOSE-01	-	reviewed in LCL-CLOSE-01 (reports/tasks/LCL-CLOSE-01_RESULT.md); not re-reviewed in LCL-CLOSE-02
impl/crates/lcl-checker/Cargo.toml	c13cd3f1a592586f4561467cc4faf7d570ea20aa6034d3e3fa08f3b4ecb4832a	impl/crates/lcl-checker	none	unreviewed	-	outside the D5 review scope, or a direct caller not enumerated
impl/crates/lcl-checker/examples/m4_report.rs	20182a98530c51591dd184c823d22bacdff25c01796f1adcfaa4c2335abef3b8	impl/crates/lcl-checker	none	unreviewed	-	outside the D5 review scope, or a direct caller not enumerated
impl/crates/lcl-checker/src/contracts.rs	249584096a50b9904391a3ddaed85a79fd7c55e1071c67e41b1e3a7af8cba0e1	impl/crates/lcl-checker	none	unreviewed	-	outside the D5 review scope, or a direct caller not enumerated
impl/crates/lcl-checker/src/declarations.rs	4bdecd72c3e8edb231be4f0fa5e518007112c62e8742ee73632dad606ea09eab	impl/crates/lcl-checker	none	partial-read	60-180; 640-690; 740-785; 1000-1140	read in part while diagnosing P4c; ranges are 1-based line numbers of the current file
impl/crates/lcl-checker/src/diagnostic.rs	6dc4c6919513e1249102fa0a5a7a1693304470abf13c7a823b4379dc80b8ebe8	impl/crates/lcl-checker	none	unreviewed	-	outside the D5 review scope, or a direct caller not enumerated
impl/crates/lcl-checker/src/expr.rs	0c42d6684eaffbf672825d9a1ecce1de7da5811420bee0ecf99ed3c63425a098	impl/crates/lcl-checker	formatting, then an A-T2-3 repair (worktree)	changed-LCL-CLOSE-02-authored	-	formatting verified by strip_compare; repair ranges authored red-first and gated
impl/crates/lcl-checker/src/lib.rs	93fe92fa4df82acade87212ffe424283944c68fef766ca995a7b0cdcc0225f0c	impl/crates/lcl-checker	none	partial-read	446-468	read in part while diagnosing P4c; ranges are 1-based line numbers of the current file
impl/crates/lcl-checker/src/numeric.rs	aa4bc4eca22592cd8dca0572e5aad8d0b942c03bf15c5c4b52e70c148a754f6f	impl/crates/lcl-checker	none	partial-read	355-370; 500-590	read in part while diagnosing P4c; ranges are 1-based line numbers of the current file
impl/crates/lcl-checker/src/operation.rs	72aa02ffd189e52524d00950793048c0f4b135dc24e2fbadb148c7e7adfec28d	impl/crates/lcl-checker	none	unreviewed	-	outside the D5 review scope, or a direct caller not enumerated
impl/crates/lcl-checker/src/pattern.rs	b94790fd3e33be11e429f07ba779b37f278c31536c0a7a8421ae9d26206bd5fb	impl/crates/lcl-checker	none	partial-read	185-205	read in part while diagnosing P4c; ranges are 1-based line numbers of the current file
impl/crates/lcl-checker/src/schema.rs	41c5597c01fdd426c259ce3fdabce014114c577968f8a6de1b3ec17872be1ca6	impl/crates/lcl-checker	none	partial-read	31-45	read in part while diagnosing P4c; ranges are 1-based line numbers of the current file
impl/crates/lcl-checker/src/ty.rs	ee560b4dcf9d829ce1a270e96389dc26a389fb985edfa59d00d9da4749c0b3d5	impl/crates/lcl-checker	none	unreviewed	-	outside the D5 review scope, or a direct caller not enumerated
impl/crates/lcl-checker/src/types.rs	a753f7011ba1acf65b635b83d3cf1ad22a58ae78ab7a971f2fde374fae202388	impl/crates/lcl-checker	none	unreviewed	-	outside the D5 review scope, or a direct caller not enumerated
impl/crates/lcl-checker/tests/common/mod.rs	e1fd6b7fd9c12c270a6b1abfd7d992a50ab9ac68ec2da4702d41155c167270f7	impl/crates/lcl-checker	none	unreviewed	-	outside the D5 review scope, or a direct caller not enumerated
impl/crates/lcl-checker/tests/constructors_and_operations.rs	db93ef1888022745ff4997e7af6d0941eecdcc9747b1e6bc784bf0ef57afc529	impl/crates/lcl-checker	changed (worktree)	changed-LCL-CLOSE-02-authored	-	changed ranges authored under reproduce-before-repair and gated; the rest of the file was not re-reviewed unless ranges are listed
impl/crates/lcl-checker/tests/contracts_authority.rs	2e7fb65f9d89c9f8e98eaf8dae22d8f6fa14fe679a611128326cb7a2b31e1905	impl/crates/lcl-checker	none	unreviewed	-	outside the D5 review scope, or a direct caller not enumerated
impl/crates/lcl-checker/tests/expressions.rs	b27260b4ce3233ee706b4b1907f0536cac2401bd187b795038b34471f73f771c	impl/crates/lcl-checker	none	unreviewed	-	outside the D5 review scope, or a direct caller not enumerated
impl/crates/lcl-checker/tests/identifier_coverage.rs	eb29906e501187403653d4ce4337d18a2fa0497d98fcfcecab440f9b3a8ba001	impl/crates/lcl-checker	none	unreviewed	-	outside the D5 review scope, or a direct caller not enumerated
impl/crates/lcl-checker/tests/references_and_special_values.rs	1fc6e33e25fb12cd0fd3e8c0cd400a8c0552a40fbf3231acfbfa7096b6b4ce09	impl/crates/lcl-checker	none	unreviewed	-	outside the D5 review scope, or a direct caller not enumerated
impl/crates/lcl-checker/tests/robustness.rs	d8fedbe90b7ab58592fe591231fb9d328220fa08da19ece5b61633fbde343a09	impl/crates/lcl-checker	none	unreviewed	-	outside the D5 review scope, or a direct caller not enumerated
impl/crates/lcl-checker/tests/static_matrix.rs	04ee4144fbd35d08c3ecb2ee10f2b81222772335b9edd0b3c88780269bb4655a	impl/crates/lcl-checker	none	unreviewed	-	outside the D5 review scope, or a direct caller not enumerated
impl/crates/lcl-checker/tests/types_and_schemas.rs	0deaf980a8b51dcff8ca793f6529c27dc2aceac8830ae836818f0de3e50eaa67	impl/crates/lcl-checker	none	unreviewed	-	outside the D5 review scope, or a direct caller not enumerated
impl/crates/lcl-cli/Cargo.toml	7bb0d1e4ef4934b50c8fbc8f98276efdbc2701cd5714069d84a1222f745e1c9a	impl/crates/lcl-cli	none	unreviewed	-	outside the D5 review scope, or a direct caller not enumerated
impl/crates/lcl-cli/src/args.rs	5567de91a325424ffdf5209e06ff919b4308bdc21a3157cf48994e83608dc8b7	impl/crates/lcl-cli	none	unreviewed	-	outside the D5 review scope, or a direct caller not enumerated
impl/crates/lcl-cli/src/exit.rs	0878ee74189943a57d4010272d491409b71a5dc8fe1f02eb87a74ea123a85651	impl/crates/lcl-cli	none	unreviewed	-	outside the D5 review scope, or a direct caller not enumerated
impl/crates/lcl-cli/src/main.rs	0ef3fedef9a69bdf75db490b398306810b71bdd3d12c598c0818865b0ff78e9c	impl/crates/lcl-cli	none	unreviewed	-	outside the D5 review scope, or a direct caller not enumerated
impl/crates/lcl-cli/src/render.rs	1fd035db024d79f795cb4bde9ae04bb05b3a0819aedf5017acd8bf008271b6a7	impl/crates/lcl-cli	none	unreviewed	-	outside the D5 review scope, or a direct caller not enumerated
impl/crates/lcl-cli/src/syntax.rs	48589f8bd78cd94396ed14e3ad635e6152f2ff0311e78b61676efe4aa2c9ae59	impl/crates/lcl-cli	none	unreviewed	-	outside the D5 review scope, or a direct caller not enumerated
impl/crates/lcl-cli/tests/clean_environment.rs	b9ad255adcfcb55e8aa23515ae3f5630e0818bdec508b33d2df76f281f9e6dc5	impl/crates/lcl-cli	none	unreviewed	-	outside the D5 review scope, or a direct caller not enumerated
impl/crates/lcl-cli/tests/commands_and_exit_codes.rs	0da3d8a436a412abce344d662bd1dfe81deaea45cb01c2500029d58b8351a8ed	impl/crates/lcl-cli	none	unreviewed	-	outside the D5 review scope, or a direct caller not enumerated
impl/crates/lcl-cli/tests/common/mod.rs	045113970c6e625201aa6ef27d9ac8cfcbad70b56f05e9ce454e0a0d34c25db1	impl/crates/lcl-cli	none	unreviewed	-	outside the D5 review scope, or a direct caller not enumerated
impl/crates/lcl-cli/tests/lcl_integration.rs	75f49e6e823a21f7ec84e33947d956b06027d7c72d5239a20d4eb7ba1c51715a	impl/crates/lcl-cli	none	unreviewed	-	outside the D5 review scope, or a direct caller not enumerated
impl/crates/lcl-cli/tests/machine_output.rs	5ef529c77d8fd900ad31ad6bb10ea4fa893b3d68193aa19ab29ab9f0cec13126	impl/crates/lcl-cli	none	unreviewed	-	outside the D5 review scope, or a direct caller not enumerated
impl/crates/lcl-cli/tests/projects_and_capabilities.rs	ec082a8d8fd35e0e702d1ac9a833d50a3257c8116837473d40200eb7e49e6344	impl/crates/lcl-cli	none	unreviewed	-	outside the D5 review scope, or a direct caller not enumerated
impl/crates/lcl-completion/Cargo.toml	0038266b150fdcb76dc781512c3c93e5e38a52c325188b91f5c974cb89dd0228	impl/crates/lcl-completion	none	unreviewed	-	outside the D5 review scope, or a direct caller not enumerated
impl/crates/lcl-completion/examples/m8_report.rs	8f74c98d57d94444a56c8e702b7aabafe55d08cd8ea2e99fb98f6a09c5489986	impl/crates/lcl-completion	none	unreviewed	-	outside the D5 review scope, or a direct caller not enumerated
impl/crates/lcl-completion/src/check.rs	7537ea49bcbdc911da4144b3175d2219d9588997745fc0f7581d5115fa418bc8	impl/crates/lcl-completion	none	partial-read	640-800	read in part while diagnosing P4c; ranges are 1-based line numbers of the current file
impl/crates/lcl-completion/src/complete.rs	ee4658248f9f9214a537f28c441cb09c245244b0457b789c4525c8fde39fa31a	impl/crates/lcl-completion	none	unreviewed	-	outside the D5 review scope, or a direct caller not enumerated
impl/crates/lcl-completion/src/contracts.rs	86cf86b7b05be8a1ef77f072a57ed0931a7a4d28f3d97fe9fbd8d2c50a1a2bc5	impl/crates/lcl-completion	none	partial-read	260-300	read in part while diagnosing P4c; ranges are 1-based line numbers of the current file
impl/crates/lcl-completion/src/diagnostic.rs	a4fc0df1bb5d284142f6a75280015d8477a7e681c38cd80cf10df700e190bd0e	impl/crates/lcl-completion	none	partial-read	67-139	read in part while diagnosing P4c; ranges are 1-based line numbers of the current file
impl/crates/lcl-completion/src/engine.rs	695946afcf4c61ebe43efe77245b046d0f6e43f1de247cb302a7eb110463a318	impl/crates/lcl-completion	none	partial-read	48-62; 136-166	read in part while diagnosing P4c; ranges are 1-based line numbers of the current file
impl/crates/lcl-completion/src/evidence.rs	7717a6b1da726adffe2740558ec58ad89706074eb9402271a4c8fbc1f1434b0e	impl/crates/lcl-completion	none	unreviewed	-	outside the D5 review scope, or a direct caller not enumerated
impl/crates/lcl-completion/src/lib.rs	811f5e14acc9f5eb3434f6360e32ad8f7b8bb7373c480d5407d5620c0ae0fcf6	impl/crates/lcl-completion	none	unreviewed	-	outside the D5 review scope, or a direct caller not enumerated
impl/crates/lcl-completion/src/observe.rs	9944788d0adbc13c2a707ab978e953ab072402f6bc8ee98d8fdbfde413a1a6cd	impl/crates/lcl-completion	none	unreviewed	-	outside the D5 review scope, or a direct caller not enumerated
impl/crates/lcl-completion/src/outputs.rs	246e94968eabd9d73ecfdf673c7c621e7d50e24a72059f26b84589dd0e192d03	impl/crates/lcl-completion	none	unreviewed	-	outside the D5 review scope, or a direct caller not enumerated
impl/crates/lcl-completion/src/success.rs	7f6dab5951c25b4860c9ca7fe9cd71d3277f5f4418d642bf1d0b17db92e24da5	impl/crates/lcl-completion	none	unreviewed	-	outside the D5 review scope, or a direct caller not enumerated
impl/crates/lcl-completion/src/syntax.rs	ac53a344abc07debeee3ec1a9309d1e9383e610ee6fb63e2af3470b1cb9661b5	impl/crates/lcl-completion	none	unreviewed	-	outside the D5 review scope, or a direct caller not enumerated
impl/crates/lcl-completion/src/terminal.rs	433a509a04039fe6207256231818a9637670080896f7f3e01c072059ef6dd808	impl/crates/lcl-completion	none	unreviewed	-	outside the D5 review scope, or a direct caller not enumerated
impl/crates/lcl-completion/src/test_root.rs	ad16f5ddcec17a6947a8141d6e969838d05187d5b8737d7cd01ea8b40e603fc0	impl/crates/lcl-completion	none	unreviewed	-	outside the D5 review scope, or a direct caller not enumerated
impl/crates/lcl-completion/tests/common/mod.rs	58067269b0548f034e92a65b6140db7dc131946a5a41e785c012a27ddf1d92f8	impl/crates/lcl-completion	none	unreviewed	-	outside the D5 review scope, or a direct caller not enumerated
impl/crates/lcl-completion/tests/completion_matrix.rs	d0d448655298faad0d4be7f7ca939ac57b8128cb1b73c88cf40ef9388031a76e	impl/crates/lcl-completion	none	unreviewed	-	outside the D5 review scope, or a direct caller not enumerated
impl/crates/lcl-completion/tests/contracts_authority.rs	97ec4b264347c83645d9dc7ca35e8dfc05da9a547845eb99830252fd69aca07d	impl/crates/lcl-completion	none	unreviewed	-	outside the D5 review scope, or a direct caller not enumerated
impl/crates/lcl-completion/tests/observation.rs	9848182ecd29fbce5efbc245dcb3257cd4db707912c6c75f61d9be63480be40c	impl/crates/lcl-completion	none	unreviewed	-	outside the D5 review scope, or a direct caller not enumerated
impl/crates/lcl-completion/tests/robustness.rs	366cf74f735a1cbc47deaea747afd900730ed33a4f94c2209a4a14f3f1c7799b	impl/crates/lcl-completion	none	unreviewed	-	outside the D5 review scope, or a direct caller not enumerated
impl/crates/lcl-completion/tests/success_and_failure.rs	6b5c0eb64b44cc16c33371fe9ba3cdad466129e3c1c965fdb132e80321f67f20	impl/crates/lcl-completion	none	unreviewed	-	outside the D5 review scope, or a direct caller not enumerated
impl/crates/lcl-completion/tests/terminal_and_outputs.rs	a84ad2050360eacb670778876c934c77df2e6bd5a0c766e5884fc4c54d4e046e	impl/crates/lcl-completion	none	unreviewed	-	outside the D5 review scope, or a direct caller not enumerated
impl/crates/lcl-completion/tests/verify_and_test.rs	df680639874bf8f07aa3aa444571c85b561001c528589fc447dcb902eba8eaa9	impl/crates/lcl-completion	none	unreviewed	-	outside the D5 review scope, or a direct caller not enumerated
impl/crates/lcl-conformance/Cargo.toml	67a19e0efb027a46e04cfb78d69b51bb8bca8b478af8fa19104250c371064ee0	impl/crates/lcl-conformance	none	conformance-crate-unchanged	-	in the D5 scope; unchanged and not re-reviewed
impl/crates/lcl-conformance/examples/m0_report.rs	581728e5937a390896b9ce424f5264bff509f6710f668b48cfad4085b1cca886	impl/crates/lcl-conformance	none	conformance-crate-unchanged	-	in the D5 scope; unchanged and not re-reviewed
impl/crates/lcl-conformance/examples/m8_conformance_report.rs	b5f2652acc01e1d4fdbe7e10227130470aa395b09342c98f4b5282747b3462c5	impl/crates/lcl-conformance	changed (worktree)	changed-LCL-CLOSE-02-authored	-	changed ranges authored under reproduce-before-repair and gated; the rest of the file was not re-reviewed unless ranges are listed
impl/crates/lcl-conformance/src/fixtures.rs	08179692045fd51db352b2c7eb5ebaa1467bfc8965af521fce220b767cb04a55	impl/crates/lcl-conformance	changed (worktree)	changed-LCL-CLOSE-02-authored	-	changed ranges authored under reproduce-before-repair and gated; the rest of the file was not re-reviewed unless ranges are listed
impl/crates/lcl-conformance/src/lib.rs	2625f026b0869a181760279b140e98cda1308c7377bddee71e45368ce4043966	impl/crates/lcl-conformance	changed (worktree)	changed-LCL-CLOSE-02-authored	-	changed ranges authored under reproduce-before-repair and gated; the rest of the file was not re-reviewed unless ranges are listed
impl/crates/lcl-conformance/src/obligations.rs	11077e2d79513d183e34731a44cd65963c60d75930cbbecf58d104c142508d15	impl/crates/lcl-conformance	changed (worktree)	changed-LCL-CLOSE-02-authored	-	changed ranges authored under reproduce-before-repair and gated; the rest of the file was not re-reviewed unless ranges are listed
impl/crates/lcl-conformance/src/obligations_v0.1.0.json	17fb6df8dbe055ae12be61e341fd3ca6ac637ee94f4ba218b9cc55a18164fbed	impl/crates/lcl-conformance	deleted (LCL-CLOSE-02 P4b, r1 mapping)	changed-LCL-CLOSE-02-authored	-	byte-identical to HEAD and its pinned digest before removal; sha256 is the HEAD blob
impl/crates/lcl-conformance/src/obligations_v0.1.0_r2.json	386c14994f032a57143ef731ea7ac55db3dfffde52b54f0d38e39e7b5e126b20	impl/crates/lcl-conformance	changed (worktree)	changed-LCL-CLOSE-02-authored	-	changed ranges authored under reproduce-before-repair and gated; the rest of the file was not re-reviewed unless ranges are listed
impl/crates/lcl-conformance/src/operation_cases.rs	8d1fb4a44c889ef99ea956a64793df7ac48d2803e7d529ca4b5cbb817704fa77	impl/crates/lcl-conformance	changed (worktree)	changed-LCL-CLOSE-02-authored	-	changed ranges authored under reproduce-before-repair and gated; the rest of the file was not re-reviewed unless ranges are listed
impl/crates/lcl-conformance/src/production.rs	90f5c37015b9921f09e4f6fd17080d27829f2cc3d3a9c48c6750a337674576e6	impl/crates/lcl-conformance	changed (worktree)	changed-LCL-CLOSE-02-authored	-	changed ranges authored under reproduce-before-repair and gated; the rest of the file was not re-reviewed unless ranges are listed
impl/crates/lcl-conformance/src/report.rs	93af4cf8eaeae9c35e9d0186c1f3b3fc132327a45a8f505ff02b0e5db606cf33	impl/crates/lcl-conformance	changed (worktree)	changed-LCL-CLOSE-02-authored	-	changed ranges authored under reproduce-before-repair and gated; the rest of the file was not re-reviewed unless ranges are listed
impl/crates/lcl-conformance/src/result_cases.rs	d913713e8833d7a677db9d9232d20693d62242df898ba9e7c826d8477949f8ce	impl/crates/lcl-conformance	changed (worktree)	changed-LCL-CLOSE-02-authored	-	changed ranges authored under reproduce-before-repair and gated; the rest of the file was not re-reviewed unless ranges are listed
impl/crates/lcl-conformance/src/runner.rs	8a2c49123a184452f7c04651722ad2deb8738199a9d01b04a7573f1ccf5a9497	impl/crates/lcl-conformance	changed (worktree)	changed-LCL-CLOSE-02-authored	-	changed ranges authored under reproduce-before-repair and gated; the rest of the file was not re-reviewed unless ranges are listed
impl/crates/lcl-conformance/src/semantic_cases.rs	76bfd2a25c091e62d0c3ff71e5ecf8b1a696fb48f718504e68279413872dcfda	impl/crates/lcl-conformance	changed (worktree)	changed-LCL-CLOSE-02-authored	-	changed ranges authored under reproduce-before-repair and gated; the rest of the file was not re-reviewed unless ranges are listed
impl/crates/lcl-conformance/src/source_cases.rs	b64a9039dc94eb79623b0c626b63744b12a5a5a69dbb2413e6d263ad852d9972	impl/crates/lcl-conformance	changed (worktree)	changed-LCL-CLOSE-02-authored	-	changed ranges authored under reproduce-before-repair and gated; the rest of the file was not re-reviewed unless ranges are listed
impl/crates/lcl-conformance/src/witness_cases.rs	ffeec738a6ffd1a3e304029ba9f10ac870ee588dacedcfdda461b72e7c5210c6	impl/crates/lcl-conformance	changed (worktree)	changed-LCL-CLOSE-02-authored	200-210; 1225-1275	changed ranges authored under reproduce-before-repair and gated; the rest of the file was not re-reviewed unless ranges are listed
impl/crates/lcl-conformance/tests/common/mod.rs	364382d55520e4d6f836a47eb278523c0a4e81ea3e53b4daca3a6afd4f5839a7	impl/crates/lcl-conformance	changed (worktree)	changed-LCL-CLOSE-02-authored	-	changed ranges authored under reproduce-before-repair and gated; the rest of the file was not re-reviewed unless ranges are listed
impl/crates/lcl-conformance/tests/decision_witnesses.rs	125749db5b45ce78b18527d552f004b96150eacc661d7e4f9507b9576a37466e	impl/crates/lcl-conformance	changed (worktree)	changed-LCL-CLOSE-02-authored	-	changed ranges authored under reproduce-before-repair and gated; the rest of the file was not re-reviewed unless ranges are listed
impl/crates/lcl-conformance/tests/descriptive_index.rs	5de365aa99380ce7b08f5071b7b950d48d61e0c3c900d10f6b53977fb18de8c4	impl/crates/lcl-conformance	none	conformance-crate-unchanged	-	in the D5 scope; unchanged and not re-reviewed
impl/crates/lcl-conformance/tests/operation_cases.rs	848b9c7dfde2dcb57e4b1d865fbe9a7e4df940f1378cda8f766701c6c727bf0b	impl/crates/lcl-conformance	changed (worktree)	changed-LCL-CLOSE-02-authored	-	changed ranges authored under reproduce-before-repair and gated; the rest of the file was not re-reviewed unless ranges are listed
impl/crates/lcl-conformance/tests/production_report.rs	f362cb4aa14e2801279f89876669d95d4a474db96883daff92f1dd7a4a1ece27	impl/crates/lcl-conformance	changed (worktree)	changed-LCL-CLOSE-02-authored	-	changed ranges authored under reproduce-before-repair and gated; the rest of the file was not re-reviewed unless ranges are listed
impl/crates/lcl-conformance/tests/result_cases.rs	70449f7a71027d95a8e74023e0975cc76b2bf8570e5c4f38f82a75654da3051c	impl/crates/lcl-conformance	changed (worktree)	changed-LCL-CLOSE-02-authored	-	changed ranges authored under reproduce-before-repair and gated; the rest of the file was not re-reviewed unless ranges are listed
impl/crates/lcl-conformance/tests/runner_seam.rs	6f1b3c413bbb3ee254cd20ce8f23f053803ad67698f5675b3d31c884a2b1dd57	impl/crates/lcl-conformance	changed (worktree)	changed-LCL-CLOSE-02-authored	1-30; 128-160; 170-228; 269-310	changed ranges authored under reproduce-before-repair and gated; the rest of the file was not re-reviewed unless ranges are listed
impl/crates/lcl-conformance/tests/semantic_cases.rs	59b8e31af4d0eb58f9676372bf2e339c2727947de0b137717ac53ce65108f6f1	impl/crates/lcl-conformance	changed (worktree)	changed-LCL-CLOSE-02-authored	-	changed ranges authored under reproduce-before-repair and gated; the rest of the file was not re-reviewed unless ranges are listed
impl/crates/lcl-conformance/tests/witness_cases/mod.rs	1e65cc63be16b645993aab62c86a065282a9d238cf0766746ee847c8b2b69958	impl/crates/lcl-conformance	changed (worktree)	changed-LCL-CLOSE-02-authored	-	changed ranges authored under reproduce-before-repair and gated; the rest of the file was not re-reviewed unless ranges are listed
impl/crates/lcl-diagnostics/Cargo.toml	d64eddf3eb731fc2ffc5fc10fbc9c8383787e881dfdf509f8fb52df9298abfc3	impl/crates/lcl-diagnostics	none	unreviewed	-	outside the D5 review scope, or a direct caller not enumerated
impl/crates/lcl-diagnostics/src/lib.rs	164f4cf754fa951421b94a23b6652b36db4b945f26aee4960870b519c505f71d	impl/crates/lcl-diagnostics	none	partial-read	38-80	read in part while diagnosing P4c; ranges are 1-based line numbers of the current file
impl/crates/lcl-diagnostics/tests/registered_model.rs	ba4151c8908fae37b17d33edf30566103bf7ce77a8088ff38b4a54f8561372d0	impl/crates/lcl-diagnostics	none	unreviewed	-	outside the D5 review scope, or a direct caller not enumerated
impl/crates/lcl-hardening/Cargo.toml	98678b2857807c07aa504e531a4604cf3502d7f67387a394dec036c6760a4972	impl/crates/lcl-hardening	none	unreviewed	-	outside the D5 review scope, or a direct caller not enumerated
impl/crates/lcl-hardening/src/corpus.rs	030ac7b6cc24daa9c9f4141187690fb1ab6b419477b05ed49a5beef01232f29d	impl/crates/lcl-hardening	none	unreviewed	-	outside the D5 review scope, or a direct caller not enumerated
impl/crates/lcl-hardening/src/invariant.rs	2c271884515d738f4ee0292f96b083fd6e04b4789f690c8e6f4c3e7de409aa6f	impl/crates/lcl-hardening	none	unreviewed	-	outside the D5 review scope, or a direct caller not enumerated
impl/crates/lcl-hardening/src/lib.rs	cae85c1aed42c3754efd1f9156b34fe83ada932d15c56ed3ea4febb67699684a	impl/crates/lcl-hardening	none	unreviewed	-	outside the D5 review scope, or a direct caller not enumerated
impl/crates/lcl-hardening/src/rng.rs	9367e0205a88dd01db881489838454dfc2d99c4531ee640dc4964ecd43cbfbaf	impl/crates/lcl-hardening	none	unreviewed	-	outside the D5 review scope, or a direct caller not enumerated
impl/crates/lcl-hardening/tests/adversarial_inputs.rs	9d7e13a875e2ba82873bc5d66dd3a9dc4809f9b318233803385b492afa19ef77	impl/crates/lcl-hardening	none	unreviewed	-	outside the D5 review scope, or a direct caller not enumerated
impl/crates/lcl-hardening/tests/applications.rs	5debc4a5181c3888921db5ff7af420d7408d39bc152d3e904f2100d64d07e621	impl/crates/lcl-hardening	none	unreviewed	-	outside the D5 review scope, or a direct caller not enumerated
impl/crates/lcl-hardening/tests/fuzz_stages.rs	5465609a4d64108b7046cf8d5f97d1890488dda588b3517b95c32a0f474b86e2	impl/crates/lcl-hardening	none	unreviewed	-	outside the D5 review scope, or a direct caller not enumerated
impl/crates/lcl-hardening/tests/installed_launcher.rs	ef67ad2469c7590fed8fd000871711fba5b91bc6002a814d1821087976b696ac	impl/crates/lcl-hardening	none	unreviewed	-	outside the D5 review scope, or a direct caller not enumerated
impl/crates/lcl-hardening/tests/packaging_smoke.rs	44aa4e6871b8350f140f4888af561b43c9e115234d756e25fdd2c4b833818e44	impl/crates/lcl-hardening	none	unreviewed	-	outside the D5 review scope, or a direct caller not enumerated
impl/crates/lcl-hardening/tests/performance.rs	f06feceda326e11cbbfe1a6bc79e5d1137e0b0ff9bf226bc4766450d8e177ae8	impl/crates/lcl-hardening	none	unreviewed	-	outside the D5 review scope, or a direct caller not enumerated
impl/crates/lcl-hardening/tests/protocol_and_tooling.rs	1294c7c90771e748c8973c7596aa584283c8d36042fe3612e898297b55e83dc5	impl/crates/lcl-hardening	none	unreviewed	-	outside the D5 review scope, or a direct caller not enumerated
impl/crates/lcl-hardening/tests/repeatability.rs	4f98bf6207996222b9b401654d723f8116287511eff10d056e86dd69108d670d	impl/crates/lcl-hardening	none	unreviewed	-	outside the D5 review scope, or a direct caller not enumerated
impl/crates/lcl-hardening/tests/security_matrix.rs	0ee88386249694a4bd338cc597f148d3d57a2e32073e0dc243dedb5696afabdb	impl/crates/lcl-hardening	none	unreviewed	-	outside the D5 review scope, or a direct caller not enumerated
impl/crates/lcl-lexer/Cargo.toml	35114aef56535f777c3e654cbd63daf806e64459742f30aefb64099c6f817294	impl/crates/lcl-lexer	none	unreviewed	-	outside the D5 review scope, or a direct caller not enumerated
impl/crates/lcl-lexer/examples/m1_report.rs	d54474d4c244084645b056396d6c333f0f1609d2564abb633992f576e4d109bc	impl/crates/lcl-lexer	none	unreviewed	-	outside the D5 review scope, or a direct caller not enumerated
impl/crates/lcl-lexer/src/diagnostic.rs	ca211e1f71ce49d89ef44a2f3e1dd32abb2fa17791f6ce7d1220f7549592aa5d	impl/crates/lcl-lexer	none	unreviewed	-	outside the D5 review scope, or a direct caller not enumerated
impl/crates/lcl-lexer/src/lexicon.rs	af22132947c144b1af3cc3cd00ebbb2a862c1020d1715ac7c8bb056317a847b0	impl/crates/lcl-lexer	none	unreviewed	-	outside the D5 review scope, or a direct caller not enumerated
impl/crates/lcl-lexer/src/lib.rs	d33c99a1a057c722c35495b273edb4e62e3c1885f417b466d709316121dec734	impl/crates/lcl-lexer	none	unreviewed	-	outside the D5 review scope, or a direct caller not enumerated
impl/crates/lcl-lexer/src/literal.rs	aad525a274d11716e06549c428c7574822f2f723c56b3fdc4c5435eb061dd682	impl/crates/lcl-lexer	none	unreviewed	-	outside the D5 review scope, or a direct caller not enumerated
impl/crates/lcl-lexer/src/scan.rs	0d8564c276a4dc14f68a789d0f959d8baa5b181173b6da1429b0e429e27b9f74	impl/crates/lcl-lexer	none	unreviewed	-	outside the D5 review scope, or a direct caller not enumerated
impl/crates/lcl-lexer/src/span.rs	b1bda389719f6fe3bfe6dc088dc848cd1e2e0ee4613b578f00edd334e750a571	impl/crates/lcl-lexer	none	partial-read	23-26	read in part while diagnosing P4c; ranges are 1-based line numbers of the current file
impl/crates/lcl-lexer/src/token.rs	2d98b884d357a3ba6a8bdbf737ef1eb1f9356941c01ad3572079cf2dbe64a644	impl/crates/lcl-lexer	none	unreviewed	-	outside the D5 review scope, or a direct caller not enumerated
impl/crates/lcl-lexer/tests/canonical_examples.rs	00afb700380391186b6b0b59aaff629e23b9f8fab8140cdb5247b5c92a199ab5	impl/crates/lcl-lexer	none	unreviewed	-	outside the D5 review scope, or a direct caller not enumerated
impl/crates/lcl-lexer/tests/common/mod.rs	680dddc6b5e1b5b545de2978d131ed24fd204057680d6ca6e3bb53b092fe78a1	impl/crates/lcl-lexer	none	unreviewed	-	outside the D5 review scope, or a direct caller not enumerated
impl/crates/lcl-lexer/tests/constructor_literals.rs	41b9a871ad5b88e847a29e8233586e49b36a4fcd1b79321f629f7273b7683e65	impl/crates/lcl-lexer	none	unreviewed	-	outside the D5 review scope, or a direct caller not enumerated
impl/crates/lcl-lexer/tests/lexical_rules.rs	97dc33ea4ff631c12ced25727f527a6acce45aef94f9de6db24f89b9acc79bb9	impl/crates/lcl-lexer	none	unreviewed	-	outside the D5 review scope, or a direct caller not enumerated
impl/crates/lcl-lexer/tests/lexicon_authority.rs	91a63889e2c7e5a77a9cf4fc36ee3f30b10c40ec96b7ae2c45fe074b99da2094	impl/crates/lcl-lexer	none	unreviewed	-	outside the D5 review scope, or a direct caller not enumerated
impl/crates/lcl-lexer/tests/robustness.rs	9f8169700f5bd57e46f0f1e6aac649e00e575064ce8d7e3d0e573f60ad8a516c	impl/crates/lcl-lexer	none	unreviewed	-	outside the D5 review scope, or a direct caller not enumerated
impl/crates/lcl-lexer/tests/source_fixtures.rs	bdeda14604224557f408b5e19972b0ee60065a3256ba1abd98babc6464c984ee	impl/crates/lcl-lexer	none	unreviewed	-	outside the D5 review scope, or a direct caller not enumerated
impl/crates/lcl-parser/Cargo.toml	5a313165848ec38466c172091294e7546efc4c1ae0293358ff469b46dd0c7421	impl/crates/lcl-parser	none	unreviewed	-	outside the D5 review scope, or a direct caller not enumerated
impl/crates/lcl-parser/examples/m2_report.rs	0f189afca8a475dfac2b32387f5e053b0b5d6cdfd5a84e27352e58b245b3f2fa	impl/crates/lcl-parser	none	unreviewed	-	outside the D5 review scope, or a direct caller not enumerated
impl/crates/lcl-parser/src/block.rs	8f28cf4d1c2deaf3d1ac4d54465c7addcb52a0f82a652371dad441ca6e9b127f	impl/crates/lcl-parser	none	unreviewed	-	outside the D5 review scope, or a direct caller not enumerated
impl/crates/lcl-parser/src/conditional.rs	0168982c51c4b19b1ff2768aff75252756c6cc135dd833fa5bed5dce5a2742db	impl/crates/lcl-parser	none	unreviewed	-	outside the D5 review scope, or a direct caller not enumerated
impl/crates/lcl-parser/src/diagnostic.rs	07313c342e8bda29c3d0c810e6bece5ed23656d97fc30a1d9eefed31354b0f65	impl/crates/lcl-parser	none	unreviewed	-	outside the D5 review scope, or a direct caller not enumerated
impl/crates/lcl-parser/src/expr.rs	6cea92952159620c88af07e354b055b2dd454831aff4aaa8cc3bf890dcaab94c	impl/crates/lcl-parser	changed (worktree)	changed-LCL-CLOSE-02-authored	-	changed ranges authored under reproduce-before-repair and gated; the rest of the file was not re-reviewed unless ranges are listed
impl/crates/lcl-parser/src/grammar.rs	dbb8d3c27cef343d50ba47bb2de9981219bc3c3463f95dabcbd08c8e24640adb	impl/crates/lcl-parser	none	unreviewed	-	outside the D5 review scope, or a direct caller not enumerated
impl/crates/lcl-parser/src/lib.rs	6c7ea82c5258f872d40825e0f915faf9748f06f07efe57d31f77b2777612f7a1	impl/crates/lcl-parser	none	unreviewed	-	outside the D5 review scope, or a direct caller not enumerated
impl/crates/lcl-parser/src/parse.rs	ccfcea96f0754f9b77954334d96a35d8a45fffe06b3bb21cc28d3c16162428a6	impl/crates/lcl-parser	none	unreviewed	-	outside the D5 review scope, or a direct caller not enumerated
impl/crates/lcl-parser/src/schema.rs	5169397612f96baa77898f7be84bcd6ca2c4e58865ef03252eb1da3c447b0a62	impl/crates/lcl-parser	formatting only (worktree)	changed-LCL-CLOSE-02-formatting	-	strip_compare: identical apart from whitespace and rustfmt punctuation; gated
impl/crates/lcl-parser/src/syntax.rs	24baac4cd670495a779cab257fa4910c6cb0597763e7812cba4cbb65a28d6d2e	impl/crates/lcl-parser	none	partial-read	117-130; 149-260; 275-300; 370-392; 393-430; 497-520; 564-615	read in part while diagnosing P4c; ranges are 1-based line numbers of the current file
impl/crates/lcl-parser/tests/common/mod.rs	e33e12540729c354a83da9bee4f17d3a8f18e788ece2df6a3705a2cfecb25523	impl/crates/lcl-parser	none	unreviewed	-	outside the D5 review scope, or a direct caller not enumerated
impl/crates/lcl-parser/tests/control_forms.rs	cbc4b075cad29ae8295bce8eb9513ed5d53d409646a658b37a8928d6855fd9bd	impl/crates/lcl-parser	none	unreviewed	-	outside the D5 review scope, or a direct caller not enumerated
impl/crates/lcl-parser/tests/diagnostics.rs	f1effdac8492eae3ef5ca6441ecdd49b15486242c36a2537ad418e8208cf23ec	impl/crates/lcl-parser	none	unreviewed	-	outside the D5 review scope, or a direct caller not enumerated
impl/crates/lcl-parser/tests/document_structure.rs	09c6089a16e2c9dd354fade3707041ea928e8b05b221169d083d3ed4e0bf9d8c	impl/crates/lcl-parser	formatting only (worktree)	changed-LCL-CLOSE-02-formatting	-	strip_compare: identical apart from whitespace and rustfmt punctuation; gated
impl/crates/lcl-parser/tests/ebnf_authority.rs	ae002855b4743d775535a29feef0bbda2205cbbdfe6e1f58769df65a3e374fba	impl/crates/lcl-parser	none	unreviewed	-	outside the D5 review scope, or a direct caller not enumerated
impl/crates/lcl-parser/tests/expressions.rs	829df8d119e240b4f300edd7a2fdc36a892e8e8de87dacd9a60c3c250136d645	impl/crates/lcl-parser	none	unreviewed	-	outside the D5 review scope, or a direct caller not enumerated
impl/crates/lcl-parser/tests/grammar_authority.rs	9344be65cebef8329655c4419118e97e86a930d37966c1e02511c27d9baf7039	impl/crates/lcl-parser	none	unreviewed	-	outside the D5 review scope, or a direct caller not enumerated
impl/crates/lcl-parser/tests/parse_matrix.rs	a2ec482dae0edb4d89114e4da96e7bbfa8eaf8815fdc79670bc7055391a559eb	impl/crates/lcl-parser	none	unreviewed	-	outside the D5 review scope, or a direct caller not enumerated
impl/crates/lcl-parser/tests/robustness.rs	e900035d5e6701085d750a17671e543293b41edb8f99ec3e7a31bf558ae678e9	impl/crates/lcl-parser	none	unreviewed	-	outside the D5 review scope, or a direct caller not enumerated
impl/crates/lcl-project/Cargo.toml	21f34ffd3fcf6dc222a2bef74b52a577673d161fcef6e8383609d96490a77533	impl/crates/lcl-project	none	unreviewed	-	outside the D5 review scope, or a direct caller not enumerated
impl/crates/lcl-project/src/cache.rs	a23c70016bd7780db2b890bdbc3d279add69cc473144e3dff1d6f7a66d9a7eff	impl/crates/lcl-project	none	unreviewed	-	outside the D5 review scope, or a direct caller not enumerated
impl/crates/lcl-project/src/lib.rs	c6845a85f1afeb8220b5db2007e72f3791712419575c4889a5931ffc6593b594	impl/crates/lcl-project	none	unreviewed	-	outside the D5 review scope, or a direct caller not enumerated
impl/crates/lcl-project/src/lock.rs	fce5f663242577f4c177f3de8570d957f93ba6716598cc81b62e3f138456ec3d	impl/crates/lcl-project	none	unreviewed	-	outside the D5 review scope, or a direct caller not enumerated
impl/crates/lcl-project/src/manifest.rs	47a6b4d25c253d22a7379b8090584834e83aad3a3f6a678616490fdc7bf337b6	impl/crates/lcl-project	none	unreviewed	-	outside the D5 review scope, or a direct caller not enumerated
impl/crates/lcl-project/src/naming.rs	7630280feb7f9de322df4be06057fb0d2918c958568fbf6867f0d21430072df3	impl/crates/lcl-project	none	unreviewed	-	outside the D5 review scope, or a direct caller not enumerated
impl/crates/lcl-project/src/provider.rs	8128927d2c1d6a2767fccadcfc53d96887c2a5d8c6df2dbba0198eaac379a735	impl/crates/lcl-project	none	unreviewed	-	outside the D5 review scope, or a direct caller not enumerated
impl/crates/lcl-project/tests/common/mod.rs	0efe8409522867b978238192f4b7900993ddd58d4612472696e4c6eb62fe102a	impl/crates/lcl-project	none	unreviewed	-	outside the D5 review scope, or a direct caller not enumerated
impl/crates/lcl-project/tests/manifest_and_lock.rs	ac2169eb60a23443147762090057f0fb8c07c94da33102f57b21e078e21bad7e	impl/crates/lcl-project	none	unreviewed	-	outside the D5 review scope, or a direct caller not enumerated
impl/crates/lcl-project/tests/manifest_input_bounds.rs	9e97aa2ce26cc3b2d330f3b08cdda7e55721a874901ad17c2ecca15673670cec	impl/crates/lcl-project	changed (LCL-CLOSE-01 commit aebb2f7)	changed-LCL-CLOSE-01	-	reviewed in LCL-CLOSE-01 (reports/tasks/LCL-CLOSE-01_RESULT.md); not re-reviewed in LCL-CLOSE-02
impl/crates/lcl-project/tests/source_boundary.rs	c2ba85751e9323208baec9f67fdc7e39a7cd67704f1c3cac9667ee69e1ef47cb	impl/crates/lcl-project	none	unreviewed	-	outside the D5 review scope, or a direct caller not enumerated
impl/crates/lcl-protocol/Cargo.toml	59c9c05809da5e6fd793c9a1160113f6f4d1b982e5e8e59d77aba0c937924f07	impl/crates/lcl-protocol	none	unreviewed	-	outside the D5 review scope, or a direct caller not enumerated
impl/crates/lcl-protocol/src/engine.rs	d37021a49ea435f4f717a3dbe213e4239d03b2bbb13af898a6b4cf50619ab371	impl/crates/lcl-protocol	none	unreviewed	-	outside the D5 review scope, or a direct caller not enumerated
impl/crates/lcl-protocol/src/host.rs	c8b3ed24d3a3f52e1efa97ddc1960bc912506e215e20d43b7845356630b06438	impl/crates/lcl-protocol	changed (owner checkpoint 298d1e2)	changed-LCL-CLOSE-02-authored	-	changed ranges authored under reproduce-before-repair and gated; the rest of the file was not re-reviewed unless ranges are listed
impl/crates/lcl-protocol/src/inputs.rs	3c7a3d305a2d8941346cd170c7b198f895237e680fd8aaeaac81d2d009be0fe2	impl/crates/lcl-protocol	none	unreviewed	-	outside the D5 review scope, or a direct caller not enumerated
impl/crates/lcl-protocol/src/json.rs	c40814a3e85c694ac99f7c560d655ec8ea3080a1be40b288fd44847c4d0e00cc	impl/crates/lcl-protocol	none	unreviewed	-	outside the D5 review scope, or a direct caller not enumerated
impl/crates/lcl-protocol/src/lib.rs	9f04cf908f8096e115dcf530653f42242ad151fac24c66a87dedccd5e92a0da3	impl/crates/lcl-protocol	none	unreviewed	-	outside the D5 review scope, or a direct caller not enumerated
impl/crates/lcl-protocol/src/record.rs	3f7b68a9e6704ffdfa2b5f648e3df00ed1a0013cbb7556db3008e965ead62859	impl/crates/lcl-protocol	none	unreviewed	-	outside the D5 review scope, or a direct caller not enumerated
impl/crates/lcl-protocol/tests/common/mod.rs	3cea11c3c022ef06b9b112af107406750129ae5e24a5e4554bf90cbbf1786d6e	impl/crates/lcl-protocol	none	unreviewed	-	outside the D5 review scope, or a direct caller not enumerated
impl/crates/lcl-protocol/tests/engine_stages.rs	b8f72eb60b9f5b050e67d1753798753811e31cf38fcda367e68b23a594cba7cd	impl/crates/lcl-protocol	changed (LCL-CLOSE-01 commit aebb2f7)	changed-LCL-CLOSE-01	-	reviewed in LCL-CLOSE-01 (reports/tasks/LCL-CLOSE-01_RESULT.md); not re-reviewed in LCL-CLOSE-02
impl/crates/lcl-protocol/tests/json_writer.rs	a633d2aa6fe359cb328b27d02e2504dc38e3d2e215b1b19e9292337161fac9a6	impl/crates/lcl-protocol	none	unreviewed	-	outside the D5 review scope, or a direct caller not enumerated
impl/crates/lcl-protocol/tests/navigation.rs	78d33a1c20ad6c1753f76086c984c8e1e2702d247fc630ec845cd5237e987f44	impl/crates/lcl-protocol	none	unreviewed	-	outside the D5 review scope, or a direct caller not enumerated
impl/crates/lcl-protocol/tests/supplied_inputs.rs	6d61fd885c616bc3bf01e523a913caa37d9fc89050b27577d4c76d53f4b3f4d3	impl/crates/lcl-protocol	none	unreviewed	-	outside the D5 review scope, or a direct caller not enumerated
impl/crates/lcl-resolver/Cargo.toml	bf9390e954f35aaa516bdcc4d2786f58e3086d7b1243fcb990005e03d36c4bd0	impl/crates/lcl-resolver	none	unreviewed	-	outside the D5 review scope, or a direct caller not enumerated
impl/crates/lcl-resolver/examples/m3_report.rs	e45e34bbe1a3edab0f8749b5e551d24a895681c105b88a77fd2e9ed16d73210c	impl/crates/lcl-resolver	none	unreviewed	-	outside the D5 review scope, or a direct caller not enumerated
impl/crates/lcl-resolver/src/declarations.rs	2e4885029b6e37018fb31ef33d15768be808ffef998367f673640b1c7501564e	impl/crates/lcl-resolver	none	partial-read	366-400	read in part while diagnosing P4c; ranges are 1-based line numbers of the current file
impl/crates/lcl-resolver/src/diagnostic.rs	779c259fe8c26eb5274af808a0206967c3cd6e7604336c081da2b54a32e76ece	impl/crates/lcl-resolver	none	unreviewed	-	outside the D5 review scope, or a direct caller not enumerated
impl/crates/lcl-resolver/src/field.rs	fd9e8e40996ba117fa6b409a1ac04d314e1af08f27812c0043eb5335e1e4858f	impl/crates/lcl-resolver	none	unreviewed	-	outside the D5 review scope, or a direct caller not enumerated
impl/crates/lcl-resolver/src/graph.rs	e9e5ab81ad3f329253db358d4485a2efa9a52740b5b66037f1312270df99297d	impl/crates/lcl-resolver	formatting only (worktree)	changed-LCL-CLOSE-02-formatting	-	strip_compare: identical apart from whitespace and rustfmt punctuation; gated
impl/crates/lcl-resolver/src/imports.rs	ae522c0481a00352b0ef959f7e1de5b965053c9d82a7fc84298e72b44f45ed50	impl/crates/lcl-resolver	none	unreviewed	-	outside the D5 review scope, or a direct caller not enumerated
impl/crates/lcl-resolver/src/lib.rs	03502676ac3278b5d63a07a257620f19fe50ba0ca0230a4a04954a48c6b44626	impl/crates/lcl-resolver	none	unreviewed	-	outside the D5 review scope, or a direct caller not enumerated
impl/crates/lcl-resolver/src/references.rs	f4695457e937eeff565c3524b6d403989267e3e60566d0b7fab9270bc232000e	impl/crates/lcl-resolver	none	partial-read	236-300	read in part while diagnosing P4c; ranges are 1-based line numbers of the current file
impl/crates/lcl-resolver/src/rules.rs	4459dad3f7bbc2d25fc677cd2f19c1925c4d233544ec20c4de45765a4c4a5009	impl/crates/lcl-resolver	none	unreviewed	-	outside the D5 review scope, or a direct caller not enumerated
impl/crates/lcl-resolver/src/source.rs	bbdbdc77cac8072a45e600448ca93269206c84029dd2d6c710f6b2da70b14cfe	impl/crates/lcl-resolver	none	unreviewed	-	outside the D5 review scope, or a direct caller not enumerated
impl/crates/lcl-resolver/tests/common/mod.rs	bb513ed4fd6fb5c1f5964d9d480fe77f3c12e086ac313c1fe76d2ef7164f4964	impl/crates/lcl-resolver	none	unreviewed	-	outside the D5 review scope, or a direct caller not enumerated
impl/crates/lcl-resolver/tests/declarations.rs	713ee9e9052b9419bad06ea4bc53dc9cc24f0d3b1d3eaa8b1beba637d96b0304	impl/crates/lcl-resolver	none	unreviewed	-	outside the D5 review scope, or a direct caller not enumerated
impl/crates/lcl-resolver/tests/graph.rs	6d5cf5f090ba1dcc3264b6ff1fa28c13104563e832215b736ba9a8edd60ea6a4	impl/crates/lcl-resolver	none	unreviewed	-	outside the D5 review scope, or a direct caller not enumerated
impl/crates/lcl-resolver/tests/imports.rs	a6663f333dddbb7d2a3ec19b1a50e0e1bc211f81cf36322afc3a63952148cf19	impl/crates/lcl-resolver	none	unreviewed	-	outside the D5 review scope, or a direct caller not enumerated
impl/crates/lcl-resolver/tests/output_instances.rs	2217d9d043a548773a3bb707f4829bd67c024c7d84caa6a881ce42b6b073a2b9	impl/crates/lcl-resolver	formatting only (worktree)	changed-LCL-CLOSE-02-formatting	-	strip_compare: identical apart from whitespace and rustfmt punctuation; gated
impl/crates/lcl-resolver/tests/references.rs	befccc4f0d39abc24a5cbeacad188504f5e9a7c3119ea3fdc2ca0f866eecb44d	impl/crates/lcl-resolver	none	unreviewed	-	outside the D5 review scope, or a direct caller not enumerated
impl/crates/lcl-resolver/tests/resolution_matrix.rs	bb1866e8dac3098e58fe658d037440274fc162e391cf64a9f55eba6a3f3e8bdc	impl/crates/lcl-resolver	none	unreviewed	-	outside the D5 review scope, or a direct caller not enumerated
impl/crates/lcl-resolver/tests/robustness.rs	92a9800fa6ab15b6f8713c6f75a5b58b574e1655b584ca68edf68b7598807994	impl/crates/lcl-resolver	none	unreviewed	-	outside the D5 review scope, or a direct caller not enumerated
impl/crates/lcl-resolver/tests/rules_authority.rs	8e21b615ee4a5fd28bf346cd56aa06f1bdd2520567964c3520dd93c67dfc4be7	impl/crates/lcl-resolver	none	unreviewed	-	outside the D5 review scope, or a direct caller not enumerated
impl/crates/lcl-resolver/tests/source_identity.rs	7454b9ef5db212b916cf3c107b0da59467818844e81d338b679153d30d618808	impl/crates/lcl-resolver	none	unreviewed	-	outside the D5 review scope, or a direct caller not enumerated
impl/crates/lcl-runtime/Cargo.toml	72b84b8f9b1dfa5ac0c63a3ccb522cae297ea82fb4011c8687aa761850d195b1	impl/crates/lcl-runtime	none	unreviewed	-	outside the D5 review scope, or a direct caller not enumerated
impl/crates/lcl-runtime/examples/m6_report.rs	1bd6687f47ac08ad1f50ac420076ee85705e8b3e2456729e72c0e3679d489f88	impl/crates/lcl-runtime	none	unreviewed	-	outside the D5 review scope, or a direct caller not enumerated
impl/crates/lcl-runtime/src/capability.rs	955908f22a4a3b97f992fdacf578fd60e457e3138ad985cbe55db2ad0927ebde	impl/crates/lcl-runtime	none	unreviewed	-	outside the D5 review scope, or a direct caller not enumerated
impl/crates/lcl-runtime/src/contracts.rs	515d015fb0b6700320ad0438b486426ebef77e2444353424ec9574ded6b76bae	impl/crates/lcl-runtime	formatting only (worktree)	changed-LCL-CLOSE-02-formatting	-	strip_compare: identical apart from whitespace and rustfmt punctuation; gated
impl/crates/lcl-runtime/src/diagnostic.rs	97b1c2e6ac14297fc907a1b6dbcf0a87e41d44816a19cd772e62bf551b2baf66	impl/crates/lcl-runtime	none	unreviewed	-	outside the D5 review scope, or a direct caller not enumerated
impl/crates/lcl-runtime/src/eval.rs	b0f942f14b19b106c5e877db2453f3686509eb0d30434de746323a64b83618a2	impl/crates/lcl-runtime	formatting, then an A-T2-3 repair (worktree)	changed-LCL-CLOSE-02-authored	-	formatting verified by strip_compare; repair ranges authored red-first and gated
impl/crates/lcl-runtime/src/event.rs	fb69bd034022bfc55f483ec419a251c0fec0e0bb27bffd89eaeaf02204297cfa	impl/crates/lcl-runtime	none	unreviewed	-	outside the D5 review scope, or a direct caller not enumerated
impl/crates/lcl-runtime/src/execute.rs	e7a4d010d99163e7522fda9d98c266519482a4cd25afda7e6d83cfa9209ff226	impl/crates/lcl-runtime	changed (LCL-CLOSE-01 commit aebb2f7)	changed-LCL-CLOSE-01	87-130	reviewed in LCL-CLOSE-01 (reports/tasks/LCL-CLOSE-01_RESULT.md); not re-reviewed in LCL-CLOSE-02
impl/crates/lcl-runtime/src/functions.rs	5615beb9b6005f1e3ec0e1ecc037235fbec1088e2f98e63868b613ab3cd7f043	impl/crates/lcl-runtime	none	unreviewed	-	outside the D5 review scope, or a direct caller not enumerated
impl/crates/lcl-runtime/src/handler.rs	4e219d32d152ed0bd7a61f13f31015606451ce6dbfa83cee0148d326782e7533	impl/crates/lcl-runtime	changed (LCL-CLOSE-01 commit aebb2f7)	changed-LCL-CLOSE-01	-	reviewed in LCL-CLOSE-01 (reports/tasks/LCL-CLOSE-01_RESULT.md); not re-reviewed in LCL-CLOSE-02
impl/crates/lcl-runtime/src/lib.rs	08b188605adc2a151e71f75ba2951b625275d3a5ae9b2721128d76eb7be6e855	impl/crates/lcl-runtime	none	unreviewed	-	outside the D5 review scope, or a direct caller not enumerated
impl/crates/lcl-runtime/src/mock.rs	75ecbf1324438fcaa5bf223a7925fd496d80a97c229b9661093b28204fd9e801	impl/crates/lcl-runtime	formatting only (worktree)	changed-LCL-CLOSE-02-formatting	-	strip_compare: identical apart from whitespace and rustfmt punctuation; gated
impl/crates/lcl-runtime/src/operations.rs	9272b98752f51d078fcbb76b4f74e09db218d8bbab7f430f50a7139f6aa67e02	impl/crates/lcl-runtime	none	unreviewed	-	outside the D5 review scope, or a direct caller not enumerated
impl/crates/lcl-runtime/src/order_profile.rs	d8ce24570cd67a0f4eff16297270be445a86b544661331b84d4013b7c3ca6f18	impl/crates/lcl-runtime	none	unreviewed	-	outside the D5 review scope, or a direct caller not enumerated
impl/crates/lcl-runtime/src/pattern.rs	0632a4138e5c29ead164343a376b13272df5a84cefbe24eed42b0a760bdbdfae	impl/crates/lcl-runtime	none	partial-read	255-310	read in part while diagnosing P4c; ranges are 1-based line numbers of the current file
impl/crates/lcl-runtime/src/result.rs	516c92c5d0cb96626eff8228ecbe063a664a3a9ac68583b20495bbd32b40c903	impl/crates/lcl-runtime	formatting only (worktree)	changed-LCL-CLOSE-02-formatting	-	strip_compare: identical apart from whitespace and rustfmt punctuation; gated
impl/crates/lcl-runtime/src/schedule.rs	a0ec3774759416baa7af32973a4cd03cd5628621cd4d00ba165fa5dc564f3d0d	impl/crates/lcl-runtime	none	unreviewed	-	outside the D5 review scope, or a direct caller not enumerated
impl/crates/lcl-runtime/src/state.rs	6327d3543070dcd1ad828644568291b39b5b45a66484cf6bd79c2366ae997785	impl/crates/lcl-runtime	none	partial-read	105-135	read in part while diagnosing P4c; ranges are 1-based line numbers of the current file
impl/crates/lcl-runtime/src/syntax.rs	1dc120a648080a5fe6795c6c5dfddacc294c1e3f9bb986481cf44e1c33995550	impl/crates/lcl-runtime	none	unreviewed	-	outside the D5 review scope, or a direct caller not enumerated
impl/crates/lcl-runtime/src/value.rs	a5ec3afc84ad9922beca4a84eeeb0e96a4a6cf4a0241266c7e38becf34bfa8c0	impl/crates/lcl-runtime	none	unreviewed	-	outside the D5 review scope, or a direct caller not enumerated
impl/crates/lcl-runtime/tests/builtin_functions.rs	dcfba92868ea0b9b4892ae4cca0e784ce9e1b87f1b86706690540016b33a4514	impl/crates/lcl-runtime	none	unreviewed	-	outside the D5 review scope, or a direct caller not enumerated
impl/crates/lcl-runtime/tests/capability_boundary.rs	e1dc586f437bf5797ae30d86836bc4b657753a693973c8239c6da03ed3475a79	impl/crates/lcl-runtime	none	unreviewed	-	outside the D5 review scope, or a direct caller not enumerated
impl/crates/lcl-runtime/tests/common/mod.rs	2359f03b6fdb141d6bafc1d4acd1958b9eacf465d22b0ede92fbd7bd64767ba5	impl/crates/lcl-runtime	none	unreviewed	-	outside the D5 review scope, or a direct caller not enumerated
impl/crates/lcl-runtime/tests/concurrency.rs	4f587e5bdb984308c4664520b04f0d74970ab9ce2881f425c278407f6172854c	impl/crates/lcl-runtime	none	unreviewed	-	outside the D5 review scope, or a direct caller not enumerated
impl/crates/lcl-runtime/tests/contracts_authority.rs	79a142c2d6a7cea370efa71190006e0590f5fe739963c5830b40e6b92a965d78	impl/crates/lcl-runtime	none	unreviewed	-	outside the D5 review scope, or a direct caller not enumerated
impl/crates/lcl-runtime/tests/control_flow.rs	25fb4ad6ea610045b3b266a252fdcbd7f4e7cfe4c49c897309e636179b5f956e	impl/crates/lcl-runtime	none	unreviewed	-	outside the D5 review scope, or a direct caller not enumerated
impl/crates/lcl-runtime/tests/evaluation.rs	d257de4fd9303a1f7a2a98eacf6358e25816f48024a0d4d65bd23ef11ede0c18	impl/crates/lcl-runtime	none	unreviewed	-	outside the D5 review scope, or a direct caller not enumerated
impl/crates/lcl-runtime/tests/failure_handling.rs	7a520bfc3f5e053dc2d50fe3ca4fb7288e89265288d2491a593c8e8e1d9b29a6	impl/crates/lcl-runtime	formatting only (worktree)	changed-LCL-CLOSE-02-formatting	-	strip_compare: identical apart from whitespace and rustfmt punctuation; gated
impl/crates/lcl-runtime/tests/handler_result_parity.rs	8a67cbc172db17d80a69d80eaf7ecb9ab0cb3c0d3923476d3cd6bc86591e4011	impl/crates/lcl-runtime	changed (LCL-CLOSE-01 commit aebb2f7)	changed-LCL-CLOSE-01	-	reviewed in LCL-CLOSE-01 (reports/tasks/LCL-CLOSE-01_RESULT.md); not re-reviewed in LCL-CLOSE-02
impl/crates/lcl-runtime/tests/patterns.rs	126aa6627f912087c0139b8f4d6b7cf8a286abb5e62df5fe2750a8f578ad8cc9	impl/crates/lcl-runtime	none	unreviewed	-	outside the D5 review scope, or a direct caller not enumerated
impl/crates/lcl-runtime/tests/robustness.rs	16dbdc0d52be44ed3850dee29694a21bf003e91087fceea56221f6c2f878e762	impl/crates/lcl-runtime	none	unreviewed	-	outside the D5 review scope, or a direct caller not enumerated
impl/crates/lcl-runtime/tests/runtime_matrix.rs	230585c7c6bbade09906ddfeb649db9d52b5746e83a85a6ed533a1f0df536005	impl/crates/lcl-runtime	none	unreviewed	-	outside the D5 review scope, or a direct caller not enumerated
impl/crates/lcl-runtime/tests/state_and_results.rs	c5b25188a35243f239c8093e3d1cc3ab6dc032adfe20ffd45205545d9e81a85a	impl/crates/lcl-runtime	none	unreviewed	-	outside the D5 review scope, or a direct caller not enumerated
impl/crates/lcl-semantics/Cargo.toml	99eaa1bf175f4ad1f5245f081d2fd0bf1d9ee7af228df81991337297159592e9	impl/crates/lcl-semantics	none	unreviewed	-	outside the D5 review scope, or a direct caller not enumerated
impl/crates/lcl-semantics/examples/m5_report.rs	064312b57c2ebcd1afab8eaa9b467d664a8271b0eb3cbea8537fed065a621bfb	impl/crates/lcl-semantics	none	unreviewed	-	outside the D5 review scope, or a direct caller not enumerated
impl/crates/lcl-semantics/src/authority.rs	5343af7d03dbeaad21a28273fc183718af106059afcc078dedd1ecf0c0baa42a	impl/crates/lcl-semantics	none	unreviewed	-	outside the D5 review scope, or a direct caller not enumerated
impl/crates/lcl-semantics/src/conflict.rs	1818b6b72798041a50d0a25061bae688459a30737756a38dc6c9b03ab7117aad	impl/crates/lcl-semantics	none	unreviewed	-	outside the D5 review scope, or a direct caller not enumerated
impl/crates/lcl-semantics/src/contracts.rs	445f6949736f5401fae6a003c457402b02ae52d35c034c8b3e9e0ca20fc7a8b3	impl/crates/lcl-semantics	none	unreviewed	-	outside the D5 review scope, or a direct caller not enumerated
impl/crates/lcl-semantics/src/data.rs	588052378499108c70531bd099c0b63a7cf0a363cd5d48a94336b86f7fc23fde	impl/crates/lcl-semantics	changed (LCL-CLOSE-01 commit aebb2f7)	changed-LCL-CLOSE-01	110-170	reviewed in LCL-CLOSE-01 (reports/tasks/LCL-CLOSE-01_RESULT.md); not re-reviewed in LCL-CLOSE-02
impl/crates/lcl-semantics/src/diagnostic.rs	a6ad5606fe37e9a2e72791622fc234720c7472a3f3db40cc7dcf4c2c9661f1b3	impl/crates/lcl-semantics	none	unreviewed	-	outside the D5 review scope, or a direct caller not enumerated
impl/crates/lcl-semantics/src/engine.rs	b155f2ae574802d4ac779b55ae589620ea4a5529ef9fe1b3b068a8bc9a04373f	impl/crates/lcl-semantics	none	unreviewed	-	outside the D5 review scope, or a direct caller not enumerated
impl/crates/lcl-semantics/src/eval.rs	58fdc10adad5da602e56a835b0ebaa28074265211686a71c0e6416cf6ad1cbb1	impl/crates/lcl-semantics	changed (worktree)	changed-LCL-CLOSE-02-authored	-	changed ranges authored under reproduce-before-repair and gated; the rest of the file was not re-reviewed unless ranges are listed
impl/crates/lcl-semantics/src/lib.rs	855c664958ab5f94e8de98c1371c42de96bfbe195c2d6250905397ab6109fa6c	impl/crates/lcl-semantics	none	unreviewed	-	outside the D5 review scope, or a direct caller not enumerated
impl/crates/lcl-semantics/src/order.rs	6c593529fcdf464a242f3d552cca9c91f0a6ec0e9152463e5b39e8f5b39c81ab	impl/crates/lcl-semantics	none	unreviewed	-	outside the D5 review scope, or a direct caller not enumerated
impl/crates/lcl-semantics/src/plan.rs	694488c75008c54e2808a56134ac4e22851e92cebc850f875d91ac96ec70bc84	impl/crates/lcl-semantics	none	unreviewed	-	outside the D5 review scope, or a direct caller not enumerated
impl/crates/lcl-semantics/src/scope.rs	9f4a1bae6d501ef3b91b65e32bb892bfffa3baadc855e82cce77dbf46331443d	impl/crates/lcl-semantics	changed (worktree)	changed-LCL-CLOSE-02-authored	-	changed ranges authored under reproduce-before-repair and gated; the rest of the file was not re-reviewed unless ranges are listed
impl/crates/lcl-semantics/src/syntax.rs	3f1f878912b059551b51c8553fdedac2ab34c2a94be8b16072e91efd841b97d4	impl/crates/lcl-semantics	none	partial-read	160-250	read in part while diagnosing P4c; ranges are 1-based line numbers of the current file
impl/crates/lcl-semantics/src/validate.rs	c9b538767e4bd0c7e6fe350552ed816eb71a45ebdfb1273f1724b5c07f818c17	impl/crates/lcl-semantics	none	unreviewed	-	outside the D5 review scope, or a direct caller not enumerated
impl/crates/lcl-semantics/src/value.rs	a92cf4db89640ff50ce6d971ac1789d46f72e0661572d4087bdb822f559e0751	impl/crates/lcl-semantics	changed (worktree)	changed-LCL-CLOSE-02-authored	-	changed ranges authored under reproduce-before-repair and gated; the rest of the file was not re-reviewed unless ranges are listed
impl/crates/lcl-semantics/tests/authority_and_conflicts.rs	bfb7f5005f556ce4075ef8bc3b5728f59d8db8c0a05a46bf48e84e7358039cad	impl/crates/lcl-semantics	none	unreviewed	-	outside the D5 review scope, or a direct caller not enumerated
impl/crates/lcl-semantics/tests/collection_materialization.rs	2388d69782ad36926c5a38972b2fdaf09356219717889ad272eab4af0a7fc422	impl/crates/lcl-semantics	none	unreviewed	-	outside the D5 review scope, or a direct caller not enumerated
impl/crates/lcl-semantics/tests/common/mod.rs	0265aafdc9894ade7261c2db24b3ba4ed4f510b3c6b03c73c4198393b3ffebd0	impl/crates/lcl-semantics	none	unreviewed	-	outside the D5 review scope, or a direct caller not enumerated
impl/crates/lcl-semantics/tests/contracts_authority.rs	f0ee1acb637542a8be2ad48b01d76157efb0a6939d1b444f2925f8161c723d91	impl/crates/lcl-semantics	none	unreviewed	-	outside the D5 review scope, or a direct caller not enumerated
impl/crates/lcl-semantics/tests/data_resolution.rs	ebec71fcb512bd2023b8e8289e6b183361eb8c9e46ce9772758feba157276e7b	impl/crates/lcl-semantics	changed (LCL-CLOSE-01 commit aebb2f7)	changed-LCL-CLOSE-01	-	reviewed in LCL-CLOSE-01 (reports/tasks/LCL-CLOSE-01_RESULT.md); not re-reviewed in LCL-CLOSE-02
impl/crates/lcl-semantics/tests/decision_witnesses.rs	c758e897146a4eb91e3fb695f5b8aa022dfe3b93669ed45daa224e898c87365d	impl/crates/lcl-semantics	none	unreviewed	-	outside the D5 review scope, or a direct caller not enumerated
impl/crates/lcl-semantics/tests/determinism.rs	7471d90243888f0458ca462d7d6d181b48043e20492f403602b15c1ef80e138e	impl/crates/lcl-semantics	none	unreviewed	-	outside the D5 review scope, or a direct caller not enumerated
impl/crates/lcl-semantics/tests/ordering_graph.rs	f72a70f6a5fbb7d480eefbed9af863886b7a5b18b9839da86c52967855a43747	impl/crates/lcl-semantics	none	unreviewed	-	outside the D5 review scope, or a direct caller not enumerated
impl/crates/lcl-semantics/tests/preflight_matrix.rs	3a1f7d4c22cc9a58540849c449ad8b30e4298aa570edddf3c93b3e4dc1ea1fd4	impl/crates/lcl-semantics	none	unreviewed	-	outside the D5 review scope, or a direct caller not enumerated
impl/crates/lcl-semantics/tests/robustness.rs	1687f5b62b7b62985bef0fad4986b9a014aa7cff18b2b0ff5a09f202c73c4d38	impl/crates/lcl-semantics	none	unreviewed	-	outside the D5 review scope, or a direct caller not enumerated
impl/crates/lcl-semantics/tests/stage_monotonicity.rs	198778529378ef28279ab45253a028aca602856b302569a3bd83bf07fa9fe366	impl/crates/lcl-semantics	none	unreviewed	-	outside the D5 review scope, or a direct caller not enumerated
impl/crates/lcl-semantics/tests/validate_selection.rs	31e0f769276a6f6f88129ba45a407a9c116ba79ac0f365414f4899f375e2c050	impl/crates/lcl-semantics	none	unreviewed	-	outside the D5 review scope, or a direct caller not enumerated
impl/crates/lcl-spec/Cargo.toml	b61d9e1aeb9623d023a5ba001c4b5f94236b41115013164c6201639ad876f874	impl/crates/lcl-spec	none	unreviewed	-	outside the D5 review scope, or a direct caller not enumerated
impl/crates/lcl-spec/examples/mint_anchor.rs	8a8c2c0dead0b683e34709e4e234f5c56e430763305b9ac128d4376a2a07e0dc	impl/crates/lcl-spec	none	unreviewed	-	outside the D5 review scope, or a direct caller not enumerated
impl/crates/lcl-spec/src/anchor.rs	c226287f6428635dd6b0100fcd65e0c961d725f847c1f5bca12369b08472951c	impl/crates/lcl-spec	none	unreviewed	-	outside the D5 review scope, or a direct caller not enumerated
impl/crates/lcl-spec/src/json.rs	30f0b026e5fee70f67445c95811178a034f82d7f59784df5c3e452d18e5333b8	impl/crates/lcl-spec	changed (LCL-CLOSE-01 commit aebb2f7)	changed-LCL-CLOSE-01	-	reviewed in LCL-CLOSE-01 (reports/tasks/LCL-CLOSE-01_RESULT.md); not re-reviewed in LCL-CLOSE-02
impl/crates/lcl-spec/src/lib.rs	e966557aca91f9231f524ce710990ba2ab2d958dd2cb041250212f757e7119a1	impl/crates/lcl-spec	changed (LCL-CLOSE-01 commit aebb2f7)	changed-LCL-CLOSE-01	-	reviewed in LCL-CLOSE-01 (reports/tasks/LCL-CLOSE-01_RESULT.md); not re-reviewed in LCL-CLOSE-02
impl/crates/lcl-spec/src/sha256.rs	e1a2468742e7e47497d871affeee57a63f3bb8ab8aa4954cd6d2be51fa903659	impl/crates/lcl-spec	none	unreviewed	-	outside the D5 review scope, or a direct caller not enumerated
impl/crates/lcl-spec/tests/canonical_release.rs	a8b4230606416887e26ea9894f2239910d3a1ac221f9c0d6aaefd34f71a01a63	impl/crates/lcl-spec	none	unreviewed	-	outside the D5 review scope, or a direct caller not enumerated
impl/crates/lcl-spec/tests/trust_anchor.rs	15560dd2f958fe43a142eb943707bd240f843c53d98796cbf9f6b95a90b10e57	impl/crates/lcl-spec	none	unreviewed	-	outside the D5 review scope, or a direct caller not enumerated
impl/crates/lcl-stdlib/Cargo.toml	63a6e4a5a9d843ea3af4fb7316277954db528c886180a9f7adb082483ee31681	impl/crates/lcl-stdlib	none	unreviewed	-	outside the D5 review scope, or a direct caller not enumerated
impl/crates/lcl-stdlib/examples/m7_report.rs	e128f5bf65ca346ca1d00dfc9273d2d29389c4ee5a07e9ee0b39c59f36010654	impl/crates/lcl-stdlib	changed (owner checkpoint 298d1e2)	changed-LCL-CLOSE-02-authored	-	changed ranges authored under reproduce-before-repair and gated; the rest of the file was not re-reviewed unless ranges are listed
impl/crates/lcl-stdlib/src/contracts.rs	b67884139b9c6fd0dc83c4d8fdb8d05754edfa01861f2b329b4c2fa726971f65	impl/crates/lcl-stdlib	none	unreviewed	-	outside the D5 review scope, or a direct caller not enumerated
impl/crates/lcl-stdlib/src/control.rs	c3b6ba196b662e3b1f281b7f776f08b1cc5adc2799d9f024a947168ac2fb332b	impl/crates/lcl-stdlib	none	unreviewed	-	outside the D5 review scope, or a direct caller not enumerated
impl/crates/lcl-stdlib/src/data.rs	5c685fcb9563dadbc9a1af84b64d8c17546c0477156657ee7e9573d73f84421b	impl/crates/lcl-stdlib	changed (owner checkpoint 298d1e2)	changed-LCL-CLOSE-02-authored	-	changed ranges authored under reproduce-before-repair and gated; the rest of the file was not re-reviewed unless ranges are listed
impl/crates/lcl-stdlib/src/dispatch.rs	35a20f363a34eb445b4ea83977b4c105648f560164ecb79366e717daedcc2106	impl/crates/lcl-stdlib	none	unreviewed	-	outside the D5 review scope, or a direct caller not enumerated
impl/crates/lcl-stdlib/src/fixtures/fs.rs	efd984ea8f095abbc684a65760c30e830bdda2905422baabf84206568e96d087	impl/crates/lcl-stdlib	none	unreviewed	-	outside the D5 review scope, or a direct caller not enumerated
impl/crates/lcl-stdlib/src/fixtures/mod.rs	db358f3c2726ad0ba645d86058e2f6e5ad8dcd044f652923ebe5bcf0e91b0ba5	impl/crates/lcl-stdlib	none	unreviewed	-	outside the D5 review scope, or a direct caller not enumerated
impl/crates/lcl-stdlib/src/fixtures/net.rs	f95a3439c1cded9721505880cdf92b99137171421d4cee8870a3ccdb9212eead	impl/crates/lcl-stdlib	none	unreviewed	-	outside the D5 review scope, or a direct caller not enumerated
impl/crates/lcl-stdlib/src/fixtures/process.rs	2d297ce5c942939df01661a1c1a2aa35653e23b2d9f84d94142b419b848d812e	impl/crates/lcl-stdlib	none	unreviewed	-	outside the D5 review scope, or a direct caller not enumerated
impl/crates/lcl-stdlib/src/fragment.rs	df9e35355e21644c41ec1686634ac35d19198d064d1f93e3adf8cb2712c68db5	impl/crates/lcl-stdlib	none	unreviewed	-	outside the D5 review scope, or a direct caller not enumerated
impl/crates/lcl-stdlib/src/host.rs	f5ce420f75d7208dd917c3ed841512d824ec7ec156bdc5dd85b28eb382a80120	impl/crates/lcl-stdlib	changed (owner checkpoint 298d1e2)	changed-LCL-CLOSE-02-authored	200-285; 1274-1300	changed ranges authored under reproduce-before-repair and gated; the rest of the file was not re-reviewed unless ranges are listed
impl/crates/lcl-stdlib/src/lib.rs	795d5f3461aa4f67b232b758a6c2cc2e317a6aa797d6323b800e742d1cec2836	impl/crates/lcl-stdlib	changed (owner checkpoint 298d1e2)	changed-LCL-CLOSE-02-authored	-	changed ranges authored under reproduce-before-repair and gated; the rest of the file was not re-reviewed unless ranges are listed
impl/crates/lcl-stdlib/src/params.rs	58054ef8e001c243cfbb30819a59461249b145f09823e3626b85b757485e6180	impl/crates/lcl-stdlib	none	unreviewed	-	outside the D5 review scope, or a direct caller not enumerated
impl/crates/lcl-stdlib/src/profiles.rs	8ced74d40703d48f3ecc89ed275bf3e7e086660448740def4b703d7e811a3872	impl/crates/lcl-stdlib	changed (owner checkpoint 298d1e2)	changed-LCL-CLOSE-02-authored	-	changed ranges authored under reproduce-before-repair and gated; the rest of the file was not re-reviewed unless ranges are listed
impl/crates/lcl-stdlib/src/pure.rs	9ba4705dd5e0b9c2a55aa67d90bc776ed8891bf0c8c775c64c5c11b14d510dcf	impl/crates/lcl-stdlib	none	unreviewed	-	outside the D5 review scope, or a direct caller not enumerated
impl/crates/lcl-stdlib/src/schema.rs	453cb525ab1e45980aeb580550e97c8c11d04005cdc5cbb57ba8c79f15a113cc	impl/crates/lcl-stdlib	none	unreviewed	-	outside the D5 review scope, or a direct caller not enumerated
impl/crates/lcl-stdlib/tests/boundary.rs	0fc1038571032600fb6fc14803aebbbf3df09ff6d8ba9a085e44b8c2c39b59a6	impl/crates/lcl-stdlib	none	unreviewed	-	outside the D5 review scope, or a direct caller not enumerated
impl/crates/lcl-stdlib/tests/common/mod.rs	b435940d8728d888541eaea10c1a1620bfc6865835b4e90936258a24e8aa116f	impl/crates/lcl-stdlib	none	unreviewed	-	outside the D5 review scope, or a direct caller not enumerated
impl/crates/lcl-stdlib/tests/constant_references.rs	71e4a52cbc257b83a057e00f62ae2f62ee13c8be544bf64716759a81d84bca09	impl/crates/lcl-stdlib	none	unreviewed	-	outside the D5 review scope, or a direct caller not enumerated
impl/crates/lcl-stdlib/tests/control_operations.rs	0d2bfcc31706015e75b214510a68376da88ac9360c18dc94410473a39ffb81a7	impl/crates/lcl-stdlib	none	unreviewed	-	outside the D5 review scope, or a direct caller not enumerated
impl/crates/lcl-stdlib/tests/coverage.rs	45200c3e3f83079467f151723f88f8a6204732134cf0e32b982be753b6cbe2c7	impl/crates/lcl-stdlib	none	unreviewed	-	outside the D5 review scope, or a direct caller not enumerated
impl/crates/lcl-stdlib/tests/data_operations.rs	c3286c0ac9f559b76d8099bdb96e004bc76f9805378519b638eb3b77b0166680	impl/crates/lcl-stdlib	changed (owner checkpoint 298d1e2)	changed-LCL-CLOSE-02-authored	-	changed ranges authored under reproduce-before-repair and gated; the rest of the file was not re-reviewed unless ranges are listed
impl/crates/lcl-stdlib/tests/external_operations.rs	6eef65cd3955100d209c957cbf8e2caf9e4b3903ede8f7427e5eb0cdb31e5db1	impl/crates/lcl-stdlib	changed (owner checkpoint 298d1e2)	changed-LCL-CLOSE-02-authored	-	changed ranges authored under reproduce-before-repair and gated; the rest of the file was not re-reviewed unless ranges are listed
impl/crates/lcl-stdlib/tests/pure_operations.rs	e4ad666de4979861359ce4a46a52b6c527e37c0ed736d35b69700dc0a2d79da3	impl/crates/lcl-stdlib	none	unreviewed	-	outside the D5 review scope, or a direct caller not enumerated
impl/crates/lcl-stdlib/tests/seam.rs	4f4f73595b136716270f415daf94b6120b022faae735d50221c9a06fb825ef4f	impl/crates/lcl-stdlib	none	unreviewed	-	outside the D5 review scope, or a direct caller not enumerated
impl/crates/lcl-workspace/Cargo.toml	0368817a867514763e4222280f4c6bf711f1f1e33b2170d91d7efe65c2db0bb7	impl/crates/lcl-workspace	none	unreviewed	-	outside the D5 review scope, or a direct caller not enumerated
impl/crates/lcl-workspace/assets/app.css	8c7dac83c016317f8996b0075b820a61d6ea9c99a91a6a1ba20d13e8f684d815	impl/crates/lcl-workspace	none	unreviewed	-	outside the D5 review scope, or a direct caller not enumerated
impl/crates/lcl-workspace/assets/app.js	496066ad8028c6fc83d8ea9e895f5cdf1ea6eb28d5c4f87730c82903888600bc	impl/crates/lcl-workspace	changed (LCL-CLOSE-01 commit aebb2f7)	changed-LCL-CLOSE-01	-	reviewed in LCL-CLOSE-01 (reports/tasks/LCL-CLOSE-01_RESULT.md); not re-reviewed in LCL-CLOSE-02
impl/crates/lcl-workspace/assets/brand/lcl-icon-32.png	0094c3d4c9a61265d7e99214dbfd0d5baffa237171fac499665d27e302ff5b01	impl/crates/lcl-workspace	none	unreviewed	-	outside the D5 review scope, or a direct caller not enumerated
impl/crates/lcl-workspace/assets/brand/lcl-mark.png	af6787eba70ba69fcad0652d28a48e7db0593c83b5d6bda0fc32e02de4e13b18	impl/crates/lcl-workspace	none	unreviewed	-	outside the D5 review scope, or a direct caller not enumerated
impl/crates/lcl-workspace/assets/index.html	a28c4b718f71c5f52221eef6c1a549181a65be3da78f2431be7a06ce6efa7f00	impl/crates/lcl-workspace	none	unreviewed	-	outside the D5 review scope, or a direct caller not enumerated
impl/crates/lcl-workspace/src/document.rs	924168b893eee440853ab124c220edb5b2327a5199be260d6f599a07848f0455	impl/crates/lcl-workspace	changed (LCL-CLOSE-01 commit aebb2f7)	changed-LCL-CLOSE-01	-	reviewed in LCL-CLOSE-01 (reports/tasks/LCL-CLOSE-01_RESULT.md); not re-reviewed in LCL-CLOSE-02
impl/crates/lcl-workspace/src/execution.rs	1da2c689cc539cb79da5c229e383b5b74567f26e9dfba8081b6ca6ad71ee9c0c	impl/crates/lcl-workspace	changed (LCL-CLOSE-01 commit aebb2f7)	changed-LCL-CLOSE-01	-	reviewed in LCL-CLOSE-01 (reports/tasks/LCL-CLOSE-01_RESULT.md); not re-reviewed in LCL-CLOSE-02
impl/crates/lcl-workspace/src/http.rs	663a6e82f6a5e6dba541721d6135a1005999ad3f5de383cdb02f18dfa59206d7	impl/crates/lcl-workspace	changed (LCL-CLOSE-01 commit aebb2f7)	changed-LCL-CLOSE-01	-	reviewed in LCL-CLOSE-01 (reports/tasks/LCL-CLOSE-01_RESULT.md); not re-reviewed in LCL-CLOSE-02
impl/crates/lcl-workspace/src/intelligence.rs	cf21d1bfa954fb51e064d75a4c827987d4a896a209420ea79f453629c978f58f	impl/crates/lcl-workspace	none	unreviewed	-	outside the D5 review scope, or a direct caller not enumerated
impl/crates/lcl-workspace/src/lib.rs	e76bcd15aab3395c0c4a4404476fea33e3bf03845e83af921b7bebadd015bcae	impl/crates/lcl-workspace	none	unreviewed	-	outside the D5 review scope, or a direct caller not enumerated
impl/crates/lcl-workspace/src/main.rs	7106b0d35c79b03dd2b03d77b7dd2b771533209978c21ff9eb1a019edfe4c39e	impl/crates/lcl-workspace	none	unreviewed	-	outside the D5 review scope, or a direct caller not enumerated
impl/crates/lcl-workspace/src/project.rs	35571680dab10673ee861cda4112b225f1eac907735e2aec982b80a3798c623f	impl/crates/lcl-workspace	none	unreviewed	-	outside the D5 review scope, or a direct caller not enumerated
impl/crates/lcl-workspace/src/routes.rs	fc6c42b3849929dc83cb22e091ef5c8962acdc1db83f743c0dd8d6fb25ae2e1e	impl/crates/lcl-workspace	changed (LCL-CLOSE-01 commit aebb2f7)	changed-LCL-CLOSE-01	-	reviewed in LCL-CLOSE-01 (reports/tasks/LCL-CLOSE-01_RESULT.md); not re-reviewed in LCL-CLOSE-02
impl/crates/lcl-workspace/src/server.rs	d2159609b1feca4cc4f43d79d6f904df460bf9f0861511ec9be5752387a24276	impl/crates/lcl-workspace	changed (LCL-CLOSE-01 commit aebb2f7)	changed-LCL-CLOSE-01	-	reviewed in LCL-CLOSE-01 (reports/tasks/LCL-CLOSE-01_RESULT.md); not re-reviewed in LCL-CLOSE-02
impl/crates/lcl-workspace/tests/common/mod.rs	d9552715171b1d0d6e9a887746d1dc937d4eeafca6c11d399616087d0ecd16d3	impl/crates/lcl-workspace	none	unreviewed	-	outside the D5 review scope, or a direct caller not enumerated
impl/crates/lcl-workspace/tests/concurrent_persistence.rs	2f472fbc15b0df6f85a65d60c85ed4b0781d223158babdf4515e8d3f53e23117	impl/crates/lcl-workspace	changed (worktree)	changed-LCL-CLOSE-02-authored	-	changed ranges authored under reproduce-before-repair and gated; the rest of the file was not re-reviewed unless ranges are listed
impl/crates/lcl-workspace/tests/debugging.rs	8a8e32155c4a0a00876ac72012d04129a35e5686301f0bf84d3badf775fcf900	impl/crates/lcl-workspace	changed (LCL-CLOSE-01 commit aebb2f7)	changed-LCL-CLOSE-01	-	reviewed in LCL-CLOSE-01 (reports/tasks/LCL-CLOSE-01_RESULT.md); not re-reviewed in LCL-CLOSE-02
impl/crates/lcl-workspace/tests/editor_save.cjs	3e95a3c577c4eb856d67caecf914753482dbaf97b84c982590e956c31ccb3502	impl/crates/lcl-workspace	changed (LCL-CLOSE-01 commit aebb2f7)	changed-LCL-CLOSE-01	-	reviewed in LCL-CLOSE-01 (reports/tasks/LCL-CLOSE-01_RESULT.md); not re-reviewed in LCL-CLOSE-02
impl/crates/lcl-workspace/tests/editor_save.rs	7c6e187b0bae7657ad0fa4f7a4163382fcb62f7698e4ddfacee0df4ffbb7011a	impl/crates/lcl-workspace	changed (LCL-CLOSE-01 commit aebb2f7)	changed-LCL-CLOSE-01	-	reviewed in LCL-CLOSE-01 (reports/tasks/LCL-CLOSE-01_RESULT.md); not re-reviewed in LCL-CLOSE-02
impl/crates/lcl-workspace/tests/equivalence.rs	2d5fdd429d7a4e19fc9d36ef7e0f36f96af448053cfae533d092f1e803913f35	impl/crates/lcl-workspace	none	unreviewed	-	outside the D5 review scope, or a direct caller not enumerated
impl/crates/lcl-workspace/tests/execution.rs	efe3f21beb3333a13ae7812a1b2c569fb25450d0ec17268ff2462247e60c8d20	impl/crates/lcl-workspace	none	unreviewed	-	outside the D5 review scope, or a direct caller not enumerated
impl/crates/lcl-workspace/tests/intelligence.rs	33fda5af55e0203b6f5637477addb97b58dfb0aec8f7e2589d3bc708f829d585	impl/crates/lcl-workspace	none	unreviewed	-	outside the D5 review scope, or a direct caller not enumerated
impl/crates/lcl-workspace/tests/persistence.rs	455144f6829bfef257dc4f5875514c0053838294b0dd372dfc6613248ad201ac	impl/crates/lcl-workspace	none	unreviewed	-	outside the D5 review scope, or a direct caller not enumerated
impl/crates/lcl-workspace/tests/routes.rs	684a7106cf28cf4d5f96806e2ba7980f0ff5327681ef8c1f54796d96f21a5b7a	impl/crates/lcl-workspace	none	unreviewed	-	outside the D5 review scope, or a direct caller not enumerated
impl/crates/lcl-workspace/tests/transport.rs	ccbfd7d17c416a4b900f3e3b591844c463a26e6407086610ddddd2607a92be80	impl/crates/lcl-workspace	changed (LCL-CLOSE-01 commit aebb2f7)	changed-LCL-CLOSE-01	-	reviewed in LCL-CLOSE-01 (reports/tasks/LCL-CLOSE-01_RESULT.md); not re-reviewed in LCL-CLOSE-02
impl/integration/README.md	d9a10ac75a8b465ab5c146489a909cbf07e0811587ac411f5ea8c9526445a788	impl	none	unreviewed	-	outside the D5 review scope, or a direct caller not enumerated
impl/integration/linux/install.sh	22fa160e5db921a2f9166bbc7909d1a254fd535cd062b3abee3fc9d468ccbf99	impl	none	unreviewed	-	outside the D5 review scope, or a direct caller not enumerated
impl/integration/linux/lcl.xml	f51efeccf783d1b7a713db5a615a875090b83fa08810578336806318b5568f22	impl	none	unreviewed	-	outside the D5 review scope, or a direct caller not enumerated
impl/integration/linux/uninstall.sh	5de91338ce9f59efc4571022f4d77009d15f5b2c996af3c82373179f21ce1a7a	impl	none	unreviewed	-	outside the D5 review scope, or a direct caller not enumerated
impl/rust-toolchain.toml	e5cc0545f232bde807bd9394c2433322d1cd2cf42b060ceab2ac7329bc9cdaa2	impl	none	unreviewed	-	outside the D5 review scope, or a direct caller not enumerated
packaging/README.md	d1d500e8093fb8de9e29c45fbae7d0c0ca9ace49e9a5bfaa39d4abd1e7e196a8	packaging	none	unreviewed	-	outside the D5 review scope, or a direct caller not enumerated
packaging/build_release.sh	8dbab850c8abbdc11069e51da8f5a2d1d5d42bb0b9dd775274039aa4e38c4911	packaging	none	unreviewed	-	outside the D5 review scope, or a direct caller not enumerated
packaging/icons/hicolor/128x128/apps/lcl-workspace.png	cb7f8dd3fe40f8d06c0514f60dc60b596dde8ae2751074221dfa716e453313c0	packaging	none	unreviewed	-	outside the D5 review scope, or a direct caller not enumerated
packaging/icons/hicolor/128x128/mimetypes/text-x-lcl.png	cb7f8dd3fe40f8d06c0514f60dc60b596dde8ae2751074221dfa716e453313c0	packaging	none	unreviewed	-	outside the D5 review scope, or a direct caller not enumerated
packaging/icons/hicolor/16x16/apps/lcl-workspace.png	03dee87621872c8e82621c2d81b89f8be0af58bde92f833209098f10abc2b23d	packaging	none	unreviewed	-	outside the D5 review scope, or a direct caller not enumerated
packaging/icons/hicolor/16x16/mimetypes/text-x-lcl.png	03dee87621872c8e82621c2d81b89f8be0af58bde92f833209098f10abc2b23d	packaging	none	unreviewed	-	outside the D5 review scope, or a direct caller not enumerated
packaging/icons/hicolor/24x24/apps/lcl-workspace.png	f0771aaf94fd912fd140a9a3fb1c60eca1c8be0f2840763953c3bc6bba2b4d8b	packaging	none	unreviewed	-	outside the D5 review scope, or a direct caller not enumerated
packaging/icons/hicolor/24x24/mimetypes/text-x-lcl.png	f0771aaf94fd912fd140a9a3fb1c60eca1c8be0f2840763953c3bc6bba2b4d8b	packaging	none	unreviewed	-	outside the D5 review scope, or a direct caller not enumerated
packaging/icons/hicolor/256x256/apps/lcl-workspace.png	1c5c58fc367eb10393844b1ef6f921bb6f76c854cd52d94d9721ae12b6d62380	packaging	none	unreviewed	-	outside the D5 review scope, or a direct caller not enumerated
packaging/icons/hicolor/256x256/mimetypes/text-x-lcl.png	1c5c58fc367eb10393844b1ef6f921bb6f76c854cd52d94d9721ae12b6d62380	packaging	none	unreviewed	-	outside the D5 review scope, or a direct caller not enumerated
packaging/icons/hicolor/32x32/apps/lcl-workspace.png	0094c3d4c9a61265d7e99214dbfd0d5baffa237171fac499665d27e302ff5b01	packaging	none	unreviewed	-	outside the D5 review scope, or a direct caller not enumerated
packaging/icons/hicolor/32x32/mimetypes/text-x-lcl.png	0094c3d4c9a61265d7e99214dbfd0d5baffa237171fac499665d27e302ff5b01	packaging	none	unreviewed	-	outside the D5 review scope, or a direct caller not enumerated
packaging/icons/hicolor/48x48/apps/lcl-workspace.png	00c1ecd15c581ccf760b5daee3f8553a4a3310274ebec187566ea6b9978b3a27	packaging	none	unreviewed	-	outside the D5 review scope, or a direct caller not enumerated
packaging/icons/hicolor/48x48/mimetypes/text-x-lcl.png	00c1ecd15c581ccf760b5daee3f8553a4a3310274ebec187566ea6b9978b3a27	packaging	none	unreviewed	-	outside the D5 review scope, or a direct caller not enumerated
packaging/icons/hicolor/64x64/apps/lcl-workspace.png	87b790edd6065f471fabee7841075797751f2cb6f381fcee93b965e5cc9f64f8	packaging	none	unreviewed	-	outside the D5 review scope, or a direct caller not enumerated
packaging/icons/hicolor/64x64/mimetypes/text-x-lcl.png	87b790edd6065f471fabee7841075797751f2cb6f381fcee93b965e5cc9f64f8	packaging	none	unreviewed	-	outside the D5 review scope, or a direct caller not enumerated
packaging/install.sh	9e6aeb725f751aabfcb558be4ee7159450319de64144c8b6327aac9882eb95ac	packaging	none	unreviewed	-	outside the D5 review scope, or a direct caller not enumerated
packaging/lcl-workspace-launch.in	39cbc1ce7a41481b1ddb334516dd16d7811735b15d3cd0bffcb6487f84d0d52c	packaging	none	unreviewed	-	outside the D5 review scope, or a direct caller not enumerated
packaging/lcl.desktop	1992b0488179b34cbbe1a1150c2d976ad65acb59d59bbe8adfe069141b8ff60d	packaging	none	unreviewed	-	outside the D5 review scope, or a direct caller not enumerated
packaging/uninstall.sh	dcbbcd88b43b18b4228537023a767997622b674f807ebcfa7d2f7d221fb647c6	packaging	none	unreviewed	-	outside the D5 review scope, or a direct caller not enumerated
releases/LCL_Core_0.1.0_Bare_Language_2026-09-05.zip	1385ae06539d30b2bd710a70f10e3373c095e032cf1cfaa39686faf8dfd698c5	releases	none	protected-hash-verified	-	byte identity against the 192-path inventory; content not reviewed
releases/LCL_Core_0.1.0_Final.zip	1b9c472c53638dc211377cdc7fc810eb5235ca724407b42237de3e511bc39bc0	releases	none	protected-hash-verified	-	byte identity against the 192-path inventory; content not reviewed
releases/candidates/lcl-0.1.0-linux-x86_64-bf78a0890e5f/SOURCE_CHANGES.patch	b02e02b2c6446cf7c3baae867b6cd6cad19501108fe46f762aba231d2ea5aa04	releases	none	protected-hash-verified	-	byte identity against the 192-path inventory; content not reviewed
releases/candidates/lcl-0.1.0-linux-x86_64-bf78a0890e5f/SOURCE_MANIFEST.sha256	bf78a0890e5f6fa265d4c5becf00b72784d3c39c276ec9883139ffd156c6b039	releases	none	protected-hash-verified	-	byte identity against the 192-path inventory; content not reviewed
releases/candidates/lcl-0.1.0-linux-x86_64-bf78a0890e5f/lcl-0.1.0-PROVENANCE.txt	cf26b6a75c9aa758546220ac892a7751947e1576ceaf691af87ae1f86647a4c3	releases	none	protected-hash-verified	-	byte identity against the 192-path inventory; content not reviewed
releases/candidates/lcl-0.1.0-linux-x86_64-bf78a0890e5f/lcl-0.1.0-linux-x86_64-source.sha256	91e215e40f9c64449bd218a5ff4d6c22445c280248ee64c291a66df83a82cf4a	releases	none	protected-hash-verified	-	byte identity against the 192-path inventory; content not reviewed
releases/candidates/lcl-0.1.0-linux-x86_64-bf78a0890e5f/lcl-0.1.0-linux-x86_64-source.tar.gz	865266cf226117609398ee9177ab3008e40ac11a8b0d602c959a23e05867eda8	releases	none	protected-hash-verified	-	byte identity against the 192-path inventory; content not reviewed
releases/candidates/lcl-0.1.0-linux-x86_64-bf78a0890e5f/lcl-0.1.0-linux-x86_64.sha256	649e9b2b92928e21cc4aeec8f7a8d3faa804b4a573c1b106c6a42edf74e8ee74	releases	none	protected-hash-verified	-	byte identity against the 192-path inventory; content not reviewed
releases/candidates/lcl-0.1.0-linux-x86_64-bf78a0890e5f/lcl-0.1.0-linux-x86_64.tar.gz	aa99279e176554a1f2117ea4f77a6dd96ee08b360f06f565b652a24e53c56983	releases	none	protected-hash-verified	-	byte identity against the 192-path inventory; content not reviewed
releases/lcl-0.1.0-PROVENANCE.txt	c368337487e76eff89d1582f451e7e394840e462cffb50f1c356a196164a4889	releases	none	protected-hash-verified	-	byte identity against the 192-path inventory; content not reviewed
releases/lcl-0.1.0-linux-x86_64.sha256	0da54a0bb642eab16fd4c63a3cde392ec23230df8251c1e9289b2661636c3dd5	releases	none	protected-hash-verified	-	byte identity against the 192-path inventory; content not reviewed
releases/lcl-0.1.0-linux-x86_64.tar.gz	5cc5a6aa1027abf37537ad89a50aa7fead2c826dd9839eee5f58332f06a75ff6	releases	none	protected-hash-verified	-	byte identity against the 192-path inventory; content not reviewed
reports/LCL_Core_0.1.0_ERRATUM_2026-09-13.md	842eb9904302f8755b680e87d65f9844dc12e4550cabd75ddd589a2e6c8e6920	reports	added (LCL-CLOSE-02)	task-deliverable	-	written by this task; content authored and checked
reports/LCL_Core_0.1.0_PROVENANCE.md	e5cf2168edc452541a192a050c31fad229905fd6b35a1e0f297583ec9c95479e	reports	none	unreviewed	-	outside the D5 review scope, or a direct caller not enumerated
reports/LCL_Core_0.1.0_RELEASE_VALIDATION.json	ffd8b90666b8868ad9e02fa82ca27ac2b7e72d01c754d62f7ea3c4b24fa09154	reports	none	unreviewed	-	outside the D5 review scope, or a direct caller not enumerated
reports/LCL_Core_0.1.0_RELEASE_VALIDATION.md	45e5236b6dffe8b9a46a339e166397ea0f21ebcf8b6cec7a930c92164abeeb91	reports	none	unreviewed	-	outside the D5 review scope, or a direct caller not enumerated
reports/LCL_Core_0.1.0_VALIDATION.json	36193a7135b28f12c15e94a0d109627df579106412d8b8534751940ee68c185f	reports	none	unreviewed	-	outside the D5 review scope, or a direct caller not enumerated
reports/LCL_Core_0.1.0_VALIDATION.md	19204309d3702e35347746a8617edbf0ff3166cccb61590e5ab1b9a3af907863	reports	none	unreviewed	-	outside the D5 review scope, or a direct caller not enumerated
reports/LCL_REPAIR_0001_FINDING_RESOLUTION.md	b921680340727dcb6767c7252f0995523d590a19a5e110f22daf2ce85106eb3f	reports	none	unreviewed	-	outside the D5 review scope, or a direct caller not enumerated
reports/completion/2026-09-05/COMPLETION_REPORT.md	10584756792725e9e99a7a5a82f3da8004f8cb3574bf96962eba49c7cf9a8c4d	reports	none	unreviewed	-	outside the D5 review scope, or a direct caller not enumerated
reports/completion/2026-09-05/archive-verification.json	ecc26f63a73f0debb43e559ce8889b3f91c2d08300143515242fec879ad63e3f	reports	none	unreviewed	-	outside the D5 review scope, or a direct caller not enumerated
reports/completion/2026-09-05/focused-checks.json	a7577cf364fb72926499120010b034ffaceb41ac9a6294a83a6aee8cc360d21f	reports	none	unreviewed	-	outside the D5 review scope, or a direct caller not enumerated
reports/completion/2026-09-05/mutation-results.json	244d8d51caee351620d8ececa1b0f3eebb2ef3c2a4b506a193e546faa6bb2f7b	reports	none	unreviewed	-	outside the D5 review scope, or a direct caller not enumerated
reports/completion/2026-09-05/preservation-check.json	76e32e0c5dbc957fb516bb96dd8f838df6e660deaa8708ada7fa39f50c1bbb9e	reports	none	unreviewed	-	outside the D5 review scope, or a direct caller not enumerated
reports/completion/2026-09-05/release-gate.json	9eebbbb21071de0e7d4e07b66f2b4d1d45839da95b4767d2a6356a8a7c7a470a	reports	none	unreviewed	-	outside the D5 review scope, or a direct caller not enumerated
reports/completion/2026-09-05/source-probes.json	928fe8e3d3755b8067be5236b5831d256712f15eadf1b6c46540fe5300dd9e9e	reports	none	unreviewed	-	outside the D5 review scope, or a direct caller not enumerated
reports/implementation/LCL_CONFORMANCE_OBLIGATIONS.md	87fa603fe9f1cb26af4f5c49d1d4c68afbe0e978b7b48cefc80ead26ead032af	reports	none	unreviewed	-	outside the D5 review scope, or a direct caller not enumerated
reports/implementation/LCL_POST_TASK_20_REPAIR_REPORT.md	2a9a96ddbb6001d0c76e7e68bae600dbabf5b51e7ffc80e064e7320585f9e428	reports	none	unreviewed	-	outside the D5 review scope, or a direct caller not enumerated
reports/implementation/LCL_RELEASE_BASELINE.md	316a4f36a6e171ea0f9c270aa8c1a727e5afd2d8dc8a2baef29f189b4d7a765d	reports	none	unreviewed	-	outside the D5 review scope, or a direct caller not enumerated
reports/implementation/LCL_RELEASE_REPORT.md	7ab763e63295a964b20fc8cf46da2e3c82fd83105902da840ad9133b344aa42a	reports	none	unreviewed	-	outside the D5 review scope, or a direct caller not enumerated
reports/implementation/LCL_RESIDUAL_REPAIR_REPORT.md	30f0335ed7a38a0cc29c9ed502c9d815938ad9568eaf2915877513b17c0ddffb	reports	changed (worktree)	changed-LCL-CLOSE-02-authored	-	changed ranges authored under reproduce-before-repair and gated; the rest of the file was not re-reviewed unless ranges are listed
reports/tasks/LCL-CLOSE-01_RESULT.md	e3c6d9e9844e313eead3541fbbdb0ab3784a76c1fb86d5ec5caf1fb159425b2d	reports	changed (LCL-CLOSE-01 commit aebb2f7)	changed-LCL-CLOSE-01	-	reviewed in LCL-CLOSE-01 (reports/tasks/LCL-CLOSE-01_RESULT.md); not re-reviewed in LCL-CLOSE-02
reports/tasks/LCL-TASK-0001_RESULT.md	f6ede0e9b0fe9d625860cc0ac6e994f8660126437768fd2ca6f7c44fd56aa3e1	reports	none	unreviewed	-	outside the D5 review scope, or a direct caller not enumerated
reports/tasks/LCL-TASK-0002_RESULT.md	15cd089cf6a1f7861874ea7ee402edb0c7ccb0e1bc175b27a897a418c8bde135	reports	none	unreviewed	-	outside the D5 review scope, or a direct caller not enumerated
reports/tasks/LCL-TASK-0003_RESULT.md	1cac5ae26023f7bd9a4a8c001eb040c490aefc27010be7586407ece6cc073f8d	reports	none	unreviewed	-	outside the D5 review scope, or a direct caller not enumerated
reports/tasks/LCL-TASK-0004_RESULT.md	8db3922ae33bce0e05b347780fc5de842252bdd19f22d6c7b814488077a1be20	reports	none	unreviewed	-	outside the D5 review scope, or a direct caller not enumerated
reports/tasks/LCL-TASK-0005_BASELINE.md	8961d0ed0f7d4dbff039ce64d5ca03ab929157bcbb67c1f162f7acde70c5fc2e	reports	none	unreviewed	-	outside the D5 review scope, or a direct caller not enumerated
reports/tasks/LCL-TASK-0005_RESULT.md	dfa696814a59d1f0e6890b106e86eb7a548012627882e59dfc20b92bc1a234bd	reports	none	unreviewed	-	outside the D5 review scope, or a direct caller not enumerated
reports/tasks/LCL-TASK-0006_BASELINE.md	a1bffd7142d644876f1ecb1d7c4913d6df0e743b943ecf712788fdedc08e0db6	reports	none	unreviewed	-	outside the D5 review scope, or a direct caller not enumerated
reports/tasks/LCL-TASK-0006_RESULT.md	944173998c55a08acc9168a1d25134d1f6f5a347c4dd6e6d546152c35fbcaff1	reports	none	unreviewed	-	outside the D5 review scope, or a direct caller not enumerated
reports/tasks/LCL-TASK-0007_BASELINE.md	08bc1b463bd0a75ce1d5f562ef08966c5000e81969d5d72f796cea32b565d41b	reports	none	unreviewed	-	outside the D5 review scope, or a direct caller not enumerated
reports/tasks/LCL-TASK-0007_RESULT.md	79a731a1ad0decd470e3d87affd146fc5ad878bf5736d1a37f6b6661658ffcf7	reports	none	unreviewed	-	outside the D5 review scope, or a direct caller not enumerated
reports/tasks/LCL-TASK-0008_RESULT.md	0a2e240307cfbe9ffa317507beb29f5eb10a6f7dc9e5533ccbb8478d88522150	reports	none	unreviewed	-	outside the D5 review scope, or a direct caller not enumerated
reports/tasks/LCL-TASK-0009_RESULT.md	9321090c510accadda48a84eff9aea6c337c5179050278d025ea3b1ac7d82d1e	reports	none	unreviewed	-	outside the D5 review scope, or a direct caller not enumerated
reports/tasks/LCL-TASK-0010_RESULT.md	c158dc5eb2dea8f155f7f3b7bc19402cd9b2506a596049bd1fcb419cb4a86b12	reports	none	unreviewed	-	outside the D5 review scope, or a direct caller not enumerated
reports/tasks/LCL-TASK-0011_TO_0016_RETROSPECTIVE_INDEX.md	9db2ad2877ad37806040c599b0f26a266c31b8540287a4248802f62f4742d679	reports	added (LCL-CLOSE-02)	task-deliverable	-	written by this task; content authored and checked
reports/tasks/LCL-TASK-0017_RESULT.md	e2d2b73e2c1f4a8b8015d7bfb77ac788792f387877cbb54a47328c4bfdd04462	reports	none	unreviewed	-	outside the D5 review scope, or a direct caller not enumerated
reports/tasks/LCL-TASK-0018_RESULT.md	914eaba9471f2edeb2e28c1586e5142340df26cc93ac0f534afdeab150809a28	reports	none	unreviewed	-	outside the D5 review scope, or a direct caller not enumerated
reports/tasks/LCL-TASK-0019_RESULT.md	2308c92071de164b69929326efe309abd4e3403b248b6e6a29d41c516420aeea	reports	none	unreviewed	-	outside the D5 review scope, or a direct caller not enumerated
reports/tasks/LCL-TASK-0020_RESULT.md	b9b146e6d24d5afdea850b329300453b231aaf7231f4019012dd4e35a88bc49b	reports	none	unreviewed	-	outside the D5 review scope, or a direct caller not enumerated
